"Rank","Word","Word in English","Happiness Score","Standard Deviation of Ratings"
"0","amor","love","8.68","0.7126"
"1","felicidad","happiness","8.6","0.833"
"2","felicidades","congratulations","8.48","0.7351"
"3","paz","peace","8.42","0.8827"
"4","jajajajajajajajaja","jajajajajajajajaja","8.42","1.0319"
"5","amar","love","8.38","0.9452"
"6","sonreir","smile","8.38","0.9452"
"7","beso","kiss","8.36","0.7217"
"8","éxito","success","8.34","0.8715"
"9","felíz","happy","8.34","0.9607"
"10","jajajajajajajajajaja","jajajajajajajajajaj","8.34","1.1359"
"11","¡feliz","Happy","8.34","1.1359"
"12","alegria","joy","8.34","1.0022"
"13","enamoré","fell","8.32","0.8676"
"14","jajajajajajaja","jajajajajajaja","8.32","1.0962"
"15","sonrisas","smiles","8.28","0.8581"
"16","sonrisa","smile","8.28","0.9697"
"17","jajajajajajajaj","jajajajajajajaj","8.28","1.0698"
"18","jajajajajajajaja","jajajajajajajaja","8.28","1.1787"
"19","enamorarse","fall in love","8.28","1.0309"
"20","jajajajajajajajajajaja","jajajajajajajajajajaja","8.26","1.3822"
"21","jajajajaja","hahaha","8.26","1.192"
"22","love","love","8.26","0.9858"
"23","friends","friends","8.26","0.9858"
"24","sonríe","smiles","8.26","0.8992"
"25","maravillosa","wonderful","8.24","0.8704"
"26","besos","kisses","8.24","1.0797"
"27","vacaciones","vacation","8.24","0.9806"
"28","enamorarme","fall in love","8.24","0.9806"
"29","Éxito","Success","8.24","1.0214"
"30","enamorados","love","8.22","0.9322"
"31","festejar","celebrate","8.22","0.864"
"32","felices","happy","8.22","1.0359"
"33","méxico","Mexico","8.22","1.2002"
"34","happy","happy","8.22","1.016"
"35","alegría","joy","8.22","1.0746"
"36","besotes","besotes","8.22","0.7365"
"37","vida","life","8.22","1.0746"
"38","excelente","excellent","8.2","0.9689"
"39","happiness","happiness","8.2","1.1249"
"40","hermosa","beautiful","8.2","0.9258"
"41","jajajjajaja","jajajjajaja","8.2","1.3997"
"42","besote","besote","8.2","1.2289"
"43","musica","music","8.2","1.088"
"44","mamá","mom","8.2","1.069"
"45","abrazote","HUG","8.18","0.9409"
"46","enamorada","love","8.18","1.207"
"47","divertido","funny","8.18","0.919"
"48","enamorado","in love","8.18","1.0631"
"49","felicitaciones","congratulations","8.18","0.919"
"50","placer","pleasure","8.16","1.0759"
"51","buenisimo","buenisimo","8.16","0.7918"
"52","feliiiz","feliiiz","8.16","1.5566"
"53","vivir","live","8.16","1.2349"
"54","amamos","love","8.16","1.0759"
"55","congratulations","congratulations","8.16","1.0568"
"56","música","music","8.16","0.9553"
"57","amarte","love","8.16","1.1669"
"58","libre","free","8.14","1.125"
"59","triunfo","triumph","8.14","1.1608"
"60","risa","laughter","8.14","0.9691"
"61","amo","owner","8.14","1.1954"
"62","jajajajjaja","jajajajjaja","8.14","1.1068"
"63","abrazos","Hugs","8.14","1.0692"
"64","risas","laughter","8.14","0.9037"
"65","¡¡feliz","Happy","8.14","1.552"
"66","madre","mother","8.14","1.325"
"67","sonreír","smile","8.12","0.9613"
"68","feliiz","feliiz","8.12","1.3346"
"69","excelentes","excellent","8.12","1.0622"
"70","navidad","Christmas","8.12","1.272"
"71","felizzzz","felizzzz","8.12","1.2395"
"72","playa","beach","8.12","1.023"
"73","alegre","cheerful","8.1","1.0738"
"74","prosperidad","prosperity","8.1","0.9313"
"75","amooor","amooor","8.1","1.6194"
"76","ajajajaja","ajajajaja","8.1","1.4321"
"77","aman","love","8.08","1.085"
"78","bella","beauty","8.08","0.8999"
"79","hermosas","beautiful","8.08","0.9655"
"80","jajajajajaj","jajajajajaj","8.08","1.2428"
"81","#feliz","# Happy","8.08","1.3377"
"82","feliz","happy","8.08","1.1753"
"83","alegrías","joys","8.08","1.2752"
"84","maravilloso","wonderful","8.06","1.0956"
"85","inteligente","intelligent","8.06","1.0184"
"86","confianza","confidence","8.06","1.0577"
"87","contento","happy","8.04","1.049"
"88","ríe","laughs","8.04","1.1599"
"89","sabiduría","wisdom","8.04","1.1421"
"90","amigos","people","8.04","1.1599"
"91","abrazar","embrace","8.04","0.832"
"92","preciosa","beautiful","8.04","1.1773"
"93","riendo","laughing","8.04","0.9681"
"94","mexico","mexico","8.04","1.293"
"95","jajajajajaa","jajajajajaa","8.02","1.5971"
"96","enamoro","fall in love","8.02","0.9998"
"97","sorpresa","surprise","8.02","1.1156"
"98","hermosos","beautiful","8.02","0.9366"
"99","regalo","gift","8.02","0.8204"
"100","besarte","kiss","8.02","1.237"
"101","imaginación","imagination","8.02","0.9581"
"102","festejando","celebrating","8.02","0.9366"
"103","besa","kisses","8.02","0.9998"
"104","kisses","kisses","8.02","1.0398"
"105","jajajajajaja","hahahahahaha","8","1.2778"
"106","corazón","heart","8","0.9476"
"107","playita","playita","8","1.1249"
"108","playas","beaches","8","1.0302"
"109","amoor","amoor","8","1.5518"
"110","felizz","felizz","8","1.4569"
"111","celebración","celebration","8","1.0302"
"112","amo♥","love ♥","8","1.7023"
"113","bellas","beautiful","8","1.1066"
"114","guapa","lovely","8","0.9897"
"115","gratis","free","8","1.1066"
"116","party","party","8","0.9897"
"117","beautiful","beautiful","7.98","1.0398"
"118","amistades","friends","7.98","0.9145"
"119","jajajaa","jajajaa","7.98","1.1865"
"120","amigo","friend","7.98","1.1516"
"121","abrazo","hug","7.98","0.9792"
"122","hermoso","beautiful","7.98","0.9366"
"123","pelicula","movie","7.98","1.02"
"124","smile","smile","7.98","1.2696"
"125","familia","family","7.98","1.1156"
"126","reír","laugh","7.96","1.261"
"127","amistad","friendship","7.96","1.1241"
"128","besar","kiss","7.96","1.3242"
"129","libertad","freedom","7.96","1.3845"
"130","abuela","grandmother","7.96","1.049"
"131","christmas","christmas","7.96","1.3087"
"132","beach","beach","7.94","1.1141"
"133","jajaja","lol","7.94","1.0184"
"134","delicious","delicious","7.94","1.0382"
"135","gracias","thanks","7.94","1.0184"
"136","regalos","gifts","7.94","1.1323"
"137","enamoran","fast","7.94","1.2191"
"138","jajajajajajaj","jajajajajajaj","7.94","1.4057"
"139","gozar","enjoy","7.94","0.9982"
"140","enamorar","love","7.94","1.0956"
"141","jajajaja","lol","7.92","1.0467"
"142","besitos","kisses","7.92","0.9223"
"143","celebrar","celebrate","7.92","1.1036"
"144","maravilla","wonder","7.92","1.2428"
"145","paradise","paradise","7.92","1.2262"
"146","bello","beautiful","7.92","1.14"
"147","delicioso","delicious","7.92","0.9223"
"148","besito","kiss","7.92","1.2095"
"149","rie","rie","7.92","1.3068"
"150","jajajajaa","jajajajaa","7.92","1.6015"
"151","abuelita","granny","7.92","1.2428"
"152","reir","laugh","7.92","1.3827"
"153","enamore","fall in love","7.92","1.066"
"154","gratuito","free","7.9","1.0738"
"155","amores","loves","7.9","1.0738"
"156","mami","Mommy","7.9","1.1112"
"157","divertida","fun","7.9","1.0546"
"158","fortuna","fortune","7.9","1.1112"
"159","naturaleza","nature","7.9","1.165"
"160","dreams","dreams","7.9","0.9313"
"161","amado","beloved","7.9","1.1294"
"162","papá","dad","7.9","1.359"
"163","inspiration","inspiration","7.9","1.1294"
"164","espectacular","spectacular","7.9","1.0926"
"165","peliculas","Movies","7.9","1.1824"
"166","amiga","female friend","7.9","1.0351"
"167","triunfos","triumphs","7.88","1.0999"
"168","pizza","pizza","7.88","1.3346"
"169","ganar","win","7.88","1.1183"
"170","kiss","kiss","7.88","1.507"
"171","bonito","nice","7.88","1.023"
"172","creatividad","creativity","7.88","1.0029"
"173","belleza","beauty","7.88","1.2229"
"174","postre","dessert","7.88","1.1891"
"175","perfect","perfect","7.86","1.3852"
"176","Éxitos","Successes","7.86","1.2456"
"177","amooooo","amooooo","7.86","1.8627"
"178","gracioso","funny","7.86","1.1068"
"179","cine","cinema","7.86","1.0304"
"180","sano","healthy","7.86","1.1608"
"181","peace","peace","7.86","1.3095"
"182","cariño","affection","7.86","0.9899"
"183","película","movie","7.86","1.143"
"184","felicitar","congratulate","7.86","1.0882"
"185","oro","gold","7.86","1.0304"
"186","¡gracias","Thank you","7.86","1.5254"
"187","abuelos","grandparents","7.86","1.0692"
"188","fiesta","party","7.86","1.143"
"189","linda","cute","7.86","1.0882"
"190","chocolate","chocolate","7.86","1.2456"
"191","bonitas","beautiful","7.86","1.1954"
"192","teamo","gor","7.84","1.6826"
"193","music","music","7.84","1.3149"
"194","amore","amore","7.84","1.3607"
"195","bondad","goodness","7.84","1.2014"
"196","loves","loves","7.84","1.2014"
"197","free","free","7.84","1.2993"
"198","ganancias","earnings","7.82","1.1008"
"199","birthday","birthday","7.82","1.2567"
"200","good","good","7.82","1.0631"
"201","enamora","love","7.82","1.1373"
"202","contenta","happy","7.82","1.1726"
"203","jajajajaj","hahaha","7.82","1.5345"
"204","ganador","winner","7.82","1.2403"
"205","sana","healthy","7.82","1.1899"
"206","optimismo","optimism","7.82","1.2887"
"207","internet","Internet","7.82","1.1726"
"208","gratitud","gratitude","7.82","1.0631"
"209","exitoso","successful","7.82","1.4384"
"210","canciones","Songs","7.82","1.0039"
"211","novios","boyfriends","7.82","1.2728"
"212","estrella","star","7.8","1.178"
"213","viernes","Friday","7.8","1.3553"
"214","fiestas","parties","7.8","1.3401"
"215","aventura","adventure","7.8","1.2778"
"216","jajajaaja","jajajaaja","7.8","1.5908"
"217","cumpleaños","birthday","7.8","1.3093"
"218","ajajajaj","ajajajaj","7.8","1.3997"
"219","flores","flowers","7.8","0.9258"
"220","felizzz","felizzz","7.8","2.0603"
"221","amooo","amooo","7.8","1.6162"
"222","amoooo","amoooo","7.8","1.6413"
"223","campeón","champion","7.8","1.3248"
"224","mar","sea","7.8","1.069"
"225","chistes","jokes","7.8","1.178"
"226","grandeza","greatness","7.8","1.0102"
"227","novia","bride","7.8","1.1952"
"228","poesía","poetry","7.78","1.0359"
"229","hahahaha","hahahaha","7.78","1.3445"
"230","campeon","champion","7.78","1.2171"
"231","precioso","beautiful","7.78","1.183"
"232","jajajajajja","jajajajajja","7.78","1.8327"
"233","mexicano","Mexican","7.78","1.3293"
"234","genial","brilliant","7.78","0.9957"
"235","concierto","concert","7.78","1.1119"
"236","hermanos","brethren","7.78","1.0554"
"237","sueños","dreams","7.78","1.4184"
"238","bonita","nice","7.78","1.183"
"239","miamor","miamor","7.78","1.5945"
"240","solidaridad","solidarity","7.78","1.2337"
"241","viajar","travel","7.78","1.3293"
"242","ajajaja","ajajaja","7.78","1.4039"
"243","simpatía","sympathy","7.78","0.9957"
"244","disfrutar","enjoy","7.78","1.1119"
"245","bailar","dance","7.76","1.2545"
"246","pretty","pretty","7.76","1.2545"
"247","juguetes","toys","7.76","1.0214"
"248","tranquilidad","tranquility","7.76","1.1704"
"249","festejos","celebrations","7.76","1.2048"
"250","positiva","positive","7.76","1.0797"
"251","soñar","dream","7.76","1.2707"
"252","fun","fun","7.76","1.6233"
"253","sexy","sexy","7.76","1.3334"
"254","guapo","handsome","7.76","1.3024"
"255","jajjajaja","jajjajaja","7.76","1.9853"
"256","mama","mamma","7.76","1.4647"
"257","riqueza","wealth","7.76","1.4786"
"258","viajes","travel","7.74","1.209"
"259","universo","universe","7.74","1.1747"
"260","luna","moon","7.74","1.2747"
"261","perfecto","perfect","7.74","1.6138"
"262","comida","food","7.74","1.3063"
"263","dulces","confectionery","7.74","1.192"
"264","satisfacción","satisfaction","7.74","1.1572"
"265","películas","movies","7.74","1.209"
"266","taco","wad","7.74","1.2586"
"267","jajajaj","jajajaj","7.74","1.4682"
"268","libertades","freedoms","7.74","1.0461"
"269","piñata","piñata","7.74","1.1214"
"270","volar","fly","7.74","1.1747"
"271","sabado","Saturday","7.72","1.0887"
"272","rock","rock","7.72","1.3559"
"273","juventud","youth","7.72","1.1613"
"274","graciaas","graciaas","7.72","1.1613"
"275","friend","friend","7.72","1.1613"
"276","sorpresas","surprises","7.72","1.1959"
"277","valiente","brave","7.72","1.1959"
"278","reí","laughed","7.72","1.3407"
"279","ajaja","Spoonbill","7.72","1.3407"
"280","gratuitos","Free","7.72","1.1613"
"281","best","best","7.72","1.2129"
"282","premios","awards","7.72","1.0506"
"283","perfecta","perfect","7.72","1.1256"
"284","armonía","harmony","7.72","1.0506"
"285","premium","premium","7.72","1.1436"
"286","geniales","great","7.72","1.3099"
"287","lindo","cute","7.72","1.0698"
"288","comedia","comedy","7.7","0.9949"
"289","papás","Dads","7.7","1.3286"
"290","bienvenido","welcome","7.7","1.1824"
"291","lindas","cute","7.7","1.0546"
"292","alegrias","joys","7.7","1.5152"
"293","amoo","amoo","7.7","1.2817"
"294","jajaaja","jajaaja","7.7","1.3286"
"295","positivas","positive","7.7","1.1473"
"296","poema","poem","7.7","1.1294"
"297","gloria","glory","7.7","1.2657"
"298","cena","dinner","7.7","1.1112"
"299","excelencia","excellence","7.7","1.6067"
"300","virtud","virtue","7.7","0.9949"
"301","juegos","games","7.68","1.019"
"302","logro","achievement","7.68","1.4348"
"303","jajajja","jajajja","7.68","1.2848"
"304","héroes","Heroes","7.68","1.3005"
"305","chiste","joke","7.68","1.1683"
"306","positivo","positive","7.68","1.3768"
"307","familias","families","7.68","1.0583"
"308","exito","success","7.68","1.7893"
"309","#felizañonuevo","# Felizañonuevo","7.68","1.6218"
"310","hermano","brother","7.68","1.3468"
"311","premio","award","7.68","1.449"
"312","tacos","taco","7.68","1.4205"
"313","baile","dance","7.68","1.1147"
"314","buenisima","buenisima","7.68","1.3005"
"315","descansar","rest","7.68","0.9134"
"316","salud","health","7.68","1.3768"
"317","hahahahah","hahahahah","7.68","1.6591"
"318","aceptado","accepted","7.68","1.2196"
"319","entretenimiento","entertainment","7.68","1.1328"
"320","hogar","home","7.68","1.2362"
"321","agradecer","thank","7.66","1.1359"
"322","bonitos","beautiful","7.66","1.1178"
"323","pastel","cake","7.66","1.2056"
"324","entusiasmo","enthusiasm","7.66","1.1713"
"325","fiel","faithful","7.66","1.423"
"326","sueña","dreams","7.66","0.9817"
"327","funny","funny","7.66","1.1537"
"328","ideal","ideal","7.66","1.0994"
"329","you♥","you ♥","7.66","1.6734"
"330","padres","Parents","7.66","1.2875"
"331","mexicana","Mexican","7.66","1.239"
"332","cantar","sing","7.66","1.239"
"333","festejo","celebration","7.66","1.2715"
"334","sol","sun","7.66","1.1537"
"335","estrellas","stars","7.66","1.2056"
"336","luz","light","7.66","1.0422"
"337","jejejejeje","jejejejeje","7.66","1.2875"
"338","brillante","bright","7.66","1.0806"
"339","inteligencia","intelligence","7.64","1.1021"
"340","canción","song","7.64","1.1563"
"341","conciertos","concerts","7.64","1.2415"
"342","disfrutando","enjoy","7.64","1.3211"
"343","árbol","tree","7.64","1.2898"
"344","agua","water","7.64","1.2898"
"345","cantando","singing","7.64","1.1563"
"346","bienestar","welfare","7.64","1.2578"
"347","esperanza","hope","7.64","1.2249"
"348","amable","friendly","7.64","1.1739"
"349","artes","arts","7.64","1.0645"
"350","querida","mistress","7.64","1.0053"
"351","jugar","play","7.64","1.0835"
"352","hahahahaha","hahahahaha","7.64","1.6507"
"353","barato","cheap","7.64","1.0254"
"354","favorita","Favorite","7.64","1.0254"
"355","encantas","encantas","7.64","1.1911"
"356","mujer","woman","7.64","1.2739"
"357","viaje","trip","7.64","1.1563"
"358","infancia","childhood","7.62","1.2271"
"359","pasión","passion","7.62","1.2271"
"360","movie","movie","7.62","1.1933"
"361","esperanzas","hopes","7.62","1.2436"
"362","welcome","welcome","7.62","1.3231"
"363","jajajaaj","jajajaaj","7.62","1.9261"
"364","admiración","admiration","7.62","1.4553"
"365","rica","rich","7.62","1.0859"
"366","amigas","friends","7.62","1.4412"
"367","hermana","sister","7.62","1.1761"
"368","tequiero","tequiero","7.62","1.5894"
"369","aprobada","approved","7.62","1.1761"
"370","jejejeje","hehehehe","7.62","1.0476"
"371","extraordinaria","extraordinary","7.62","1.3076"
"372","amas","love","7.62","1.4968"
"373","lealtad","loyalty","7.62","1.2436"
"374","increible","incredible","7.62","1.1761"
"375","abundancia","abundance","7.62","1.0859"
"376","festival","festival","7.62","1.1761"
"377","camita","cot","7.62","1.2271"
"378","bebé","baby","7.62","1.5238"
"379","emoción","emotion","7.62","1.1933"
"380","bien","well","7.62","0.9875"
"381","perfectos","perfect","7.62","1.4693"
"382","jajajajja","jajajajja","7.62","1.276"
"383","imaginar","imagine","7.62","1.276"
"384","logros","achievements","7.6","1.4142"
"385","adoro","love","7.6","1.069"
"386","verano","summer","7.6","1.3997"
"387","helado","ice","7.6","1.3093"
"388","niños","children","7.6","1.1249"
"389","soñando","dreaming","7.6","0.9035"
"390","jajjaja","jajjaja","7.6","1.5518"
"391","win","win","7.6","1.3248"
"392","cielo","sky","7.6","1.2454"
"393","jajajjaja","jajajjaja","7.6","1.8952"
"394","jaja","haha","7.6","1.2122"
"395","tqm","tqm","7.6","1.5649"
"396","fortaleza","fortress","7.6","1.1249"
"397","pareja","couple","7.6","1.178"
"398","videojuegos","game","7.6","1.4428"
"399","buena","good","7.6","1.069"
"400","artístico","artistic","7.58","1.1445"
"401","amazing","amazing","7.58","1.295"
"402","nacer","be born","7.58","1.1622"
"403","loved","loved","7.58","1.553"
"404","carnaval","carnival","7.58","1.4299"
"405","feeeliz","feeeliz","7.58","2.1198"
"406","vivo","live","7.58","1.3107"
"407","family","family","7.58","1.7034"
"408","ama","love","7.58","1.4995"
"409","hahahah","hahahah","7.58","1.4441"
"410","vive","lives","7.58","1.2631"
"411","ternura","tenderness","7.58","1.401"
"412","árboles","trees","7.58","1.0515"
"413","disfruta","enjoy","7.58","1.1622"
"414","yeah","yeah","7.58","1.3415"
"415","#happynewyear","# Happynewyear","7.58","1.7853"
"416","navidades","Christmas","7.58","1.8193"
"417","earth","earth","7.58","1.3262"
"418","músicos","musicians","7.58","1.2304"
"419","perrito","puppy","7.58","1.1622"
"420","felicito","Congratulations","7.56","1.0333"
"421","uvas","grapes","7.56","1.1095"
"422","playing","playing","7.56","1.091"
"423","exitos","successes","7.56","1.445"
"424","universidades","universities","7.56","1.2961"
"425","inteligentes","Smart","7.56","1.1457"
"426","thanks","thanks","7.56","1.0529"
"427","aventuras","Adventures","7.56","1.4868"
"428","extraordinario","extraordinary","7.56","1.3273"
"429","éxitos","successes","7.56","1.3426"
"430","calidad","quality","7.56","1.0721"
"431","amando","loving","7.56","1.3273"
"432","amiguita","girlfriend","7.56","1.2316"
"433","tesoro","treasure","7.56","1.198"
"434","feeliz","feeliz","7.56","2.1108"
"435","verdad","truth","7.56","1.1808"
"436","hahahha","hahahha","7.56","1.4868"
"437","vidaa","vidaa","7.56","1.7975"
"438","#teamo","# Gor","7.56","2.2238"
"439","paisaje","landscape","7.56","1.2643"
"440","chula","chula","7.56","1.3118"
"441","descansando","resting","7.56","1.2961"
"442","increíble","incredible","7.54","1.3126"
"443","hahahahahahaha","hahahahahahaha","7.54","1.9295"
"444","nuevo","new","7.54","1.2651"
"445","jajaa","jajaa","7.54","1.2651"
"446","sábado","Saturday","7.54","1.3126"
"447","celebra","held","7.54","1.3433"
"448","awesome","awesome","7.54","1.7049"
"449","lindos","cute","7.54","1.2969"
"450","latinoamérica","Latin America","7.54","1.1466"
"451","ganó","won","7.54","1.2969"
"452","bosques","forests","7.54","1.1287"
"453","lotería","lottery","7.54","1.5677"
"454","viva","alive","7.54","1.3734"
"455","juego","game","7.54","1.1287"
"456","bebés","Babies","7.54","1.5414"
"457","song","song","7.54","1.3433"
"458","rico","rich","7.54","1.5677"
"459","bienvenida","welcome","7.54","1.0343"
"460","encantan","love","7.54","1.0343"
"461","latinoamericanos","American","7.54","1.2488"
"462","gratuita","free","7.54","1.1466"
"463","musical","musical","7.54","1.1988"
"464","dormir","sleep","7.54","1.4458"
"465","celebrando","celebrating","7.54","1.3126"
"466","enjoy","enjoy","7.54","1.1817"
"467","parís","Paris","7.52","1.6567"
"468","fantasía","fantasy","7.52","1.1292"
"469","sí","yes","7.52","1.3589"
"470","innovación","innovation","7.52","1.015"
"471","mascotas","pets","7.52","1.4602"
"472","dulce","sweet","7.52","0.9528"
"473","life","life","7.52","1.4602"
"474","bienvenidos","welcome","7.52","0.9311"
"475","favorito","favorite","7.52","1.1993"
"476","nuevos","new","7.52","1.2656"
"477","favorite","favorite","7.52","1.4177"
"478","guapos","handsome","7.52","1.4462"
"479","mujeres","women","7.52","1.3589"
"480","próspero","prosperous","7.52","1.1822"
"481","sex","sex","7.52","1.5016"
"482","vivos","living","7.52","1.3738"
"483","millon","million","7.52","1.568"
"484","primavera","spring","7.52","1.015"
"485","viajero","traveler","7.52","1.5151"
"486","encanta","love","7.5","1.2164"
"487","agradable","nice","7.5","1.165"
"488","piscina","pool","7.5","1.1294"
"489","masajes","Massage","7.5","1.1294"
"490","hola","hello","7.5","1.165"
"491","gustar","like","7.5","1.2495"
"492","baby","baby","7.5","1.4743"
"493","favoritos","Favorites","7.5","1.1473"
"494","dormiré","sleep","7.5","1.0738"
"495","jjajaja","jjajaja","7.5","1.7173"
"496","impresionante","awesome","7.5","1.0152"
"497","querido","dear","7.5","1.165"
"498","respeto","respect","7.5","1.0546"
"499","suerte","luck","7.5","1.2495"
"500","sexo","sex","7.5","1.7409"
"501","plenitud","fullness","7.5","1.2495"
"502","animo","encourage","7.5","1.233"
"503","hope","hope","7.5","1.4463"
"504","dream","dream","7.5","1.0926"
"505","billetes","bills","7.5","1.3286"
"506","auténtico","authentic","7.5","1.0926"
"507","libremente","loosely","7.5","1.1294"
"508","home","home","7.5","1.4321"
"509","brothers","brothers","7.5","1.233"
"510","woman","woman","7.48","1.4032"
"511","libres","Free","7.48","1.3589"
"512","joven","young","7.48","1.1822"
"513","leal","loyal","7.48","1.3285"
"514","quererte","love you","7.48","1.2162"
"515","favoritas","Favorite","7.48","1.3886"
"516","champagne","champagne","7.48","1.2974"
"517","relax","relax","7.48","1.2329"
"518","princesa","princess","7.48","1.2974"
"519","hijo","son","7.48","1.3438"
"520","riquezas","wealth","7.48","1.4177"
"521","héroe","hero","7.48","1.2656"
"522","domingo","Sunday","7.48","1.5151"
"523","alimentos","food","7.48","1.313"
"524","hermanito","brother","7.48","1.4032"
"525","frutas","fruits","7.48","1.0736"
"526","millón","million","7.48","1.4177"
"527","inspiración","inspiration","7.48","1.0925"
"528","bellos","beautiful","7.48","1.2656"
"529","jjaja","jjaja","7.46","1.5012"
"530","hahaha","hahaha","7.46","1.5012"
"531","ajajja","ajajja","7.46","1.6189"
"532","creative","creative","7.46","1.2157"
"533","virtudes","virtues","7.46","1.4458"
"534","becas","scholarships","7.46","1.1817"
"535","tierna","tender","7.46","1.073"
"536","feliiiiz","feliiiiz","7.46","2.0224"
"537","verdadero","true","7.46","1.1104"
"538","perfección","perfection","7.46","1.7752"
"539","encantado","delighted","7.46","1.0539"
"540","colores","colors","7.46","1.3126"
"541","yes","yes","7.46","1.1988"
"542","sabio","wise","7.46","1.2157"
"543","milagro","miracle","7.46","1.5414"
"544","ánimo","encouragement","7.46","1.5414"
"545","youtube","youtube","7.46","1.3433"
"546","siiii","siiii","7.46","1.4028"
"547","honorable","honorable","7.46","1.2811"
"548","café","coffee","7.46","1.2324"
"549","victoria","victory","7.46","1.2811"
"550","tierra","land","7.44","1.2316"
"551","madres","mothers","7.44","1.5005"
"552","perfectamente","perfectly","7.44","1.2643"
"553","mariposas","butterflies","7.44","1.1634"
"554","jardines","grounds","7.44","1.2803"
"555","caribe","Caribbean","7.44","1.5928"
"556","aprender","learn","7.44","1.1095"
"557","descubrimiento","discovery","7.44","1.2149"
"558","mexicanos","Mexican","7.44","1.4309"
"559","energía","energy","7.44","1.0529"
"560","corazones","hearts","7.44","1.2643"
"561","rosas","roses","7.44","1.2803"
"562","hermanita","sister","7.44","1.248"
"563","chicas","girls","7.44","1.0529"
"564","tecnología","technology","7.44","1.248"
"565","agradecido","grateful","7.44","1.0134"
"566","ofertas","deals","7.44","1.2316"
"567","ganan","win","7.44","1.2643"
"568","sentimientos","feelings","7.42","1.2469"
"569","fidelidad","fidelity","7.42","1.2631"
"570","imagina","imagine","7.42","1.2304"
"571","animaciones","animations","7.42","0.9495"
"572","espectáculo","show","7.42","1.0897"
"573","tequila","tequila","7.42","1.3262"
"574","educacion","education","7.42","1.1622"
"575","miel","honey","7.42","1.012"
"576","encanto","charm","7.42","1.0708"
"577","queridos","ones","7.42","1.1622"
"578","vidas","lives","7.42","1.1445"
"579","tkm","tkm","7.42","1.6914"
"580","restaurantes","restaurants","7.42","1.2137"
"581","sweet","sweet","7.42","1.2792"
"582","mundo","world","7.42","1.4441"
"583","desayuno","breakfast","7.42","1.1796"
"584","imagine","Imagine","7.42","1.1968"
"585","ferias","fairs","7.42","1.3415"
"586","celebrado","celebrated","7.42","1.1265"
"587","sabios","wise","7.42","1.1622"
"588","valores","values","7.42","1.1968"
"589","jardín","garden","7.4","1.1066"
"590","disfruté","enjoyed","7.4","1.1066"
"591","girl","girl","7.4","1.3553"
"592","excepcional","exceptional","7.4","1.3553"
"593","limpieza","cleaning","7.4","1.3553"
"594","frutos","fruits","7.4","1.1606"
"595","disfruten","enjoy","7.4","1.2936"
"596","jejeje","lol","7.4","1.1952"
"597","muchisimo","a lot","7.4","1.3401"
"598","descuento","discount","7.4","1.3093"
"599","diosa","goddess","7.4","1.2289"
"600","artista","artist","7.4","1.088"
"601","juega","plays","7.4","1.0302"
"602","university","university","7.4","1.2289"
"603","wii","wii","7.4","1.3851"
"604","ayudar","help","7.4","1.2454"
"605","aprobado","approved","7.4","1.4846"
"606","agradezco","thank","7.4","1.1606"
"607","gusta","like","7.4","1.1606"
"608","cenando","dining","7.4","1.2122"
"609","familiar","family","7.4","1.6036"
"610","jajjaa","jajjaa","7.38","1.9576"
"611","dinero","money","7.38","1.6399"
"612","vegetación","vegetation","7.38","1.3231"
"613","universitarios","university","7.38","1.276"
"614","tecnológica","technological","7.38","1.2599"
"615","humor","humor","7.38","1.2103"
"616","ideas","Ideas","7.38","1.1409"
"617","conocimiento","knowledge","7.38","1.1229"
"618","december","december","7.38","1.6022"
"619","súper","super","7.38","1.0859"
"620","musicales","musical","7.38","1.3076"
"621","femenino","female","7.38","1.3076"
"622","gana","desire","7.38","1.4553"
"623","máximo","maximum","7.38","1.2436"
"624","maestría","mastery","7.38","1.3076"
"625","beatles","beatles","7.38","1.5894"
"626","honor","honor","7.38","1.3384"
"627","familiares","family","7.38","1.3981"
"628","matrimonio","marriage","7.38","1.4126"
"629","better","better","7.38","1.2436"
"630","señorita","Ms.","7.38","1.2436"
"631","boda","wedding","7.38","1.783"
"632","cenar","dine","7.38","1.0476"
"633","mejor","best","7.38","1.1586"
"634","útil","useful","7.38","1.0859"
"635","ganas","forward","7.38","1.1933"
"636","gane","win","7.38","1.6149"
"637","restaurante","restaurant","7.38","1.1409"
"638","sun","sun","7.38","1.2103"
"639","angeles","angels","7.38","1.2919"
"640","bañarme","bathe","7.38","1.1761"
"641","maximo","Maximum","7.38","1.276"
"642","travel","travel","7.38","1.2599"
"643","health","health","7.38","1.1761"
"644","flan","flan","7.38","1.3076"
"645","bendiciones","blessings","7.36","1.6874"
"646","cultura","culture","7.36","1.2249"
"647","palomitas","Popcorn","7.36","1.1739"
"648","ganando","gaining","7.36","1.0254"
"649","eficiente","efficient","7.36","1.3365"
"650","destacados","Highlights","7.36","1.2578"
"651","baila","dance","7.36","1.2578"
"652","aprobación","approval","7.36","1.0053"
"653","abuelo","grandfather","7.36","1.5618"
"654","ecología","ecology","7.36","1.1739"
"655","idea","idea","7.36","1.1911"
"656","mejores","top","7.36","1.1205"
"657","hahahahahaha","hahahahahaha","7.36","2.0875"
"658","cancion","song","7.36","1.3211"
"659","great","great","7.36","1.6132"
"660","saludar","greet","7.36","1.0645"
"661","flor","flower","7.36","1.0451"
"662","ideales","ideal","7.36","1.0254"
"663","soñé","dreamed","7.36","1.0254"
"664","existir","exist","7.36","1.1911"
"665","siesta","nap","7.36","1.2578"
"666","sueldo","salary","7.36","1.2249"
"667","piano","piano","7.36","1.2415"
"668","jajaaj","jajaaj","7.36","1.7233"
"669","#felizaño","# Felizaño","7.36","1.8926"
"670","prospero","prosperous","7.36","1.3962"
"671","autonomía","autonomy","7.36","1.2578"
"672","abundantes","abundant","7.36","1.1739"
"673","artística","artistic","7.36","1.2249"
"674","bosque","forest","7.36","1.2415"
"675","satisfacer","meet","7.34","1.3342"
"676","amanecer","dawn","7.34","1.239"
"677","sincero","sincere","7.34","1.239"
"678","bebe","bebe","7.34","1.493"
"679","pacífico","Pacific","7.34","1.2056"
"680","emociones","emotions","7.34","1.2056"
"681","avanzar","advance","7.34","1.0994"
"682","alegro","Glad","7.34","1.423"
"683","latinoamericana","Latin American","7.34","1.2554"
"684","cantante","singer","7.34","0.8715"
"685","niñas","girls","7.34","1.1178"
"686","metas","goals","7.34","1.2224"
"687","igualdad","equality","7.34","1.1537"
"688","bailando","dancing","7.34","1.6734"
"689","corazon","heart","7.34","1.2715"
"690","desayunando","breakfast","7.34","0.9172"
"691","arte","art","7.34","1.423"
"692","libros","books","7.34","1.239"
"693","oportunidad","opportunity","7.34","1.1359"
"694","plantas","plants","7.34","1.0422"
"695","tecnologia","technology","7.34","1.239"
"696","enseñanza","teaching","7.34","1.0616"
"697","volando","flying","7.34","1.1178"
"698","bueno","good","7.34","1.239"
"699","apoyar","support","7.34","1.0994"
"700","dibujo","drawing","7.34","1.1713"
"701","games","games","7.34","1.2056"
"702","excited","excited","7.34","1.2554"
"703","photos","photos","7.34","1.2715"
"704","hogares","homes","7.34","1.2715"
"705","juegan","play","7.34","1.1359"
"706","buenos","good","7.34","1.1886"
"707","almorzar","lunch","7.32","1.0388"
"708","unidos","united","7.32","1.2526"
"709","brother","brother","7.32","1.1856"
"710","intensamente","deeply","7.32","1.1328"
"711","dignidad","dignity","7.32","1.3768"
"712","talento","talent","7.32","1.1507"
"713","dance","dance","7.32","1.463"
"714","jugando","playing","7.32","1.1683"
"715","ajajaj","ajajaj","7.32","1.9213"
"716","alegra","happy","7.32","1.1507"
"717","admirable","admirable","7.32","1.2526"
"718","hello","hello","7.32","1.1507"
"719","hijos","offspring","7.32","1.5312"
"720","Ángel","Angel","7.32","1.6591"
"721","bebes","babies","7.32","1.5312"
"722","planeta","planet","7.32","1.3768"
"723","lograr","achieve","7.32","1.1328"
"724","agrada","like","7.32","1.0962"
"725","orgullosa","proud","7.32","1.463"
"726","desayunar","breakfast","7.32","0.9355"
"727","play","play","7.32","1.0962"
"728","padre","father","7.32","1.7195"
"729","libro","book","7.32","1.0774"
"730","duermes","sleep","7.32","1.3619"
"731","hahah","hahah","7.32","1.6343"
"732","ajjaja","ajjaja","7.3","1.3286"
"733","brindis","toast","7.3","1.3439"
"734","novio","groom","7.3","1.669"
"735","saludos","regards","7.3","1.0926"
"736","million","million","7.3","1.4178"
"737","duerme","sleep","7.3","1.359"
"738","querer","want","7.3","1.374"
"739","heart","heart","7.3","1.4743"
"740","fotografías","photographs","7.3","1.1294"
"741","computadora","computer","7.3","1.2817"
"742","liderazgo","leadership","7.3","1.233"
"743","poemas","poems","7.3","1.1995"
"744","wow","wow","7.3","1.5286"
"745","independencia","independence","7.3","1.1473"
"746","jiji","jiji","7.3","1.6067"
"747","guitarra","guitar","7.3","1.0738"
"748","nintendo","nintendo","7.3","1.4321"
"749","sorprendeme","Sorpréndeme","7.3","1.4178"
"750","nuevoooo","nuevoooo","7.3","1.7053"
"751","exelente","excellent","7.3","2.1595"
"752","fortalecimiento","strengthening","7.3","1.233"
"753","siiiiii","siiiiii","7.3","1.2817"
"754","nacimiento","birth","7.3","1.3286"
"755","simpson","simpson","7.3","1.2495"
"756","oportunidades","opportunities","7.3","1.1473"
"757","femenina","female","7.3","1.2976"
"758","cuento","story","7.3","1.2657"
"759","energia","energy","7.3","1.1294"
"760","jardin","garden","7.3","1.4178"
"761","beneficios","benefits","7.28","1.1436"
"762","simpsons","simpsons","7.28","1.7384"
"763","eficacia","effectiveness","7.28","1.2943"
"764","papi","Daddy","7.28","1.6665"
"765","girls","girls","7.28","1.4714"
"766","humanidad","humanity","7.28","1.4434"
"767","labios","lips","7.28","1.1613"
"768","gol","goal","7.28","1.5258"
"769","espiritual","spiritual","7.28","1.5784"
"770","hermanas","sisters","7.28","1.2296"
"771","danza","dance","7.28","1.2461"
"772","voluntad","will","7.28","1.0698"
"773","expedición","expedition","7.28","1.1073"
"774","ducha","shower","7.28","1.3708"
"775","nació","born","7.28","1.2296"
"776","concert","concert","7.28","1.5913"
"777","parejas","couples","7.28","1.2461"
"778","equidad","equity","7.28","1.1959"
"779","fotografía","photography","7.28","1.1787"
"780","salvar","save","7.28","1.0887"
"781","aceptar","accept","7.28","1.2461"
"782","graciass","graciass","7.28","1.6908"
"783","bodas","wedding","7.28","1.4852"
"784","manzana","apple","7.28","1.2296"
"785","atardecer","late afternoon","7.28","1.5654"
"786","color","color","7.28","1.1959"
"787","jijiji","hehehe","7.28","1.5913"
"788","show","show","7.26","1.1214"
"789","espectáculos","shows","7.26","1.2257"
"790","aire","air","7.26","1.0844"
"791","aniversario","anniversary","7.26","1.1572"
"792","like","like","7.26","1.3822"
"793","auténtica","authentic","7.26","1.1031"
"794","contigo","with you","7.26","1.0844"
"795","estrenos","premieres","7.26","1.3524"
"796","art","art","7.26","1.3969"
"797","campeonato","championship","7.26","1.2586"
"798","perfume","perfume","7.26","1.3524"
"799","angel","Angel","7.26","1.5493"
"800","jesucristo","Christ","7.26","1.9358"
"801","siiiii","siiiii","7.26","1.6264"
"802","gold","gold","7.26","1.7001"
"803","super","Super","7.26","1.2423"
"804","universitario","academic","7.26","1.192"
"805","habilidad","ability","7.26","1.1031"
"806","compartir","share","7.26","0.9858"
"807","casa","home","7.26","1.4682"
"808","compañero","mate","7.26","1.0654"
"809","interesantes","interesting","7.26","1.1572"
"810","magia","magic","7.26","1.1747"
"811","jajajjaa","jajajjaa","7.26","2.2661"
"812","whisky","whiskey","7.26","1.5754"
"813","relacion","relationship","7.26","1.482"
"814","felicidade","felicidade","7.26","1.688"
"815","especial","special","7.26","1.2747"
"816","museo","museum","7.26","1.4957"
"817","gusto","taste","7.26","1.209"
"818","holaaaa","holaaaa","7.26","1.5754"
"819","foto","photo","7.26","1.2257"
"820","soñe","Dream","7.26","1.3219"
"821","cama","bed","7.24","1.2867"
"822","progreso","progress","7.24","1.3024"
"823","crear","create","7.24","1.2382"
"824","original","original","7.24","1.2545"
"825","profesionales","Professional","7.24","1.2545"
"826","animación","animation","7.24","1.0606"
"827","ingenio","wit","7.24","1.0797"
"828","deseo","desire","7.24","1.0214"
"829","respirar","breathe","7.24","1.0797"
"830","museos","museums","7.24","1.1704"
"831","humildad","humility","7.24","1.4647"
"832","fieles","faithful","7.24","1.6606"
"833","universidad","university","7.24","1.3486"
"834","together","together","7.24","1.2545"
"835","almuerzo","lunch","7.24","0.9806"
"836","1º","1st","7.24","1.5328"
"837","jóvenes","young","7.24","1.1704"
"838","playstation","playstation","7.24","1.4223"
"839","apuesto","dapper","7.24","1.2867"
"840","cute","cute","7.24","1.2707"
"841","natural","natural","7.24","1.0606"
"842","sexualidad","sexuality","7.24","1.0214"
"843","perro","dog","7.24","1.5722"
"844","liberación","release","7.24","1.0412"
"845","tolerancia","tolerance","7.24","1.2048"
"846","aspiraciones","aspirations","7.24","1.1528"
"847","pensamientos","thinking","7.24","1.3786"
"848","holaaa","holaaa","7.24","1.6107"
"849","poética","poetics","7.22","1.2501"
"850","nueva","new","7.22","1.0746"
"851","destacar","highlight","7.22","1.2171"
"852","imaginas","imagine","7.22","1.2824"
"853","dama","lady","7.22","1.1301"
"854","valorar","assess","7.22","1.1119"
"855","dólares","dollars","7.22","1.4886"
"856","almohada","pillow","7.22","1.2337"
"857","vinos","wines","7.22","1.183"
"858","jejejej","jejejej","7.22","1.4039"
"859","adoroo","adoroo","7.22","1.5158"
"860","modelos","models","7.22","1.1657"
"861","amanece","dawns","7.22","1.2982"
"862","aplauso","applause","7.22","0.9957"
"863","leer","read","7.22","1.4184"
"864","muchísimo","lot","7.22","1.183"
"865","#añonuevo","# NewYears","7.22","1.8767"
"866","hijas","daughters","7.22","1.2002"
"867","jajaj","jajaj","7.22","1.2982"
"868","disney","disney","7.22","1.6073"
"869","conmigo","me","7.22","1.1301"
"870","divina","divine","7.22","1.3138"
"871","facilidad","ease","7.22","1.183"
"872","abundante","abundant","7.22","1.2171"
"873","spa","spa","7.22","1.4886"
"874","descansa","rests","7.2","1.3553"
"875","culturales","cultural","7.2","1.2454"
"876","tierno","tender","7.2","1.3702"
"877","méritos","merits","7.2","1.3851"
"878","feria","fair","7.2","1.3851"
"879","congrats","congrats","7.2","1.2617"
"880","diciembre","December","7.2","1.6537"
"881","#felizaño2012","# Felizaño2012","7.2","1.9272"
"882","aceptación","acceptance","7.2","1.3702"
"883","convivencia","coexistence","7.2","1.2778"
"884","modernos","Modern","7.2","1.3248"
"885","water","water","7.2","1.4846"
"886","#videogames","# Videogames","7.2","1.8183"
"887","true","true","7.2","1.2289"
"888","wikipedia","wikipedia","7.2","1.3401"
"889","correcto","correct","7.2","1.3093"
"890","ética","ethics","7.2","1.178"
"891","vanguardia","vanguard","7.2","1.2289"
"892","artistas","artists","7.2","1.2778"
"893","grandes","large","7.2","1.3553"
"894","quierooo","quierooo","7.2","1.8295"
"895","correctamente","correctly","7.2","1.2454"
"896","durmiendo","sleeping","7.2","1.3093"
"897","dios","god","7.2","1.9483"
"898","gustas","like you","7.2","1.2289"
"899","comics","comics","7.2","1.3248"
"900","adelante","forward","7.2","1.2289"
"901","aprendizaje","learning","7.2","1.4142"
"902","coche","car","7.2","1.4569"
"903","niña","girl","7.2","1.2778"
"904","verte","see","7.2","1.3093"
"905","apreciar","appreciate","7.2","1.2122"
"906","ahorro","saving","7.2","1.3997"
"907","cool","cool","7.18","1.4525"
"908","nuevoo","nuevoo","7.18","1.7692"
"909","inolvidables","unforgettable","7.18","1.2403"
"910","titulado","qualified","7.18","1.4803"
"911","millones","million","7.18","1.5739"
"912","educación","education","7.18","1.2403"
"913","pensar","think","7.18","1.32"
"914","jojojo","jojojo","7.18","1.8035"
"915","mom","mom","7.18","1.4803"
"916","payday","payday","7.18","1.8811"
"917","sentimiento","feeling","7.18","1.0631"
"918","verdadera","true","7.18","1.1192"
"919","productivo","productive","7.18","1.4941"
"920","patrimonio","heritage","7.18","1.5477"
"921","beneficio","benefit","7.18","1.1192"
"922","interesante","interesting","7.18","0.919"
"923","justicia","justice","7.18","1.5609"
"924","#feliz2012","# Feliz2012","7.18","1.7692"
"925","turística","tour","7.18","1.1551"
"926","destacado","outstanding","7.18","1.1726"
"927","quieroooo","quieroooo","7.18","1.8811"
"928","océano","ocean","7.18","1.5211"
"929","mejoramiento","improvement","7.18","1.1899"
"930","teatro","theater","7.18","1.2567"
"931","alcanzar","achieve","7.18","1.3656"
"932","cuentos","stories","7.18","1.1726"
"933","ascenso","ascent","7.18","1.5609"
"934","divino","divine","7.18","1.6622"
"935","genio","genius","7.18","1.5996"
"936","computadoras","computers","7.18","1.0631"
"937","gustan","like","7.18","1.1008"
"938","saber","know","7.18","1.207"
"939","lujo","luxury","7.18","1.5211"
"940","fácil","easy","7.18","1.1726"
"941","resuelto","resolved","7.16","1.4194"
"942","sorprende","surprising","7.16","1.1669"
"943","caballero","gentleman","7.16","1.3756"
"944","viajeros","Travelers","7.16","1.2513"
"945","jejej","jejej","7.16","1.3303"
"946","chica","girl","7.16","1.2675"
"947","gano","win","7.16","1.3456"
"948","thank","thank","7.16","1.5954"
"949","universitaria","university","7.16","1.2675"
"950","digno","worthy","7.16","1.1843"
"951","favorable","favorable","7.16","1.1314"
"952","azúcar","sugar","7.16","1.2349"
"953","higiene","hygiene","7.16","1.4896"
"954","fauna","fauna","7.16","1.2014"
"955","unido","attached","7.16","1.1669"
"956","paseo","ride","7.16","1.1843"
"957","respetar","respect","7.16","1.0373"
"958","bonos","bonds","7.16","1.2835"
"959","verdaderos","true","7.16","1.1493"
"960","comiendo","eating","7.16","1.2014"
"961","spanish","spanish","7.16","1.4049"
"962","graciias","graciias","7.16","1.8111"
"963","siii","yeah","7.16","1.8883"
"964","invento","invention","7.16","1.4479"
"965","tú","you","7.16","1.3303"
"966","sii","sii","7.16","1.6704"
"967","sabor","flavor","7.16","1.1493"
"968","jajja","jajja","7.14","1.6904"
"969","fotos","Photos","7.14","1.1068"
"970","quiero","I want","7.14","1.1068"
"971","existencia","existence","7.14","1.1608"
"972","canto","singing","7.14","1.1954"
"973","aprendí","learned","7.14","1.2124"
"974","union","junction","7.14","1.143"
"975","cafe","coffee","7.14","1.4848"
"976","valor","value","7.14","1.3554"
"977","profesional","professional","7.14","1.4287"
"978","paris","paris","7.14","1.6538"
"979","nice","nice","7.14","1.2779"
"980","book","book","7.14","1.3554"
"981","experiencia","experience","7.14","1.0882"
"982","fuerte","strong","7.14","1.0304"
"983","rapidez","rapidity","7.14","1.1608"
"984","descubrir","discover","7.14","1.143"
"985","actitud","attitude","7.14","1.2456"
"986","buenas","good","7.14","0.9691"
"987","juvenil","youth","7.14","1.143"
"988","biblioteca","library","7.14","1.6289"
"989","queso","cheese","7.14","1.1608"
"990","broma","joke","7.14","1.4429"
"991","parque","park","7.14","1.125"
"992","mejorar","improve","7.14","1.125"
"993","verdaderamente","truly","7.14","1.3554"
"994","vino","wine","7.12","1.1183"
"995","deporte","sport","7.12","1.4377"
"996","posibilidades","odds","7.12","1.0622"
"997","quieroo","quieroo","7.12","1.4377"
"998","haha","haha","7.12","1.5338"
"999","transparencia","transparency","7.12","1.1364"
"1000","dormirme","sleep","7.12","1.3944"
"1001","fácilmente","easily","7.12","1.2061"
"1002","comedor","dining room","7.12","1.2061"
"1003","suave","soft","7.12","1.1183"
"1004","nieve","snow","7.12","1.409"
"1005","elegida","chosen","7.12","1.0812"
"1006","alma","soul","7.12","1.7916"
"1007","avanzado","advanced","7.12","1.1718"
"1008","lago","lake","7.12","1.2558"
"1009","especiales","Special","7.12","1.1718"
"1010","eficiencia","efficiency","7.12","1.2879"
"1011","conocimientos","knowledge","7.12","1.3192"
"1012","cualidades","qualities","7.12","0.9613"
"1013","goles","goals","7.12","1.6117"
"1014","emocion","emotion","7.12","1.3649"
"1015","reflexión","reflection","7.12","1.2558"
"1016","intelectuales","intellectual","7.12","1.4234"
"1017","comprendido","understood","7.12","1.1718"
"1018","vuelo","flight","7.12","1.1542"
"1019","favorites","favorites","7.12","1.6616"
"1020","comer","eat","7.12","1.3346"
"1021","piernas","legs","7.12","1.2061"
"1022","humano","human","7.1","1.1995"
"1023","audi","audi","7.1","1.4463"
"1024","salsa","sauce","7.1","1.4321"
"1025","fruto","fruit","7.1","1.0738"
"1026","money","money","7.1","1.594"
"1027","peces","fish","7.1","1.2164"
"1028","desear","wish","7.1","1.233"
"1029","emprender","undertake","7.1","1.1112"
"1030","experiencias","experiences","7.1","1.1294"
"1031","casita","cottage","7.1","1.1473"
"1032","comunicación","communication","7.1","1.233"
"1033","infinito","infinite","7.1","1.7173"
"1034","saluda","Yours","7.1","1.165"
"1035","forever","forever","7.1","1.5286"
"1036","prestigio","prestige","7.1","1.5017"
"1037","chido","chido","7.1","1.5551"
"1038","fotografia","photography","7.1","1.488"
"1039","disponible","available","7.1","1.2657"
"1040","apreciación","appreciation","7.1","1.165"
"1041","activo","active","7.1","0.9949"
"1042","posible","possible","7.1","1.1112"
"1043","alimento","food","7.1","1.2657"
"1044","seguridad","security","7.1","1.5286"
"1045","cumplido","compliment","7.1","1.0152"
"1046","rei","rei","7.1","1.4463"
"1047","canada","canada","7.1","1.5017"
"1048","joyas","jewelry","7.1","1.3439"
"1049","elegido","elected","7.1","1.2657"
"1050","hija","daughter","7.1","1.4033"
"1051","soy","am","7.1","1.4321"
"1052","futuro","future","7.1","1.3439"
"1053","jazz","jazz","7.1","1.2817"
"1054","domingos","Sundays","7.1","1.6812"
"1055","regalar","give","7.1","1.1473"
"1056","xoxo","xoxo","7.1","1.3286"
"1057","wishes","wishes","7.1","1.3439"
"1058","magos","Wizards","7.1","1.3286"
"1059","estreno","premiere","7.1","1.2817"
"1060","ok","ok","7.1","1.488"
"1061","pelis","movies","7.1","1.669"
"1062","live","live","7.1","1.1995"
"1063","abue","Grandma","7.08","1.7243"
"1064","afecto","affection","7.08","1.1036"
"1065","líder","leader","7.08","1.4961"
"1066","globo","balloon","7.08","1.3223"
"1067","licenciatura","degree","7.08","1.3377"
"1068","promoción","promotion","7.08","1.122"
"1069","sobrino","nephew","7.08","1.2911"
"1070","eficaz","effective","7.08","1.0467"
"1071","enseñar","teach","7.08","1.14"
"1072","juntos","together","7.08","1.4686"
"1073","unión","union","7.08","1.2752"
"1074","internacional","international","7.08","1.2911"
"1075","rola","rola","7.08","1.3223"
"1076","independiente","independent","7.08","1.5097"
"1077","acierto","success","7.08","1.2262"
"1078","imaginate","imagine","7.08","1.2752"
"1079","whatsapp","whatsapp","7.08","1.4686"
"1080","relaciones","relations","7.08","1.3223"
"1081","tour","tour","7.08","1.2095"
"1082","fama","fame","7.08","1.6268"
"1083","game","game","7.08","1.4405"
"1084","auto","auto","7.08","1.4961"
"1085","meta","goal","7.08","1.2095"
"1086","bieeen","bieeen","7.08","1.7124"
"1087","esposa","wife","7.08","1.7004"
"1088","brindar","offer","7.08","1.2095"
"1089","autónoma","autonomous","7.08","1.14"
"1090","turístico","tourist","7.08","1.4824"
"1091","completo","full","7.08","1.3974"
"1092","moderno","modern","7.08","1.066"
"1093","literatura","literature","7.08","1.6517"
"1094","realización","realization","7.08","1.122"
"1095","international","international","7.08","1.4686"
"1096","escritores","writers","7.08","1.1925"
"1097","bañar","bathe","7.08","1.3377"
"1098","unam","unam","7.08","1.5232"
"1099","bless","bless","7.08","1.7361"
"1100","sinceramente","sincerely","7.08","1.4824"
"1101","young","young","7.08","1.2428"
"1102","amaneciendo","dawning","7.08","1.2262"
"1103","gastronomía","gastronomy","7.08","1.1036"
"1104","propósitos","purposes","7.08","1.2591"
"1105","on-line","on-line","7.08","1.2428"
"1106","pureza","purity","7.08","1.2095"
"1107","buen","good","7.08","1.2095"
"1108","carro","car","7.08","1.3529"
"1109","claridad","clarity","7.08","1.14"
"1110","poético","poetic","7.08","1.1925"
"1111","italia","Italy","7.06","1.5174"
"1112","ensalada","salad","7.06","1.2521"
"1113","aprendi","learning","7.06","1.3157"
"1114","amé","loved","7.06","2.0445"
"1115","1ro","The 1st","7.06","1.634"
"1116","logra","achieved","7.06","1.4057"
"1117","promociones","promotions","7.06","1.3614"
"1118","parques","parks","7.06","1.4626"
"1119","acapulco","acapulco","7.06","1.9421"
"1120","nuevas","news","7.06","1.0577"
"1121","cumple","meets","7.06","1.4902"
"1122","nena","baby","7.06","1.3157"
"1123","wifi","wifi","7.06","1.5703"
"1124","maletas","suitcases","7.06","1.3157"
"1125","soluciones","solutions","7.06","1.2683"
"1126","aumento","increase","7.06","1.596"
"1127","favorables","favorable","7.06","1.1141"
"1128","google","google","7.06","1.4344"
"1129","sensación","feeling","7.06","1.2683"
"1130","night","night","7.06","1.2521"
"1131","alas","wings","7.06","1.2843"
"1132","sister","sister","7.06","1.5832"
"1133","facil","easy","7.06","1.1678"
"1134","realizada","made","7.06","1.3001"
"1135","god","god","7.06","1.8889"
"1136","new","new","7.06","1.4057"
"1137","canta","sings","7.06","1.1141"
"1138","deseas","want","7.06","1.3311"
"1139","famoso","famous","7.06","1.3763"
"1140","verdaderas","true","7.06","1.0768"
"1141","crecer","grow","7.06","1.2843"
"1142","mares","seas","7.06","1.2022"
"1143","pasiones","passions","7.06","1.1141"
"1144","funciona","works","7.06","1.3614"
"1145","couple","couple","7.06","1.3763"
"1146","bendicion","blessing","7.06","2.0345"
"1147","correcta","correct","7.06","1.2191"
"1148","ritmo","rate","7.06","1.4201"
"1149","poetas","poets","7.06","1.2022"
"1150","london","london","7.04","1.4841"
"1151","importante","important","7.04","1.4136"
"1152","torta","cake","7.04","1.4422"
"1153","ciclismo","cycling","7.04","1.261"
"1154","originales","original","7.04","1.3087"
"1155","desea","want","7.04","1.1241"
"1156","bendición","blessing","7.04","1.7838"
"1157","deseos","wishes","7.04","1.4563"
"1158","pan","bread","7.04","1.3547"
"1159","dormire","dormire","7.04","1.2447"
"1160","photo","photo","7.04","1.3395"
"1161","holaa","holaa","7.04","1.4136"
"1162","1st","1st","7.04","1.8622"
"1163","compensación","compensation","7.04","1.2447"
"1164","sleep","sleep","7.04","1.4422"
"1165","decoración","decoration","7.04","1.0683"
"1166","idiomas","languages","7.04","1.1773"
"1167","uva","grape","7.04","1.0683"
"1168","vives","live","7.04","1.4702"
"1169","automóviles","cars","7.04","1.1945"
"1170","crecimiento","growth","7.04","1.261"
"1171","poeta","poet","7.04","1.1058"
"1172","goce","joy","7.04","1.4563"
"1173","orquesta","orchestra","7.04","1.293"
"1174","descanso","rest","7.04","1.2282"
"1175","cantos","songs","7.04","1.2771"
"1176","si","if","7.04","1.428"
"1177","fuerza","force","7.04","1.0093"
"1178","dicha","bliss","7.04","1.3991"
"1179","protección","protection","7.04","1.5113"
"1180","mérito","merit","7.02","1.3013"
"1181","entendi","understanding","7.02","1.1337"
"1182","entrenar","train","7.02","1.3323"
"1183","apoyo","support","7.02","1.5842"
"1184","unicef","unicef","7.02","1.5583"
"1185","tranquilo","quiet","7.02","1.1337"
"1186","productividad","productivity","7.02","1.3476"
"1187","papa","potato","7.02","1.7669"
"1188","noches","nights","7.02","1.4776"
"1189","alimentación","feeding","7.02","1.1337"
"1190","ahahaha","ahahaha","7.02","1.4913"
"1191","imagino","imagine","7.02","1.3476"
"1192","regala","gives","7.02","1.0971"
"1193","acostarse","lie","7.02","1.02"
"1194","tía","aunt","7.02","1.2534"
"1195","ambiental","environmental","7.02","1.1156"
"1196","educativa","educational","7.02","0.9792"
"1197","latina","latin","7.02","1.2856"
"1198","libertador","liberator","7.02","1.1692"
"1199","bici","bike","7.02","1.2204"
"1200","planta","plant","7.02","1.2204"
"1201","experto","expert","7.02","1.2696"
"1202","montañas","mountains","7.02","1.4497"
"1203","superar","overcome","7.02","1.4356"
"1204","leyendo","reading","7.02","1.3323"
"1205","yucatán","yucatan","7.02","1.3923"
"1206","intelectual","intellectual","7.02","1.3323"
"1207","-hola","-Hi","7.02","1.4356"
"1208","deportes","sports","7.02","1.2856"
"1209","europa","Europe","7.02","1.4637"
"1210","confiar","trust","7.02","1.1337"
"1211","euros","euros","7.02","1.2856"
"1212","monedas","coins","7.02","1.5451"
"1213","lol","lol","7","1.6903"
"1214","online","online","7","1.2778"
"1215","relación","relationship","7","1.1606"
"1216","yo","I","7","1.5386"
"1217","mejoras","improvements","7","1.1249"
"1218","film","film","7","1.3997"
"1219","cultural","cultural","7","1.2454"
"1220","dibujos","drawings","7","1.1249"
"1221","muchacha","girl","7","1.3851"
"1222","turísticos","Tourist","7","1.4142"
"1223","progresos","progress","7","1.2936"
"1224","campamento","camp","7","1.2778"
"1225","recuerdos","regards","7","1.2936"
"1226","ellas","they","7","1.2454"
"1227","naturales","natural","7","1.2289"
"1228","compatibles","compatible","7","1.178"
"1229","galería","gallery","7","1.1606"
"1230","videos","Videos","7","1.2289"
"1231","francia","France","7","1.4983"
"1232","conocí","met","7","1.4286"
"1233","américa","America","7","1.4286"
"1234","real","real","7","1.2936"
"1235","pensamiento","thought","7","1.3702"
"1236","expansión","expansion","7","1.1429"
"1237","canadá","Canada","7","1.6288"
"1238","logró","achieved","7","1.3093"
"1239","niño","child","7","1.3093"
"1240","nutrición","nutrition","7","1.0498"
"1241","safe","safe","7","1.3553"
"1242","selva","jungle","7","1.1606"
"1243","gustó","liked","7","1.4286"
"1244","compañeros","mates","7","1.3093"
"1245","importantes","important","7","1.1952"
"1246","estable","stable","7","1.3997"
"1247","campo","field","7","1.1066"
"1248","dormi","dormi","7","1.4286"
"1249","admiro","I admire","7","1.3851"
"1250","acepto","accept","6.98","1.2204"
"1251","pinturas","paintings","6.98","1.2204"
"1252","titulo","title","6.98","1.3323"
"1253","reconocimiento","recognition","6.98","1.3323"
"1254","novedad","novelty","6.98","1.1156"
"1255","humanos","human","6.98","1.3476"
"1256","nobles","nobles","6.98","1.4356"
"1257","famosa","famous","6.98","1.5583"
"1258","latino","Latin","6.98","1.3775"
"1259","naturalmente","naturally","6.98","1.1516"
"1260","ojos","eyes","6.98","1.3626"
"1261","latinoamericano","Latin American","6.98","1.4776"
"1262","moderna","modern","6.98","1.02"
"1263","saludo","greeting","6.98","1.0971"
"1264","thinking","thinking","6.98","1.237"
"1265","amen","amen","6.98","1.7899"
"1266","noble","noble","6.98","1.2696"
"1267","ventajas","advantage","6.98","1.0784"
"1268","ingresos","income","6.98","1.5185"
"1269","#elreyleon","# Elreyleon","6.98","1.672"
"1270","aceptó","accepted","6.98","1.3013"
"1271","vip","vip","6.98","1.505"
"1272","zapatos","shoes","6.98","1.7669"
"1273","fino","fine","6.98","1.1516"
"1274","clásicos","classical","6.98","1.0971"
"1275","rubia","blonde","6.98","1.4913"
"1276","pura","pure","6.98","1.1865"
"1277","justo","just","6.98","1.4213"
"1278","halloween","halloween","6.98","1.5318"
"1279","lady","Lady","6.98","1.2696"
"1280","carita","face","6.98","1.0971"
"1281","empleo","employment","6.98","1.5583"
"1282","aves","poultry","6.98","1.2534"
"1283","palacio","palace","6.98","1.1865"
"1284","songs","songs","6.98","1.4068"
"1285","mente","mind","6.96","1.1945"
"1286","buenooo","buenooo","6.96","1.5644"
"1287","turismo","tourism","6.96","1.3547"
"1288","islas","islands","6.96","1.4422"
"1289","recuerdo","memory","6.96","1.2447"
"1290","special","special","6.96","1.3696"
"1291","encuentro","meeting","6.96","1.1421"
"1292","expertos","experts","6.96","1.293"
"1293","bienes","goods","6.96","1.293"
"1294","animales","animals","6.96","1.6408"
"1295","papas","potato","6.96","1.3845"
"1296","xbox","xbox","6.96","1.6777"
"1297","privilegio","privilege","6.96","1.4702"
"1298","estabilidad","stability","6.96","1.1945"
"1299","español","Spanish","6.96","1.6898"
"1300","acostada","lying","6.96","1.293"
"1301","ahaha","ahaha","6.96","1.9791"
"1302","reflexiones","reflections","6.96","1.0683"
"1303","especialidad","specialty","6.96","1.1773"
"1304","compatible","compatible","6.96","1.3242"
"1305","ciencia","science","6.96","1.3547"
"1306","herencia","heritage","6.96","1.4136"
"1307","bmw","bmw","6.96","1.6777"
"1308","suite","suite","6.96","1.3242"
"1309","supremo","supreme","6.96","1.5774"
"1310","ipad","ipad","6.96","1.6655"
"1311","ejercicio","exercise","6.96","1.5644"
"1312","dar","give","6.96","1.4978"
"1313","evolución","evolution","6.96","1.1945"
"1314","plenamente","completely","6.96","1.3395"
"1315","estudiante","student","6.96","1.0294"
"1316","android","android","6.96","1.4978"
"1317","piensas","think","6.96","1.293"
"1318","lee","read","6.96","1.4136"
"1319","nene","baby","6.94","1.6088"
"1320","significativo","significant","6.94","1.2357"
"1321","culturas","cultures","6.94","1.3463"
"1322","resueltas","resolved","6.94","0.9564"
"1323","dinámica","dynamic","6.94","1.1502"
"1324","proteger","protect","6.94","1.2683"
"1325","universal","universal","6.94","1.2683"
"1326","productivas","productive","6.94","1.3311"
"1327","práctico","practical","6.94","1.2521"
"1328","extranjeras","foreign","6.94","1.3157"
"1329","power","power","6.94","1.3763"
"1330","estudiantes","students","6.94","1.2683"
"1331","muchas","many","6.94","1.3463"
"1332","velocidad","speed","6.94","1.2843"
"1333","capaz","able","6.94","1.0577"
"1334","jugo","juice","6.94","1.2357"
"1335","veracruz","veracruz","6.94","1.5703"
"1336","castillo","castle","6.94","1.2683"
"1337","karaoke","karaoke","6.94","1.4057"
"1338","ríos","rivers","6.94","1.3463"
"1339","escribir","write","6.94","1.2191"
"1340","montaña","mountain","6.94","1.4201"
"1341","vocación","vocation","6.94","1.2521"
"1342","accion","action","6.94","1.2022"
"1343","expresar","express","6.94","1.1141"
"1344","participar","participate","6.94","0.8901"
"1345","vídeo","video","6.94","1.4201"
"1346","arts","Arts","6.94","1.3763"
"1347","hi","hi","6.94","1.0768"
"1348","audio","audio","6.94","1.3001"
"1349","cierto","certain","6.94","1.0956"
"1350","conectada","connected","6.94","1.2521"
"1351","poderosa","powerful","6.94","1.4765"
"1352","ingreso","entry","6.94","1.3311"
"1353","chevere","chevere","6.94","1.8889"
"1354","bebidas","beverages","6.94","1.3763"
"1355","avión","plane","6.94","1.3001"
"1356","habilidades","skills","6.94","1.0956"
"1357","invitados","guests","6.94","1.1851"
"1358","salvación","salvation","6.94","1.4486"
"1359","invitado","guest","6.94","1.1502"
"1360","gracia","grace","6.94","1.2357"
"1361","vídeos","videos","6.94","1.0577"
"1362","plata","silver","6.94","0.9982"
"1363","aprovechar","use","6.94","1.1502"
"1364","diseño","design","6.92","1.2095"
"1365","modernas","modern","6.92","1.2095"
"1366","despierto","awake","6.92","1.3377"
"1367","sonido","sound","6.92","1.3529"
"1368","caballeros","gentlemen","6.92","1.5365"
"1369","librería","bookstore","6.92","1.5628"
"1370","potencial","potential","6.92","1.4405"
"1371","nosotros","us","6.92","1.14"
"1372","tenerte","have you","6.92","1.0069"
"1373","organizado","organized","6.92","1.1578"
"1374","muchoo","muchoo","6.92","1.4405"
"1375","bar","bar","6.92","1.122"
"1376","cerveza","beer","6.92","1.8165"
"1377","iphone","iphone","6.92","1.7478"
"1378","ricos","rich","6.92","1.664"
"1379","listos","ready","6.92","1.0069"
"1380","compro","buy","6.92","1.1578"
"1381","ojitos","eyes","6.92","1.122"
"1382","integridad","integrity","6.92","1.3679"
"1383","grande","large","6.92","1.1925"
"1384","antojo","whim","6.92","1.5232"
"1385","costa","coast","6.92","1.3974"
"1386","inglés","English","6.92","1.4405"
"1387","nobleza","nobility","6.92","1.5758"
"1388","people","people","6.92","1.4405"
"1389","conocerte","meet","6.92","1.066"
"1390","populares","Popular","6.92","1.3679"
"1391","sport","sport","6.92","1.3377"
"1392","asado","roast","6.92","1.2428"
"1393","compartiendo","sharing","6.92","1.027"
"1394","manejar","handle","6.92","1.3068"
"1395","radio","radio","6.92","1.14"
"1396","especializada","specialized","6.92","1.2262"
"1397","álbum","album","6.92","1.1578"
"1398","duermen","sleep","6.92","1.3223"
"1399","responsable","responsible","6.92","1.3223"
"1400","filme","film","6.92","1.3223"
"1401","incredible","incredible","6.92","1.7004"
"1402","house","house","6.92","1.5887"
"1403","escritor","writer","6.92","1.4119"
"1404","electrónicos","electronic","6.92","1.3974"
"1405","novedades","News","6.92","1.1753"
"1406","lograron","managed","6.92","1.14"
"1407","wish","wish","6.92","1.2262"
"1408","vivimos","live","6.92","1.2911"
"1409","homenaje","tribute","6.92","1.2095"
"1410","mua","mua","6.92","1.664"
"1411","diez","ten","6.92","1.4824"
"1412","dollars","dollars","6.92","1.4824"
"1413","quiere","wants","6.92","1.3974"
"1414","cerebro","brain","6.92","1.5097"
"1415","importancia","importance","6.92","1.3377"
"1416","first","first","6.92","1.5365"
"1417","afirmación","assertion","6.9","1.2657"
"1418","pintura","painting","6.9","1.359"
"1419","mucho","much","6.9","1.165"
"1420","orgánica","organic","6.9","1.0738"
"1421","ingenieros","engineers","6.9","1.6812"
"1422","bieen","bieen","6.9","1.669"
"1423","crece","grows","6.9","1.2976"
"1424","maya","Maya","6.9","1.5811"
"1425","entrenamiento","training","6.9","1.2164"
"1426","porvenir","future","6.9","1.2495"
"1427","muchísimas","many","6.9","1.2164"
"1428","mejora","improvement","6.9","1.2495"
"1429","hispano","Hispanic","6.9","1.5551"
"1430","efectiva","effective","6.9","1.233"
"1431","concurso","contest","6.9","0.9091"
"1432","opinar","say","6.9","1.1824"
"1433","limpia","cleaning","6.9","1.5811"
"1434","organizada","organized","6.9","1.1824"
"1435","deportivas","Sports","6.9","1.165"
"1436","estima","esteem","6.9","1.2495"
"1437","equilibrio","balance","6.9","1.2164"
"1438","jeje","hehe","6.9","1.0926"
"1439","volkswagen","volkswagen","6.9","1.3439"
"1440","dedicado","dedicated","6.9","1.0152"
"1441","reconocido","accepted","6.9","1.2817"
"1442","baratos","Cheap","6.9","1.4604"
"1443","twitteando","Tweeting","6.9","1.4178"
"1444","almas","souls","6.9","1.4033"
"1445","londres","London","6.9","1.6067"
"1446","vestido","dress","6.9","1.4033"
"1447","inolvidable","unforgettable","6.9","1.4321"
"1448","poderoso","powerful","6.9","1.7525"
"1449","yourself","yourself","6.9","1.4604"
"1450","segura","safe","6.9","1.1824"
"1451","espirituales","spiritual","6.9","1.4743"
"1452","california","California","6.9","1.4321"
"1453","modernidad","modernity","6.9","1.3132"
"1454","diversidad","diversity","6.9","1.2495"
"1455","tranquila","quiet","6.9","1.1112"
"1456","certeza","certainty","6.9","1.2164"
"1457","personalidad","personality","6.9","1.1473"
"1458","always","always","6.9","1.2817"
"1459","trascendencia","transcendence","6.9","1.3286"
"1460","deportivo","sports","6.9","1.3887"
"1461","ilusión","delusion","6.88","1.8366"
"1462","famosas","famous","6.88","1.7454"
"1463","oportuno","timely","6.88","1.3192"
"1464","ser","be","6.88","1.272"
"1465","solución","solution","6.88","1.2879"
"1466","pintor","painter","6.88","1.0812"
"1467","desarrollados","developed","6.88","1.1718"
"1468","efectivamente","really","6.88","1.2229"
"1469","electrónica","electronics","6.88","1.272"
"1470","cosita","thingy","6.88","1.3037"
"1471","face","face","6.88","1.2558"
"1472","muñeca","wrist","6.88","1.3498"
"1473","primero","first","6.88","1.4658"
"1474","comí","ate","6.88","0.9823"
"1475","celular","cellular","6.88","1.3346"
"1476","wireless","Wireless","6.88","1.3944"
"1477","mago","magician","6.88","1.4518"
"1478","vital","vital","6.88","1.2395"
"1479","acompañado","accompanied","6.88","1.1364"
"1480","hehehe","hehehe","6.88","1.3797"
"1481","pagado","paid","6.88","1.409"
"1482","ipod","ipod","6.88","1.6368"
"1483","easy","easy","6.88","1.507"
"1484","efectivo","cash","6.88","1.2879"
"1485","voluntarios","volunteers","6.88","1.0428"
"1486","duermo","sleep","6.88","1.1718"
"1487","justa","fair","6.88","1.1183"
"1488","skype","skype","6.88","1.3797"
"1489","casas","housing","6.88","1.2879"
"1490","bibliotecas","libraries","6.88","1.272"
"1491","discos","discs","6.88","1.409"
"1492","entendí","understood","6.88","1.0622"
"1493","open","open","6.88","1.1542"
"1494","certificación","certification","6.88","1.4234"
"1495","francesa","French","6.88","1.5205"
"1496","alternativas","alternatives","6.88","1.0999"
"1497","favorited","favorited","6.88","1.5862"
"1498","queriendo","wanting","6.88","1.2879"
"1499","caminar","walk","6.88","1.1718"
"1500","europeas","European","6.88","1.3797"
"1501","isla","island","6.88","1.409"
"1502","ilustración","illustration","6.88","1.1364"
"1503","costumbres","manners","6.88","1.1542"
"1504","galerías","galleries","6.88","1.2879"
"1505","exactamente","exactly","6.88","1.272"
"1506","comprender","understand","6.86","1.1068"
"1507","azules","Blue","6.86","1.3403"
"1508","#newyears","# Newyears","6.86","1.9274"
"1509","portátil","portable","6.86","1.05"
"1510","corona","crown","6.86","1.738"
"1511","ayude","help","6.86","1.4144"
"1512","aprende","learn","6.86","1.3704"
"1513","tokio","tokyo","6.86","1.4709"
"1514","eterno","eternal","6.86","1.6414"
"1515","jesus","jesus","6.86","1.9484"
"1516","navegar","surf","6.86","1.3704"
"1517","carrera","career","6.86","1.2938"
"1518","privilegios","privileges","6.86","1.325"
"1519","convicción","conviction","6.86","1.4429"
"1520","popular","popular","6.86","1.3554"
"1521","tío","uncle","6.86","1.1782"
"1522","ilustre","illustrious","6.86","1.0104"
"1523","everyone","everyone","6.86","1.3403"
"1524","encontré","found","6.86","1.2618"
"1525","continuidad","continuity","6.86","1.1782"
"1526","deportivos","sports","6.86","1.2291"
"1527","derechos","duty","6.86","1.3704"
"1528","brasil","Brazil","6.86","1.4287"
"1529","master","master's degree","6.86","1.457"
"1530","científicos","Scientists","6.86","1.2938"
"1531","ventaja","advantage","6.86","1.2618"
"1532","cosecha","harvest","6.86","1.2456"
"1533","lana","wool","6.86","1.4984"
"1534","noche","night","6.86","1.3403"
"1535","vivan","live","6.86","1.512"
"1536","pienso","feed","6.86","1.2291"
"1537","productiva","productive","6.86","1.3554"
"1538","autos","cars","6.86","1.2618"
"1539","cámara","camera","6.86","1.3999"
"1540","mp4","mp4","6.86","1.3852"
"1541","correr","run","6.86","1.2938"
"1542","enseña","teaches","6.86","1.125"
"1543","cuida","care","6.86","1.1954"
"1544","promesa","promise","6.86","1.0104"
"1545","jaaa","jaaa","6.86","1.5651"
"1546","filosofía","philosophy","6.84","1.6081"
"1547","estudio","study","6.84","1.2014"
"1548","aeropuerto","airport","6.84","1.0947"
"1549","beber","drink","6.84","1.6458"
"1550","mÁs","more","6.84","1.4758"
"1551","pc","pc","6.84","1.2993"
"1552","muack","muack","6.84","1.6826"
"1553","recibir","receive","6.84","1.2675"
"1554","baloncesto","basketball","6.84","1.3756"
"1555","ejercicios","training","6.84","1.2349"
"1556","peli","movie","6.84","1.4049"
"1557","bahía","bay","6.84","1.3303"
"1558","mia","mia","6.84","1.2182"
"1559","negocio","deal","6.84","1.5167"
"1560","tengo","I have","6.84","1.1843"
"1561","carreras","racing","6.84","1.2835"
"1562","curiosidades","curiosities","6.84","1.1493"
"1563","visitantes","visitors","6.84","1.1493"
"1564","lectura","reading","6.84","1.5434"
"1565","caridad","charity","6.84","1.5696"
"1566","crea","creates","6.84","1.1669"
"1567","verdes","green","6.84","1.1669"
"1568","ilusiones","delusions","6.84","1.4049"
"1569","retrato","portrait","6.84","1.1843"
"1570","leemos","read","6.84","1.3456"
"1571","deportiva","Sports","6.84","1.2835"
"1572","acostar","lay down","6.84","1.1843"
"1573","fuertes","strong","6.84","1.4337"
"1574","internacionales","international","6.84","1.2349"
"1575","donaciones","donations","6.84","1.3756"
"1576","okay","okay","6.84","1.4619"
"1577","world","world","6.84","1.3456"
"1578","conversación","conversation","6.84","1.0373"
"1579","proposito","purpose","6.84","1.4758"
"1580","gift","gift","6.84","1.7066"
"1581","coches","Car","6.84","1.3456"
"1582","dormí","slept","6.84","1.4896"
"1583","renovación","renewal","6.84","1.2349"
"1584","oaxaca","oaxaca","6.84","1.2993"
"1585","oferta","offer","6.84","1.3456"
"1586","orgulloso","proud","6.84","1.5954"
"1587","algodón","cotton","6.84","1.2675"
"1588","válidos","valid","6.84","1.0759"
"1589","sobrio","sober","6.84","1.3456"
"1590","listo","ready","6.84","1.2349"
"1591","historias","stories","6.82","1.4941"
"1592","player","player","6.82","1.5077"
"1593","vibra","vibrates","6.82","1.2887"
"1594","conocer","know","6.82","1.2403"
"1595","verde","green","6.82","1.3805"
"1596","facebook","facebook","6.82","1.7577"
"1597","mundial","world","6.82","1.2887"
"1598","ordenado","ordered","6.82","1.207"
"1599","mayas","Maya","6.82","1.3045"
"1600","mp3","mp3","6.82","1.4803"
"1601","exacto","exact","6.82","1.2403"
"1602","miami","miami","6.82","1.6249"
"1603","unico","only","6.82","1.2887"
"1604","palacios","palaces","6.82","1.4384"
"1605","momentos","moments","6.82","1.1551"
"1606","viven","live","6.82","1.2887"
"1607","gustaría","like","6.82","1.2887"
"1608","maíz","corn","6.82","1.3045"
"1609","curiosidad","curiosity","6.82","1.3045"
"1610","ligar","bind","6.82","1.2728"
"1611","e-mail","e-mail","6.82","1.1899"
"1612","todo","everything","6.82","1.2567"
"1613","rápido","fast","6.82","1.1726"
"1614","competente","competent","6.82","1.3045"
"1615","adoptar","adopt","6.82","1.1373"
"1616","profesiones","professions","6.82","1.2567"
"1617","fuerzas","forces","6.82","1.4525"
"1618","memoria","memory","6.82","1.2887"
"1619","vencer","overcome","6.82","1.746"
"1620","perla","pearl","6.82","1.3805"
"1621","tecnologías","technologies","6.82","1.3805"
"1622","digital","digital","6.82","1.2403"
"1623","espíritu","spirit","6.82","1.3354"
"1624","creador","creator","6.82","1.7343"
"1625","light","light","6.82","1.5211"
"1626","realizado","realized","6.82","1.1726"
"1627","perrita","dog","6.82","1.9866"
"1628","realizarse","performed","6.82","1.3506"
"1629","celulares","cell","6.82","1.3045"
"1630","bendiga","bless","6.82","1.6249"
"1631","inbox","inbox","6.82","1.2237"
"1632","escuchar","listen","6.82","0.9624"
"1633","trabajador","employee","6.8","1.3553"
"1634","independientes","independent","6.8","1.5386"
"1635","enciclopedia","encyclopedia","6.8","1.2289"
"1636","versos","verses","6.8","1.1952"
"1637","estética","aesthetics","6.8","1.4428"
"1638","totalmente","completely","6.8","1.2778"
"1639","conocidos","known","6.8","1.1429"
"1640","liked","liked","6.8","1.1249"
"1641","imágenes","imagery","6.8","1.4708"
"1642","precisión","precision","6.8","1.1606"
"1643","horizonte","horizon","6.8","1.4142"
"1644","acostado","lying","6.8","1.2936"
"1645","entendimiento","understanding","6.8","0.9035"
"1646","comen","eat","6.8","1.178"
"1647","cartelera","billboard","6.8","1.1429"
"1648","nubes","clouds","6.8","1.5908"
"1649","recordar","remember","6.8","1.1066"
"1650","rio","rio","6.8","1.1606"
"1651","fe","faith","6.8","1.7023"
"1652","reales","real","6.8","1.2778"
"1653","ficción","fiction","6.8","1.4428"
"1654","verdades","truths","6.8","1.4286"
"1655","iluminación","lighting","6.8","1.3401"
"1656","funcional","functional","6.8","1.1606"
"1657","respuesta","reply","6.8","1.1066"
"1658","sueldos","Salaries","6.8","1.7379"
"1659","mío","mine","6.8","1.2289"
"1660","seguro","insurance","6.8","1.1429"
"1661","alternativa","alternative","6.8","1.069"
"1662","memorias","memoirs","6.8","1.3248"
"1663","lluvia","rain","6.8","1.4286"
"1664","avanzada","Advanced","6.8","1.3553"
"1665","sostenible","sustainable","6.8","1.3401"
"1666","bicis","Bikes","6.8","1.2778"
"1667","protagonista","protagonist","6.8","1.2778"
"1668","alcanzó","reached","6.8","1.2454"
"1669","sobrina","niece","6.8","1.3851"
"1670","digitales","Digital","6.8","1.3093"
"1671","avances","advances","6.8","1.1952"
"1672","1ero","1st","6.8","1.9588"
"1673","vigor","vigor","6.8","1.4983"
"1674","parientes","kin","6.8","1.3093"
"1675","ambientales","environmental","6.8","1.4708"
"1676","humanas","human","6.8","1.1066"
"1677","muchisimas","very many","6.8","1.4428"
"1678","compromiso","commitment","6.8","1.7843"
"1679","deseando","forward","6.8","1.2617"
"1680","quebec","quebec","6.8","1.7613"
"1681","económico","economic","6.8","1.2454"
"1682","estudios","studies","6.8","1.4142"
"1683","leídos","read","6.8","1.2778"
"1684","buenoo","buenoo","6.8","1.6288"
"1685","interesa","interested","6.8","1.3401"
"1686","galeria","gallery","6.78","1.2824"
"1687","inglaterra","England","6.78","1.6073"
"1688","recuperación","recovery","6.78","1.4748"
"1689","vista","view","6.78","1.2337"
"1690","lyrics","lyrics","6.78","1.1301"
"1691","célebre","famous","6.78","1.2501"
"1692","plena","full","6.78","1.4184"
"1693","primos","cousins","6.78","1.2002"
"1694","participación","participation","6.78","1.2171"
"1695","disponibilidad","availability","6.78","1.2501"
"1696","televisión","TV","6.78","1.6817"
"1697","naranja","orange","6.78","1.2501"
"1698","salu2","salu2","6.78","1.8327"
"1699","claramente","clearly","6.78","1.148"
"1700","visitas","views","6.78","1.1301"
"1701","guadalajara","london","6.78","1.3596"
"1702","manchester","Manchester","6.78","1.5817"
"1703","yahoo","yahoo","6.78","1.5945"
"1704","viviendo","living","6.78","1.3138"
"1705","maestro","teacher","6.78","1.2982"
"1706","grecia","Greece","6.78","1.3746"
"1707","año♥","year ♥","6.78","1.5556"
"1708","completas","complete","6.78","1.3138"
"1709","desarrollar","develop","6.78","1.2171"
"1710","mirada","look","6.78","1.2664"
"1711","respira","breathe","6.78","1.3596"
"1712","sexual","sexual","6.78","1.6449"
"1713","accesibilidad","accessibility","6.78","1.2171"
"1714","unidas","together","6.78","1.2002"
"1715","queremos","we","6.78","1.2337"
"1716","porfavor","please","6.78","1.6938"
"1717","facilitar","facilitate","6.78","1.016"
"1718","compu","compu","6.78","1.3138"
"1719","estímulo","stimulus","6.78","1.2501"
"1720","activa","active","6.78","1.1301"
"1721","filosófica","philosophical","6.78","1.2664"
"1722","iniciativa","initiative","6.78","1.2337"
"1723","ps3","ps3","6.78","1.7646"
"1724","florida","Florida","6.78","1.3596"
"1725","información","information","6.78","1.3893"
"1726","madurar","mature","6.78","1.2501"
"1727","estilo","style","6.78","1.2171"
"1728","cumplir","comply","6.78","1.4327"
"1729","especialistas","specialists","6.78","1.2002"
"1730","principios","beginning","6.78","1.3138"
"1731","completos","complete","6.76","1.135"
"1732","iniciativas","initiatives","6.76","1.1877"
"1733","encontrarse","be","6.76","1.2707"
"1734","dear","dear","6.76","1.3786"
"1735","understand","understand","6.76","1.2216"
"1736","título","title","6.76","1.2867"
"1737","resolver","resolve","6.76","1.2707"
"1738","casará","marry","6.76","1.2867"
"1739","mensajes","posts","6.76","1.135"
"1740","encontre","I found","6.76","1.2382"
"1741","perdonar","forgive","6.76","1.6728"
"1742","europea","European","6.76","1.3486"
"1743","notable","notable","6.76","1.2545"
"1744","aliados","allies","6.76","1.1704"
"1745","comi","ate","6.76","1.3637"
"1746","compra","purchase","6.76","1.4078"
"1747","hotels","hotels","6.76","1.2867"
"1748","infantiles","Children","6.76","1.4507"
"1749","#flan","# Pudding","6.76","1.5722"
"1750","tradiciones","traditions","6.76","1.2382"
"1751","esencia","essence","6.76","1.2382"
"1752","lecturas","readings","6.76","1.1528"
"1753","hehe","hehe","6.76","1.318"
"1754","barco","boat","6.76","1.1877"
"1755","legítimo","legitimate","6.76","1.1168"
"1756","máxima","maxim","6.76","1.3933"
"1757","portátiles","portable","6.76","1.2867"
"1758","inversión","investment","6.76","1.7209"
"1759","filósofo","philosopher","6.76","1.3024"
"1760","retos","challenges","6.76","1.5592"
"1761","propio","own","6.76","1.0012"
"1762","australia","Australia","6.76","1.5059"
"1763","prima","premium","6.76","1.1877"
"1764","leí","read","6.76","1.2216"
"1765","famosos","famous","6.76","1.3933"
"1766","creadores","creators","6.76","1.4078"
"1767","duerma","sleep","6.76","1.2216"
"1768","arroz","rice","6.76","1.1877"
"1769","cámaras","cameras","6.76","1.3024"
"1770","tíos","uncles","6.76","1.0797"
"1771","siempre","always","6.76","1.4078"
"1772","entender","understand","6.76","1.1528"
"1773","sexuales","sex","6.76","1.5194"
"1774","cuidate","take care","6.76","1.3933"
"1775","bendito","blessed","6.76","2.026"
"1776","garantía","warranty","6.76","1.2707"
"1777","expresiones","expressions","6.76","1.2545"
"1778","consolas","consoles","6.76","1.3786"
"1779","afirmar","say","6.76","1.3024"
"1780","shop","shop","6.76","1.1877"
"1781","intentarlo","try","6.74","1.192"
"1782","primito","cousin","6.74","1.482"
"1783","mio","mio","6.74","1.3674"
"1784","ropa","clothing","6.74","1.2257"
"1785","caballos","horses","6.74","1.1214"
"1786","primas","raw","6.74","1.2257"
"1787","come","eat","6.74","1.209"
"1788","everywhere","everywhere","6.74","1.3372"
"1789","downloads","downloads","6.74","1.3219"
"1790","completa","Full","6.74","1.2423"
"1791","imagenes","images","6.74","1.2586"
"1792","único","only","6.74","1.2423"
"1793","apple","apple","6.74","1.4401"
"1794","firefox","firefox","6.74","1.3822"
"1795","modernización","modernization","6.74","1.7001"
"1796","hotmail","hotmail","6.74","1.3822"
"1797","destino","destination","6.74","1.2257"
"1798","sonidos","sounds","6.74","1.3524"
"1799","fuente","source","6.74","1.1395"
"1800","vestidos","clothes","6.74","1.4682"
"1801","tocar","touch","6.74","1.3524"
"1802","contemporáneo","contemporary","6.74","1.0654"
"1803","encontrar","find","6.74","1.0844"
"1804","chat","chat","6.74","1.4115"
"1805","agusto","agusto","6.74","1.6389"
"1806","story","story","6.74","1.2586"
"1807","documentales","documentaries","6.74","1.4115"
"1808","consciente","conscious","6.74","1.209"
"1809","performance","performance","6.74","1.3524"
"1810","computación","computing","6.74","1.2747"
"1811","lógico","logical","6.74","1.2747"
"1812","adopción","adoption","6.74","1.4115"
"1813","global","global","6.74","1.3969"
"1814","gran","great","6.74","1.0654"
"1815","onda","wave","6.74","1.192"
"1816","gustaria","like","6.74","1.3674"
"1817","determinación","determination","6.74","1.3372"
"1818","destaca","highlights","6.74","1.1572"
"1819","literario","literary","6.74","1.3219"
"1820","profesión","profession","6.74","1.1395"
"1821","movilidad","mobility","6.74","1.2747"
"1822","nuevooo","nuevooo","6.74","1.8495"
"1823","reproductor","reproductive","6.74","1.2257"
"1824","tradición","tradition","6.74","1.4682"
"1825","amplio","wide","6.74","1.3372"
"1826","primita","cousin","6.74","1.4259"
"1827","car","car","6.74","1.3674"
"1828","neuronas","neurons","6.74","1.3969"
"1829","leyenda","legend","6.74","1.3063"
"1830","eyes","eyes","6.74","1.2747"
"1831","comprensión","understanding","6.74","1.1214"
"1832","sip","sip","6.74","1.4542"
"1833","puedo","I can","6.74","1.192"
"1834","muchooo","muchooo","6.74","1.6264"
"1835","suiza","Switzerland","6.74","1.4115"
"1836","concursos","contests","6.74","1.3969"
"1837","recuperar","recover","6.74","1.209"
"1838","primo","cousin","6.72","1.1073"
"1839","album","Album","6.72","1.2129"
"1840","pijama","pajamas","6.72","1.4852"
"1841","arroyo","stream","6.72","1.3856"
"1842","alta","high","6.72","1.2623"
"1843","piensan","think","6.72","1.0698"
"1844","apetece","fancy","6.72","0.9485"
"1845","lees","read","6.72","1.2461"
"1846","encontrado","found","6.72","1.2461"
"1847","design","design","6.72","1.4148"
"1848","herederos","heirs","6.72","1.3856"
"1849","desarrollado","developed","6.72","1.3708"
"1850","download","download","6.72","1.2461"
"1851","ajaj","ajaj","6.72","1.8299"
"1852","development","development","6.72","1.3559"
"1853","rosa","pink","6.72","1.4574"
"1854","mega","mega","6.72","1.3856"
"1855","curioso","curious","6.72","0.9906"
"1856","facultad","faculty","6.72","1.4852"
"1857","roma","Rome","6.72","1.4434"
"1858","eventos","events","6.72","1.4574"
"1859","dispuesto","ready","6.72","1.2784"
"1860","dormido","asleep","6.72","1.7384"
"1861","diseños","designs","6.72","0.9485"
"1862","avance","advance","6.72","1.1073"
"1863","llegaste","came","6.72","1.3407"
"1864","primera","first","6.72","1.2623"
"1865","considerado","considered","6.72","1.1436"
"1866","green","green","6.72","1.2296"
"1867","sigueme","follow me","6.72","1.2296"
"1868","rumba","rumba","6.72","1.2461"
"1869","producir","produce","6.72","1.2784"
"1870","avatar","avatar","6.72","1.3559"
"1871","visita","visit","6.72","0.9906"
"1872","participa","participates","6.72","1.0887"
"1873","visión","view","6.72","1.1256"
"1874","distinguido","distinguished","6.72","1.2623"
"1875","rescate","rescue","6.72","1.5391"
"1876","contratar","hire","6.72","1.3407"
"1877","feel","feel","6.72","1.4852"
"1878","arreglar","fix","6.72","1.2623"
"1879","aprovecha","advantage","6.72","1.1787"
"1880","modelo","model","6.72","1.2296"
"1881","eterna","eternal","6.72","1.6542"
"1882","antropología","anthropology","6.72","1.3856"
"1883","motos","motorcycles","6.72","1.5913"
"1884","documental","documentary","6.72","1.3708"
"1885","mil","thousand","6.72","1.2623"
"1886","primeros","first","6.72","1.2623"
"1887","válido","valid","6.7","1.1294"
"1888","fomentar","foster","6.7","1.1473"
"1889","actividad","activity","6.7","1.1824"
"1890","moneda","currency","6.7","1.4743"
"1891","fresa","strawberry","6.7","1.7525"
"1892","realizar","perform","6.7","1.165"
"1893","superior","top","6.7","1.4033"
"1894","actual","present","6.7","1.1995"
"1895","potencia","power","6.7","1.3887"
"1896","park","park","6.7","1.4743"
"1897","ella","she","6.7","1.4463"
"1898","manualidades","Crafts","6.7","1.2817"
"1899","educativas","educational","6.7","1.1112"
"1900","creer","believe","6.7","1.1473"
"1901","realizados","made","6.7","1.2817"
"1902","exactitud","correctness","6.7","1.3132"
"1903","email","email","6.7","1.233"
"1904","conciencia","awareness","6.7","1.374"
"1905","sopa","soup","6.7","1.1112"
"1906","ambiente","environment","6.7","1.3439"
"1907","capacidad","capacity","6.7","1.0738"
"1908","capaces","able","6.7","1.3439"
"1909","tecnológico","technological","6.7","1.4604"
"1910","twittear","tweet","6.7","1.669"
"1911","traducciones","translations","6.7","1.165"
"1912","conectado","connected","6.7","1.0738"
"1913","masters","Masters","6.7","1.374"
"1914","leido","read","6.7","1.2657"
"1915","entiendo","understand","6.7","1.2495"
"1916","consejo","advice","6.7","1.1112"
"1917","honra","honor","6.7","1.632"
"1918","soltero","single","6.7","1.669"
"1919","euro","euro","6.7","1.2657"
"1920","proud","proud","6.7","1.6568"
"1921","convencido","convinced","6.7","1.1995"
"1922","humanidades","humanities","6.7","1.2657"
"1923","constante","constant","6.7","1.1112"
"1924","residencial","residential","6.7","1.1995"
"1925","bravo","brave","6.7","1.4463"
"1926","star","star","6.7","1.6067"
"1927","video","video","6.7","1.1995"
"1928","seno","breast","6.7","1.3887"
"1929","consejos","tips","6.7","1.1294"
"1930","bluetooth","bluetooth","6.7","1.3286"
"1931","científico","scientific","6.7","1.6194"
"1932","animal","animal","6.7","1.6194"
"1933","aeropuertos","airports","6.7","1.8544"
"1934","visitar","visit","6.7","1.1112"
"1935","acceder","log in","6.7","1.3132"
"1936","feeling","feeling","6.7","1.6444"
"1937","contactos","contacts","6.7","1.2657"
"1938","creación","creation","6.7","1.165"
"1939","podré","I can","6.7","1.3439"
"1940","humana","human","6.7","1.2164"
"1941","colabora","collaborates","6.7","1.0926"
"1942","social","social","6.7","1.2976"
"1943","extranjero","foreign","6.7","1.4033"
"1944","alianza","alliance","6.7","1.3132"
"1945","web","web","6.68","1.2196"
"1946","abierto","open","6.68","1.3161"
"1947","quieres","want","6.68","1.2688"
"1948","bed","bed","6.68","1.2848"
"1949","messenger","messenger","6.68","1.5043"
"1950","países","countries","6.68","1.463"
"1951","photoshop","photoshop","6.68","1.5312"
"1952","corre","runs","6.68","1.2196"
"1953","cooperación","cooperation","6.68","1.2362"
"1954","cumplen","meet","6.68","1.0583"
"1955","hoteles","hotels","6.68","1.2688"
"1956","vibras","vibes","6.68","1.2688"
"1957","posibilidad","possibility","6.68","1.1328"
"1958","sentir","feel","6.68","1.4769"
"1959","entenderse","be understood","6.68","1.1147"
"1960","orígenes","beginning","6.68","1.3915"
"1961","ingles","English","6.68","1.5706"
"1962","wallpapers","wallpapers","6.68","1.3316"
"1963","integración","integration","6.68","1.0962"
"1964","resuelta","resolved","6.68","1.2688"
"1965","ingeniero","engineer","6.68","1.5312"
"1966","escucha","listening","6.68","1.1507"
"1967","literarias","literary","6.68","1.3005"
"1968","cuerpo","body","6.68","1.3161"
"1969","puramente","purely","6.68","1.1147"
"1970","llegó","came","6.68","1.3619"
"1971","confirmado","confirmed","6.68","1.2196"
"1972","river","river","6.68","1.463"
"1973","rápida","Fast","6.68","1.1147"
"1974","rapido","fast","6.68","1.1507"
"1975","¿quieres","Would you","6.68","1.2848"
"1976","más","more","6.68","1.1683"
"1977","actuar","act","6.68","1.2362"
"1978","nieto","grandson","6.68","1.6468"
"1979","chingon","chingon","6.68","2.4112"
"1980","reunidos","gathered","6.68","1.2362"
"1981","inmenso","immense","6.68","1.449"
"1982","diálogo","dialogue","6.68","1.1328"
"1983","evento","event","6.68","1.3316"
"1984","Ձ01Ձ","Ձ 01 Ձ","6.66","1.4373"
"1985","espacio","space","6.66","1.3188"
"1986","intercambio","exchange","6.66","1.2875"
"1987","intensidad","intensity","6.66","1.3644"
"1988","propuestas","proposals","6.66","1.2224"
"1989","cita","quote","6.66","1.394"
"1990","berlin","berlin","6.66","1.6734"
"1991","big","big","6.66","1.3793"
"1992","japon","japan","6.66","1.5201"
"1993","france","france","6.66","1.3494"
"1994","crecí","I grew","6.66","1.1178"
"1995","provecho","advantage","6.66","1.0224"
"1996","autorizado","authorized","6.66","1.423"
"1997","quijote","Quixote","6.66","1.3793"
"1998","encuentros","encounters","6.66","1.1713"
"1999","azul","blue","6.66","1.3342"
"2000","nace","born","6.66","1.1713"
"2001","actualización","update","6.66","1.1886"
"2002","business","business","6.66","1.5334"
"2003","castellano","Castilian","6.66","1.2224"
"2004","compa","com","6.66","1.5858"
"2005","trabajadores","workers","6.66","1.1886"
"2006","terraza","terrace","6.66","1.2554"
"2007","invito","invite","6.66","1.0616"
"2008","costas","coasts","6.66","1.6364"
"2009","adecuada","adequate","6.66","1.0616"
"2010","utilidades","utilities","6.66","1.5066"
"2011","tango","tango","6.66","1.1537"
"2012","río","river","6.66","1.4792"
"2013","colaboración","collaboration","6.66","1.423"
"2014","clientes","customers","6.66","1.1713"
"2015","completamente","completely","6.66","1.3494"
"2016","dólar","dollar","6.66","1.5858"
"2017","escuchado","heard","6.66","1.3032"
"2018","especialmente","especially","6.66","1.3494"
"2019","siente","feel","6.66","1.2224"
"2020","precisa","accurate","6.66","1.2056"
"2021","apartamento","apartment","6.66","1.493"
"2022","suecia","Sweden","6.66","1.3644"
"2023","logrado","achieved","6.66","1.6364"
"2024","mtv","mtv","6.66","1.6734"
"2025","verme","me","6.66","1.1886"
"2026","acuerdos","agreements","6.66","1.4654"
"2027","histórico","historical","6.66","1.394"
"2028","entienden","understand","6.66","1.2224"
"2029","observar","observe","6.66","1.1713"
"2030","ejemplar","exemplary","6.64","1.3516"
"2031","día","day","6.64","1.2415"
"2032","utilidad","utility","6.64","1.2578"
"2033","irlanda","Ireland","6.64","1.495"
"2034","fan","fan","6.64","1.495"
"2035","lectores","audience","6.64","1.2898"
"2036","chiapas","chiapas","6.64","1.6132"
"2037","conseguido","acquired","6.64","1.3516"
"2038","paciencia","patience","6.64","1.77"
"2039","lista","list","6.64","1.4394"
"2040","visual","visual","6.64","1.1739"
"2041","puerto","port","6.64","1.3211"
"2042","académicos","academic","6.64","1.4535"
"2043","habitación","room","6.64","1.1386"
"2044","holanda","Holland","6.64","1.4535"
"2045","sony","sony","6.64","1.2898"
"2046","noviembre","November","6.64","1.5086"
"2047","escuchando","listening","6.64","1.0835"
"2048","restauración","restoration","6.64","1.1739"
"2049","francés","French","6.64","1.3365"
"2050","conservación","conservation","6.64","0.9205"
"2051","cocina","kitchen","6.64","1.5748"
"2052","quieren","want","6.64","1.3056"
"2053","vuelos","flights","6.64","1.1205"
"2054","actriz","actress","6.64","1.0835"
"2055","dragon","dragon","6.64","1.663"
"2056","honored","honored","6.64","1.6753"
"2057","activos","assets","6.64","1.2249"
"2058","seda","silk","6.64","1.3815"
"2059","semillas","seeds","6.64","1.1021"
"2060","alcanzado","reached","6.64","1.3516"
"2061","vodka","vodka","6.64","1.6383"
"2062","moda","fashion","6.64","1.4394"
"2063","ave","bird","6.64","1.4394"
"2064","actuación","performance","6.64","1.1205"
"2065","despierta","awake","6.64","1.3815"
"2066","comienzan","begin","6.64","1.2249"
"2067","completar","complete","6.64","1.2249"
"2068","gym","gym","6.64","1.4107"
"2069","apareció","appeared","6.64","1.3056"
"2070","construir","build","6.64","1.2739"
"2071","jesús","Jesus","6.64","1.77"
"2072","todoos","todoos","6.64","1.495"
"2073","esencial","essential","6.64","1.3211"
"2074","consola","console","6.64","1.5748"
"2075","jueves","Thursday","6.64","1.3516"
"2076","cristo","Christ","6.64","1.8926"
"2077","redes","networks","6.64","1.3815"
"2078","vernos","see us","6.64","1.1911"
"2079","muchachos","boys","6.64","1.3667"
"2080","tips","tips","6.64","1.0645"
"2081","actualizar","update","6.64","1.1021"
"2082","n_n","n_n","6.64","1.663"
"2083","yooo","yooo","6.64","1.663"
"2084","pronto","soon","6.64","1.0835"
"2085","residencia","residence","6.64","1.3056"
"2086","educativo","educational","6.62","1.2599"
"2087","adquirir","acquire","6.62","1.2436"
"2088","descubre","Check","6.62","1.2436"
"2089","instrumentos","tools","6.62","1.3076"
"2090","legítima","legitimate","6.62","1.1761"
"2091","compañia","company","6.62","1.276"
"2092","huerta","orchard","6.62","1.1586"
"2093","tienda","shop","6.62","1.2919"
"2094","sientes","feel","6.62","1.0669"
"2095","vivienda","dwelling","6.62","1.1045"
"2096","jaa","jaa","6.62","1.4693"
"2097","prestaciones","performance","6.62","1.3834"
"2098","piensa","think","6.62","1.3231"
"2099","blanca","White","6.62","1.4968"
"2100","king","king","6.62","1.5894"
"2101","embarazada","pregnant","6.62","1.689"
"2102","desarrollo","development","6.62","1.1761"
"2103","escucho","listen","6.62","1.0079"
"2104","city","city","6.62","1.2599"
"2105","instrumento","instrument","6.62","1.3981"
"2106","conocemos","know","6.62","1.2103"
"2107","realizadas","made","6.62","1.3231"
"2108","ordenadores","computers","6.62","1.4693"
"2109","encontraron","found","6.62","1.2919"
"2110","comprar","buy","6.62","1.2271"
"2111","constancia","constancy","6.62","1.5765"
"2112","enorme","huge","6.62","1.4693"
"2113","equipo","team","6.62","1.3231"
"2114","variedades","varieties","6.62","1.276"
"2115","continuar","continue","6.62","1.0859"
"2116","volví","returned","6.62","1.2103"
"2117","really","really","6.62","1.3686"
"2118","reunir","gather","6.62","1.1229"
"2119","pesos","weights","6.62","1.7715"
"2120","vegas","vegas","6.62","1.3231"
"2121","resolvió","resolved","6.62","1.3536"
"2122","sabia","wise","6.62","1.2103"
"2123","disco","disk","6.62","1.1045"
"2124","valle","valley","6.62","1.2599"
"2125","defensores","defenders","6.62","1.4968"
"2126","bebida","drink","6.62","1.2271"
"2127","europeos","European","6.62","1.3834"
"2128","casar","marry","6.62","1.6769"
"2129","cerca","close","6.62","1.0669"
"2130","air","air","6.62","1.3231"
"2131","patria","homeland","6.62","1.4831"
"2132","mx","mx","6.62","1.701"
"2133","lanzamiento","launch","6.62","1.0476"
"2134","eróticos","Erotic","6.62","1.9048"
"2135","actualizado","updated","6.62","1.3384"
"2136","reto","challenge","6.62","1.3981"
"2137","consiguió","got","6.62","1.1409"
"2138","wishing","wishing","6.62","1.3076"
"2139","pasé","spent","6.62","1.4412"
"2140","prevenir","prevent","6.62","1.1229"
"2141","dirigir","direct","6.62","1.4831"
"2142","1er","1st","6.62","1.4693"
"2143","única","only","6.62","1.3231"
"2144","mucha","much","6.6","1.4983"
"2145","tenis","tennis","6.6","1.1952"
"2146","lenguaje","language","6.6","1.2936"
"2147","corriendo","running","6.6","1.069"
"2148","destinos","destinations","6.6","1.1952"
"2149","salvo","except","6.6","1.2617"
"2150","austria","Austria","6.6","1.4142"
"2151","join","join","6.6","1.3702"
"2152","comparte","shares","6.6","1.3553"
"2153","futura","future","6.6","1.1249"
"2154","iniciar","start","6.6","1.1066"
"2155","negocios","business","6.6","1.2617"
"2156","escuelas","schools","6.6","1.5518"
"2157","shakira","shakira","6.6","1.8844"
"2158","acuerdo","agreement","6.6","1.1952"
"2159","vehículos","vehicles","6.6","1.2289"
"2160","todoss","todoss","6.6","1.4569"
"2161","puedes","can","6.6","1.2122"
"2162","hablar","talk","6.6","1.069"
"2163","detalle","detail","6.6","1.3093"
"2164","clásica","classical","6.6","1.3093"
"2165","touch","touch","6.6","1.1606"
"2166","japón","Japan","6.6","1.5649"
"2167","today","today","6.6","1.3093"
"2168","recomendado","recommended","6.6","1.2454"
"2169","programa","program","6.6","1.3401"
"2170","resultados","results","6.6","1.3401"
"2171","narnia","narnia","6.6","1.4708"
"2172","garantizar","guarantee","6.6","1.4569"
"2173","mac","mac","6.6","1.7496"
"2174","gala","gala","6.6","1.3401"
"2175","profundo","deep","6.6","1.3553"
"2176","comprador","buyer","6.6","1.1249"
"2177","preparado","prepared","6.6","1.2936"
"2178","venta","sale","6.6","1.3093"
"2179","multimedia","multimedia","6.6","1.1429"
"2180","inmensa","immense","6.6","1.7843"
"2181","colección","collection","6.6","1.088"
"2182","morning","morning","6.6","1.4983"
"2183","#tusiquevales","# Tusiquevales","6.6","1.9588"
"2184","luces","lights","6.6","1.088"
"2185","contratación","engagement","6.6","1.3248"
"2186","tonight","tonight","6.6","1.2289"
"2187","arquitectura","architecture","6.6","1.2289"
"2188","altas","high","6.6","1.3702"
"2189","tiendas","stores","6.6","1.1066"
"2190","disponibles","available","6.6","1.1606"
"2191","supera","exceeds","6.6","1.1606"
"2192","comunidad","community","6.6","1.1952"
"2193","recibi","received","6.6","1.1249"
"2194","ingeniería","engineering","6.6","1.3401"
"2195","aprueba","approves","6.6","1.2454"
"2196","sofá","sofa","6.6","1.1249"
"2197","cultivos","crops","6.58","1.3107"
"2198","vigente","valid","6.58","1.1445"
"2199","gustado","liked","6.58","1.0708"
"2200","especialista","specialist","6.58","1.3262"
"2201","maestros","teachers","6.58","1.4441"
"2202","conozco","know","6.58","1.1622"
"2203","growing","growing","6.58","1.1968"
"2204","ciencias","Science","6.58","1.401"
"2205","plazas","squares","6.58","1.401"
"2206","carnal","carnal","6.58","1.4155"
"2207","pude","I","6.58","1.5265"
"2208","nuestro","our","6.58","1.1968"
"2209","exclusiva","Exclusive","6.58","1.2304"
"2210","sociales","social","6.58","1.401"
"2211","chiquita","petite","6.58","1.4441"
"2212","maestra","mistress","6.58","1.2469"
"2213","campos","fields","6.58","1.3262"
"2214","empieza","begins","6.58","1.3864"
"2215","centenario","centenary","6.58","1.4155"
"2216","desempeño","performance","6.58","1.3566"
"2217","dispuestos","willing","6.58","1.1445"
"2218","programación","programming","6.58","1.401"
"2219","promover","promote","6.58","1.012"
"2220","ibiza","ibiza","6.58","1.7853"
"2221","caballo","horse","6.58","1.2304"
"2222","done","done","6.58","1.3415"
"2223","personas","people","6.58","1.295"
"2224","believe","believe","6.58","1.7034"
"2225","reunión","meeting","6.58","1.4995"
"2226","personajes","characters","6.58","1.0319"
"2227","aprovechamiento","use","6.58","1.553"
"2228","recomendamos","recommend","6.58","1.1445"
"2229","mérida","Mérida","6.58","1.2631"
"2230","principe","Prince","6.58","1.6914"
"2231","you","you","6.58","1.2304"
"2232","creado","created","6.58","1.2137"
"2233","speed","speed","6.58","1.2792"
"2234","relato","story","6.58","1.1082"
"2235","defender","defend","6.58","1.6174"
"2236","importas","cares","6.58","1.401"
"2237","lector","reader","6.58","1.1968"
"2238","masculino","male","6.58","1.3716"
"2239","cliente","customer","6.58","1.2792"
"2240","tios","guys","6.58","1.3107"
"2241","jugador","player","6.58","1.012"
"2242","móviles","mobile","6.58","1.2631"
"2243","fans","fans","6.58","1.2137"
"2244","estimado","estimated","6.58","1.3716"
"2245","arriba","up","6.58","1.3415"
"2246","futbol","football","6.58","2.0907"
"2247","activado","activated","6.58","1.012"
"2248","creando","creating","6.58","1.1796"
"2249","abierta","open","6.58","0.9495"
"2250","mensaje","message","6.58","1.0897"
"2251","rápidamente","quickly","6.58","1.2304"
"2252","listening","listening","6.58","1.295"
"2253","conoce","known","6.58","1.0897"
"2254","english","Inglés","6.58","1.7967"
"2255","permanencia","permanence","6.58","1.1622"
"2256","acción","action","6.58","1.1622"
"2257","guía","guide","6.58","1.1622"
"2258","construido","built","6.58","1.1796"
"2259","proyectos","projects","6.58","1.3566"
"2260","consentimiento","consent","6.58","1.4155"
"2261","propietario","owner","6.58","1.6299"
"2262","anoche","last night","6.58","1.3415"
"2263","rights","rights","6.58","1.2469"
"2264","despertando","awakening","6.58","1.6174"
"2265","incluidos","including","6.58","1.1622"
"2266","aumenta","increases","6.58","1.2631"
"2267","tia","tia","6.58","1.1796"
"2268","soltera","maiden","6.58","1.739"
"2269","recomendaciones","recommendations","6.58","1.0708"
"2270","poseer","have","6.58","1.1796"
"2271","todos","everyone","6.58","1.5265"
"2272","high","high","6.58","1.3864"
"2273","desarrolla","develops","6.56","1.198"
"2274","anime","anime","6.56","1.4868"
"2275","recibió","received","6.56","1.1808"
"2276","expresa","expressed","6.56","1.248"
"2277","franco","frank","6.56","1.58"
"2278","cumplimiento","fulfillment","6.56","1.6183"
"2279","fb","fb","6.56","1.473"
"2280","esposo","husband","6.56","1.7398"
"2281","ame","ame","6.56","1.9914"
"2282","leído","read","6.56","1.1634"
"2283","carros","cars","6.56","1.4868"
"2284","igualmente","equally","6.56","1.1634"
"2285","sensacion","feeling","6.56","1.5274"
"2286","sueño","dream","6.56","1.9395"
"2287","ayudan","help","6.56","0.9723"
"2288","menú","menu","6.56","1.3426"
"2289","transformación","transformation","6.56","1.5274"
"2290","hotel","hotel","6.56","1.248"
"2291","compadre","godfather","6.56","1.567"
"2292","infante","infant","6.56","1.1457"
"2293","leche","milk","6.56","1.2803"
"2294","ford","ford","6.56","1.4591"
"2295","traducción","translation","6.56","1.198"
"2296","care","care","6.56","1.3577"
"2297","movimiento","movement","6.56","1.0529"
"2298","dia","day","6.56","1.2961"
"2299","space","space","6.56","1.2316"
"2300","sencillo","simple","6.56","1.3426"
"2301","webcam","webcam","6.56","1.248"
"2302","indicado","indicated","6.56","1.198"
"2303","grax","grax","6.56","1.445"
"2304","publicaciones","publications","6.56","1.1634"
"2305","personaje","character","6.56","1.3426"
"2306","identidad","identity","6.56","1.3426"
"2307","pic","pic","6.56","1.58"
"2308","abril","April","6.56","1.0721"
"2309","tv","TV","6.56","1.2803"
"2310","pensando","thinking","6.56","1.4591"
"2311","científica","scientific","6.56","1.2961"
"2312","adele","adele","6.56","1.5539"
"2313","sanidad","health","6.56","1.2803"
"2314","followers","followers","6.56","1.3874"
"2315","príncipe","prince","6.56","1.5539"
"2316","propongo","propose","6.56","1.2149"
"2317","pasta","pasta","6.56","1.4309"
"2318","well","well","6.56","1.5928"
"2319","despertar","awakening","6.56","1.567"
"2320","responsabilidad","responsibility","6.56","1.5005"
"2321","recuerdas","remember","6.56","1.3577"
"2322","recordarme","remind","6.56","1.2643"
"2323","expresan","express","6.56","1.0721"
"2324","website","website","6.56","1.1808"
"2325","colaborar","collaborate","6.56","1.0333"
"2326","plus","bonus","6.56","1.3426"
"2327","compras","shopping","6.56","1.6922"
"2328","primer","first","6.56","1.2149"
"2329","certificado","certificate","6.56","1.514"
"2330","útiles","tools","6.56","1.2316"
"2331","obtener","obtain","6.56","1.3273"
"2332","images","images","6.56","1.1634"
"2333","enero","January","6.56","1.5274"
"2334","torneo","tournament","6.56","1.2149"
"2335","metrópoli","metropolis","6.56","1.1278"
"2336","activar","activate","6.56","1.0721"
"2337","tele","TV","6.56","1.248"
"2338","perros","Dogs","6.54","1.9817"
"2339","voz","voice","6.54","1.073"
"2340","deseamos","wish","6.54","1.1104"
"2341","todoo","todoo","6.54","1.7168"
"2342","presente","present","6.54","1.1466"
"2343","colega","colleague","6.54","1.073"
"2344","público","public","6.54","1.1287"
"2345","creemos","believe","6.54","1.1988"
"2346","margarita","daisy","6.54","1.3881"
"2347","comunicaciones","communications","6.54","1.2157"
"2348","trabajo","work","6.54","1.5012"
"2349","propios","own","6.54","1.1988"
"2350","jalisco","london","6.54","1.5806"
"2351","capacidades","capabilities","6.54","1.1104"
"2352","windows","windows","6.54","1.3433"
"2353","españa","Spain","6.54","1.5414"
"2354","vamos","we","6.54","1.1466"
"2355","considerada","considered","6.54","1.3584"
"2356","adquisiciones","acquisitions","6.54","1.3734"
"2357","afirma","says","6.54","1.0144"
"2358","empiezo","start","6.54","1.2811"
"2359","contemporánea","contemporary","6.54","1.1988"
"2360","conectados","online","6.54","1.2157"
"2361","toy","toy","6.54","1.3734"
"2362","llamar","call","6.54","1.2969"
"2363","churros","Churros","6.54","1.5677"
"2364","twitter","twitter","6.54","1.5546"
"2365","significativa","significant","6.54","1.1817"
"2366","publicación","publication","6.54","1.2811"
"2367","moto","motorbike","6.54","1.4172"
"2368","importa","matter","6.54","1.3584"
"2369","oso","bear","6.54","1.4737"
"2370","reconstrucción","reconstruction","6.54","1.1287"
"2371","móvil","mobile","6.54","1.4316"
"2372","coca-cola","coca-cola","6.54","2.3492"
"2373","aristóteles","Aristotle","6.54","1.5414"
"2374","ayudas","aid","6.54","1.2811"
"2375","acepta","accepts","6.54","0.9733"
"2376","respuestas","answers","6.54","1.0919"
"2377","imagen","image","6.54","1.2324"
"2378","democracia","democracy","6.54","1.6563"
"2379","start","start","6.54","1.3881"
"2380","únicos","only","6.54","1.5546"
"2381","escuela","school","6.54","1.6928"
"2382","unica","only","6.54","1.4458"
"2383","conocen","known","6.54","1.073"
"2384","narración","narrative","6.54","1.073"
"2385","creó","created","6.54","1.3433"
"2386","sentidos","senses","6.54","1.2324"
"2387","garantías","guarantees","6.54","0.9733"
"2388","cortés","courteous","6.54","1.4028"
"2389","porfa","porfa","6.54","1.3584"
"2390","estudiado","studied","6.54","1.5012"
"2391","poderosos","powerful","6.54","1.9505"
"2392","antigüedades","antiques","6.54","1.2969"
"2393","interesado","interested","6.54","1.2651"
"2394","born","born","6.54","1.5281"
"2395","absolutamente","absolutely","6.54","1.3734"
"2396","cursos","courses","6.54","1.4316"
"2397","november","november","6.54","1.2969"
"2398","futuros","futures","6.54","1.6563"
"2399","favor","favor","6.52","1.1471"
"2400","project","project","6.52","1.2162"
"2401","calefacción","heating","6.52","1.2162"
"2402","extranjeros","foreign","6.52","1.1292"
"2403","preciso","accurate","6.52","1.1648"
"2404","seguiré","follow","6.52","1.1648"
"2405","procesador","processor","6.52","1.4177"
"2406","trabaja","works","6.52","1.2974"
"2407","manos","hands","6.52","1.3285"
"2408","piña","pineapple","6.52","1.6932"
"2409","tardes","afternoon","6.52","1.2493"
"2410","series","series","6.52","1.5151"
"2411","empezamos","started","6.52","1.111"
"2412","entero","whole","6.52","1.2816"
"2413","médicos","medical","6.52","1.7407"
"2414","alba","dawn","6.52","1.3589"
"2415","teléfonos","phones","6.52","1.1993"
"2416","bastante","quite","6.52","1.555"
"2417","liberal","liberal","6.52","1.432"
"2418","universia","universia","6.52","1.2974"
"2419","guste","like","6.52","1.1822"
"2420","everything","everything","6.52","1.1822"
"2421","diseñado","designed","6.52","1.1648"
"2422","comes","eat","6.52","1.2656"
"2423","alojamiento","accommodation","6.52","1.4602"
"2424","propuesta","proposal","6.52","1.1471"
"2425","definitivamente","definitely","6.52","1.5151"
"2426","tenerlo","have it","6.52","1.432"
"2427","laguna","lagoon","6.52","1.2493"
"2428","estudia","studies","6.52","1.581"
"2429","científicas","scientific","6.52","1.3738"
"2430","gallery","gallery","6.52","1.0925"
"2431","persona","person","6.52","1.1822"
"2432","planificación","planning","6.52","1.2656"
"2433","cercano","close","6.52","1.015"
"2434","míos","mine","6.52","1.2816"
"2435","primeras","first","6.52","1.1648"
"2436","moviles","Mobile","6.52","1.2974"
"2437","actores","actors","6.52","1.2974"
"2438","teléfono","phone","6.52","1.0925"
"2439","permitirá","allow","6.52","1.2656"
"2440","boomerang","boomerang","6.52","1.2656"
"2441","tenor","tenor","6.52","1.1648"
"2442","desees","want","6.52","1.3285"
"2443","literaria","literary","6.52","1.2974"
"2444","muebles","furniture","6.52","1.432"
"2445","llegamos","we","6.52","1.2816"
"2446","sigue","continues","6.52","1.2162"
"2447","publicar","publish","6.52","1.0544"
"2448","hoy","today","6.52","1.3285"
"2449","profesor","teacher","6.52","1.313"
"2450","please","Please","6.52","1.432"
"2451","agregame","add me","6.52","1.2162"
"2452","recomienda","recommended","6.52","1.0544"
"2453","mayoria","most","6.52","1.3438"
"2454","janeiro","janeiro","6.52","1.4602"
"2455","quinientos","five hundred","6.52","1.432"
"2456","nuestros","our","6.52","1.2329"
"2457","mereces","deserve","6.52","1.2816"
"2458","style","style","6.52","1.0925"
"2459","ready","ready","6.52","1.4602"
"2460","creada","created","6.52","1.1471"
"2461","herramienta","tool","6.52","1.0925"
"2462","traducir","translate","6.52","1.2162"
"2463","panorama","panorama","6.52","1.1648"
"2464","ampliación","extension","6.52","1.2974"
"2465","autores","authors","6.5","1.1294"
"2466","twitteo","tweeted","6.5","1.2976"
"2467","recomendados","Recommended","6.5","1.3439"
"2468","racing","racing","6.5","1.5419"
"2469","opción","option","6.5","1.0926"
"2470","investigación","research","6.5","1.488"
"2471","nacido","born","6.5","1.1294"
"2472","guanajuato","guanajuato","6.5","1.5017"
"2473","momento","time","6.5","1.2164"
"2474","dichas","these","6.5","1.4321"
"2475","tocando","playing","6.5","1.1112"
"2476","guayabo","guava","6.5","1.233"
"2477","nokia","nokia","6.5","1.2976"
"2478","historiador","historian","6.5","1.3132"
"2479","arreglo","arrangement","6.5","1.1824"
"2480","siento","am","6.5","1.4463"
"2481","tuits","tweets","6.5","1.6194"
"2482","tio","tio","6.5","1.0738"
"2483","#believe","# Believe","6.5","1.8211"
"2484","acordar","agree","6.5","1.0926"
"2485","totalidad","entirety","6.5","1.233"
"2486","intentar","try","6.5","1.1473"
"2487","ver","see","6.5","1.1995"
"2488","enseño","teach","6.5","1.2657"
"2489","opinión","opinion","6.5","1.2817"
"2490","propositos","purposes","6.5","1.2164"
"2491","porfin","porfin","6.5","1.4321"
"2492","llena","full","6.5","1.165"
"2493","antivirus","antivirus","6.5","1.4463"
"2494","balance","balance","6.5","1.4033"
"2495","desean","wish","6.5","1.2495"
"2496","desempeñar","play","6.5","1.2495"
"2497","pago","payment","6.5","1.7525"
"2498","idioma","language","6.5","1.3439"
"2499","cultivo","cultivation","6.5","1.2657"
"2500","arena","sand","6.5","1.5152"
"2501","comenzamos","started","6.5","1.1995"
"2502","bélgica","Belgium","6.5","1.488"
"2503","boca","mouth","6.5","1.359"
"2504","guadalupe","guadalupe","6.5","1.5551"
"2505","adelantado","advanced","6.5","1.0926"
"2506","colecciones","collections","6.5","1.0738"
"2507","estilos","styles","6.5","1.3286"
"2508","razón","reason","6.5","1.3439"
"2509","bañado","bathed","6.5","1.359"
"2510","contribuir","contribute","6.5","1.359"
"2511","techo","roof","6.5","1.4178"
"2512","exacta","accurate","6.5","1.2657"
"2513","islands","islands","6.5","1.5551"
"2514","ofrecen","offer","6.5","1.1473"
"2515","tendré","I will","6.5","1.1473"
"2516","facultades","faculties","6.5","1.1824"
"2517","valorado","valued","6.5","1.359"
"2518","dedicada","dedicated","6.5","1.2976"
"2519","biggest","biggest","6.5","1.5551"
"2520","tienes","you have","6.5","1.2657"
"2521","security","security","6.5","1.488"
"2522","pases","passes","6.5","1.1995"
"2523","everybody","everybody","6.5","1.6568"
"2524","proveer","provide","6.5","1.2495"
"2525","oración","prayer","6.5","1.6194"
"2526","carrito","shopping cart","6.5","1.0351"
"2527","patriotismo","patriotism","6.5","1.6194"
"2528","cante","sing","6.5","1.2657"
"2529","decidido","decided","6.5","1.0351"
"2530","bomberos","Firefighters","6.5","1.4178"
"2531","obtiene","obtained","6.5","1.3439"
"2532","existe","there","6.5","1.0152"
"2533","racional","rational","6.5","1.3132"
"2534","read","read","6.5","1.1294"
"2535","incremento","increase","6.5","1.6194"
"2536","caminando","walking","6.5","1.0738"
"2537","conectate","login","6.5","1.2164"
"2538","acordes","chords","6.5","1.2164"
"2539","opera","operates","6.48","1.8762"
"2540","share","share","6.48","1.2329"
"2541","conducir","lead","6.48","1.1993"
"2542","pasaste","spent","6.48","1.5418"
"2543","habilitado","enabled","6.48","1.1292"
"2544","devoción","devotion","6.48","1.7756"
"2545","relevancia","relevance","6.48","1.015"
"2546","actualizaciones","updates","6.48","1.4032"
"2547","conversaciones","conversations","6.48","1.111"
"2548","fundar","found","6.48","1.3438"
"2549","educativos","educational","6.48","1.3738"
"2550","oír","hear","6.48","1.1292"
"2551","bb","bb","6.48","1.4602"
"2552","biología","biology","6.48","1.5151"
"2553","bandera","flag","6.48","1.6932"
"2554","responsables","responsible","6.48","1.7052"
"2555","sabemos","know","6.48","1.2493"
"2556","dvd","DVD","6.48","1.2329"
"2557","calificación","qualification","6.48","1.432"
"2558","nave","nave","6.48","1.3438"
"2559","interés","interest","6.48","1.5151"
"2560","rally","rally","6.48","1.2816"
"2561","madrid","Madrid","6.48","1.555"
"2562","extranjera","foreign","6.48","1.2974"
"2563","puro","pure","6.48","1.3438"
"2564","tener","have","6.48","1.111"
"2565","recibí","received","6.48","1.3589"
"2566","electrónico","electronic","6.48","1.3886"
"2567","exposición","exposure","6.48","1.4032"
"2568","obtenidos","obtained","6.48","1.1292"
"2569","trigo","wheat","6.48","1.2974"
"2570","aguas","waters","6.48","1.6567"
"2571","llamame","call me","6.48","1.0349"
"2572","recuerda","remember","6.48","0.9947"
"2573","paga","pay","6.48","1.821"
"2574","automática","Automatic","6.48","1.3438"
"2575","conocido","known","6.48","0.9311"
"2576","answer","answer","6.48","1.0544"
"2577","león","lion","6.48","1.432"
"2578","lenguas","languages","6.48","1.2656"
"2579","consideración","consideration","6.48","1.3438"
"2580","títulos","securities","6.48","1.1822"
"2581","escritura","writing","6.48","1.1822"
"2582","jojo","jojo","6.48","1.5285"
"2583","patrocinados","Sponsored","6.48","1.3589"
"2584","hits","hits","6.48","1.4177"
"2585","todas","All","6.48","1.1993"
"2586","considerados","considered","6.48","1.1471"
"2587","visible","visible","6.48","0.9528"
"2588","misión","mission","6.48","1.2974"
"2589","reino","kingdom","6.48","1.581"
"2590","adquisición","acquisition","6.48","1.2656"
"2591","seguir","follow","6.48","1.2974"
"2592","elevar","raise","6.48","1.0736"
"2593","cumplo","I meet","6.48","0.9528"
"2594","conceder","grant","6.48","1.2816"
"2595","humilde","humble","6.48","1.9508"
"2596","ja","ja","6.48","1.2493"
"2597","rostro","face","6.48","1.0925"
"2598","forestal","forest","6.48","1.2816"
"2599","marzo","March","6.48","1.2816"
"2600","jugadores","Players","6.48","1.0544"
"2601","supero","exceeded","6.48","1.3285"
"2602","servicio","service","6.48","1.1822"
"2603","vientos","winds","6.48","1.4741"
"2604","letras","letters","6.48","1.2493"
"2605","hombres","men","6.48","1.4462"
"2606","ventana","window","6.48","1.0925"
"2607","alcanza","reaches","6.48","1.1993"
"2608","asesoría","advice","6.48","1.1822"
"2609","serie","series","6.48","1.2162"
"2610","notables","Notable","6.48","1.3738"
"2611","camaras","cameras","6.48","1.313"
"2612","barcelona","Barcelona","6.48","1.5418"
"2613","guerrero","warrior","6.48","1.6443"
"2614","blancas","white","6.48","1.2493"
"2615","mirar","look","6.48","1.3589"
"2616","bares","bars","6.48","1.6443"
"2617","run","run","6.48","1.2162"
"2618","proponer","propose","6.48","1.0925"
"2619","santidad","holiness","6.48","2.1019"
"2620","cabello","hair","6.48","1.3438"
"2621","day","day","6.48","1.313"
"2622","abiertas","open","6.48","1.1471"
"2623","llamada","call","6.48","1.0736"
"2624","generar","generate","6.46","1.2651"
"2625","already","Already","6.46","1.2811"
"2626","escribiendo","writing","6.46","1.2811"
"2627","tod@s","tod @ s","6.46","1.6315"
"2628","aplicado","applied","6.46","1.2651"
"2629","noruega","Norway","6.46","1.3433"
"2630","sagrada","sacred","6.46","1.4172"
"2631","tenemos","have","6.46","1.2651"
"2632","remember","remember","6.46","0.8855"
"2633","obra","work","6.46","1.3433"
"2634","rey","king","6.46","1.8429"
"2635","generación","generation","6.46","1.1817"
"2636","renacimiento","revival","6.46","1.4028"
"2637","encontró","found","6.46","1.1643"
"2638","terminando","ending","6.46","1.3584"
"2639","acciones","actions","6.46","1.1817"
"2640","andamos","walk","6.46","1.2488"
"2641","ampliamente","amply","6.46","0.8855"
"2642","nuestra","our","6.46","0.9733"
"2643","blackberry","blackberry","6.46","1.5546"
"2644","hombre","man","6.46","1.3584"
"2645","varones","Males","6.46","1.2488"
"2646","instalado","installed","6.46","1.1988"
"2647","correspondencia","correspondence","6.46","1.1988"
"2648","toyota","toyota","6.46","1.328"
"2649","asociaciones","associations","6.46","1.2969"
"2650","ampliar","enlarge","6.46","0.9733"
"2651","económicos","economic","6.46","1.5677"
"2652","alemana","German","6.46","1.4737"
"2653","obtenido","obtained","6.46","1.073"
"2654","podemos","can","6.46","1.1988"
"2655","tu","your","6.46","1.4458"
"2656","ceremonia","ceremony","6.46","1.3584"
"2657","coro","choir","6.46","1.1817"
"2658","garantiza","guarantees","6.46","1.2324"
"2659","recetas","recipes","6.46","1.1466"
"2660","reproducción","reproduction","6.46","1.5806"
"2661","reuniones","meetings","6.46","1.328"
"2662","académico","academic","6.46","1.328"
"2663","biien","biien","6.46","1.9919"
"2664","honda","sling","6.46","1.5806"
"2665","correos","post","6.46","1.2488"
"2666","académica","academics","6.46","1.1643"
"2667","iguales","equal","6.46","1.5677"
"2668","look","look","6.46","1.2488"
"2669","campus","campus","6.46","1.1988"
"2670","continúa","continues","6.46","1.0539"
"2671","departamento","department","6.46","1.328"
"2672","cubana","Cuban","6.46","1.3881"
"2673","equipos","hardware","6.46","0.9733"
"2674","brindo","I offer","6.46","1.2651"
"2675","powered","powered","6.46","1.1643"
"2676","jaj","jaj","6.46","1.6315"
"2677","colegios","schools","6.46","1.3126"
"2678","elegir","choose","6.46","1.328"
"2679","exploración","exploration","6.46","1.2324"
"2680","cumplan","meet","6.46","1.1643"
"2681","japoneses","Japanese","6.46","1.5414"
"2682","pantalla","screen","6.46","1.4028"
"2683","pacto","pact","6.46","1.1287"
"2684","objetivo","target","6.46","1.1643"
"2685","alemania","Germany","6.46","1.6807"
"2686","profundamente","deeply","6.46","1.2811"
"2687","school","school","6.46","1.5012"
"2688","cuidar","care","6.46","1.3126"
"2689","community","community","6.46","1.1466"
"2690","prudencia","prudence","6.44","1.2149"
"2691","menu","menu","6.44","1.4309"
"2692","nissan","nissan","6.44","1.473"
"2693","ingresar","sign in","6.44","1.0721"
"2694","europeo","European","6.44","1.3118"
"2695","top","top","6.44","1.6801"
"2696","apartamentos","apartments","6.44","1.2643"
"2697","enteramente","entirely","6.44","1.2961"
"2698","buy","buy","6.44","1.2149"
"2699","viena","vienna","6.44","1.3874"
"2700","webs","Websites","6.44","1.3426"
"2701","andrea","andrea","6.44","1.4309"
"2702","contemporáneos","contemporary","6.44","1.1278"
"2703","ranking","ranking","6.44","1.3426"
"2704","body","body","6.44","1.2149"
"2705","realistas","realistic","6.44","1.4591"
"2706","actor","actor","6.44","1.1808"
"2707","íntima","intimate","6.44","1.2149"
"2708","importan","matter","6.44","1.1457"
"2709","ordenador","computer","6.44","1.5539"
"2710","conocida","known","6.44","1.198"
"2711","país","country","6.44","1.4309"
"2712","literarios","literary","6.44","1.473"
"2713","resultó","was","6.44","1.4309"
"2714","proyecto","project","6.44","1.0721"
"2715","peugeot","peugeot","6.44","1.4591"
"2716","historiadores","Historians","6.44","1.3118"
"2717","otorga","grants","6.44","1.0721"
"2718","historia","history","6.44","1.6308"
"2719","preferencia","preference","6.44","1.3726"
"2720","creas","Believe","6.44","1.1634"
"2721","manejo","management","6.44","1.2316"
"2722","nochee","nochee","6.44","1.8088"
"2723","idolo","idol","6.44","1.3577"
"2724","santa","St.","6.44","1.9077"
"2725","defensor","defender","6.44","1.473"
"2726","babe","babe","6.44","1.567"
"2727","piel","skin","6.44","1.0721"
"2728","days","days","6.44","1.198"
"2729","ídolo","idol","6.44","1.8201"
"2730","barcos","shipping","6.44","1.3726"
"2731","believing","believing","6.44","1.473"
"2732","accesorios","accessories","6.44","1.2149"
"2733","valles","valleys","6.44","1.2961"
"2734","vehiculos","vehicles","6.44","1.3874"
"2735","cerámica","ceramics","6.44","1.198"
"2736","conseguir","get","6.44","1.1095"
"2737","española","Spanish","6.44","1.5407"
"2738","razon","reason","6.44","1.248"
"2739","permitido","permitted","6.44","1.248"
"2740","realmente","really","6.44","1.198"
"2741","club","club","6.44","1.3874"
"2742","permanecer","remain","6.42","1.1796"
"2743","dedica","dedicated","6.42","0.9495"
"2744","recomiendo","recommend","6.42","1.012"
"2745","contribución","contribution","6.42","1.2469"
"2746","realiza","performed","6.42","1.2137"
"2747","entrar","enter","6.42","1.1082"
"2748","pantalones","pants","6.42","1.1622"
"2749","descargar","download","6.42","1.2469"
"2750","poderes","powers","6.42","1.3415"
"2751","sms","sms","6.42","1.1622"
"2752","mayo","May","6.42","1.3864"
"2753","sound","sound","6.42","1.5919"
"2754","estrategia","strategy","6.42","1.2792"
"2755","veo","see","6.42","1.0708"
"2756","abrir","open","6.42","1.1968"
"2757","autor","author","6.42","1.1968"
"2758","language","language","6.42","1.3107"
"2759","perdona","forgives","6.42","2.0212"
"2760","informaciÓn","Information","6.42","1.2137"
"2761","recordando","remembering","6.42","1.3415"
"2762","originalmente","originally","6.42","1.295"
"2763","alumno","student","6.42","1.2137"
"2764","llegada","arrival","6.42","1.1622"
"2765","muy","very","6.42","1.4581"
"2766","exclusivo","exclusive","6.42","1.7154"
"2767","obras","works","6.42","1.1796"
"2768","infantil","infant","6.42","1.8305"
"2769","democrático","democratic","6.42","1.8636"
"2770","amén","amen","6.42","1.6548"
"2771","compre","buy","6.42","1.4995"
"2772","hablando","talking","6.42","1.0515"
"2773","gustaba","liked","6.42","1.6047"
"2774","minerales","minerals","6.42","1.2469"
"2775","descarga","discharge","6.42","1.3716"
"2776","seremos","we will","6.42","1.3716"
"2777","justamente","just","6.42","1.2469"
"2778","links","links","6.42","1.2137"
"2779","iniciando","initiating","6.42","1.1445"
"2780","mía","mine","6.42","1.4581"
"2781","linux","linux","6.42","1.5398"
"2782","incluido","included","6.42","1.2631"
"2783","subiendo","up","6.42","1.4441"
"2784","dinamarca","Denmark","6.42","1.4441"
"2785","actividades","activities","6.42","1.012"
"2786","think","think","6.42","1.4155"
"2787","ciertos","some","6.42","1.4299"
"2788","demostrar","show","6.42","1.3107"
"2789","genia","genius","6.42","1.5661"
"2790","zoom","zoom lens","6.42","1.1265"
"2791","estaré","I will be","6.42","1.0708"
"2792","informática","computing","6.42","1.3864"
"2793","record","record","6.42","1.2137"
"2794","gato","cat","6.42","1.3716"
"2795","april","april","6.42","1.2137"
"2796","estadio","stadium","6.42","1.3716"
"2797","prado","meadow","6.42","1.295"
"2798","empezar","start","6.42","0.9916"
"2799","curso","course","6.42","1.1622"
"2800","spain","spain","6.42","1.5661"
"2801","recibe","receives","6.42","1.0515"
"2802","clima","climate","6.4","1.3702"
"2803","digna","worthy","6.4","1.178"
"2804","#hi","# Hi","6.4","1.5253"
"2805","blancos","whites","6.4","1.2289"
"2806","objetivos","objectives","6.4","1.4286"
"2807","grupos","groups","6.4","1.2289"
"2808","comienza","begins","6.4","1.0498"
"2809","entregado","committed","6.4","1.2454"
"2810","adecuado","appropriate","6.4","1.069"
"2811","atención","attention","6.4","1.3401"
"2812","muñeco","doll","6.4","1.3851"
"2813","propósito","purpose","6.4","1.1606"
"2814","estrategias","strategies","6.4","1.178"
"2815","pollo","chicken","6.4","1.4428"
"2816","recomendar","recommend","6.4","0.833"
"2817","planes","plans","6.4","1.088"
"2818","suscribirse","subscribe","6.4","1.5253"
"2819","ojalá","hopefully","6.4","1.4569"
"2820","inocentes","innocent","6.4","1.4983"
"2821","intenta","tries","6.4","1.2122"
"2822","reinos","Kingdoms","6.4","1.4846"
"2823","vivido","lived","6.4","1.5253"
"2824","perspectivas","perspectives","6.4","1.1606"
"2825","propias","own","6.4","1.2936"
"2826","caras","faces","6.4","1.4846"
"2827","físico","physical","6.4","1.2778"
"2828","generaciones","generations","6.4","1.1249"
"2829","plaza","square","6.4","1.2778"
"2830","#lomejordel2011","# Lomejordel2011","6.4","1.7379"
"2831","participantes","participants","6.4","1.069"
"2832","opciones","options","6.4","1.2936"
"2833","democrática","democratic","6.4","1.6162"
"2834","chance","chance","6.4","0.833"
"2835","respondió","answered","6.4","1.3093"
"2836","encuentre","find","6.4","1.3401"
"2837","mentalidad","mentality","6.4","1.3553"
"2838","team","team","6.4","1.0498"
"2839","debidamente","duly","6.4","1.3248"
"2840","filosófico","philosophical","6.4","1.5119"
"2841","express","Express","6.4","1.1249"
"2842","suficientemente","sufficiently","6.4","1.2122"
"2843","clara","clear","6.4","1.1066"
"2844","estimación","estimate","6.4","1.4983"
"2845","puede","can","6.4","1.3093"
"2846","many","many","6.4","1.1066"
"2847","virtual","virtual","6.4","1.1429"
"2848","revistas","journals","6.4","1.2122"
"2849","perspectiva","perspective","6.4","0.9476"
"2850","mapa","map","6.4","1.1606"
"2851","valoración","assessment","6.4","1.2289"
"2852","previsión","forecast","6.4","1.3702"
"2853","amplitud","amplitude","6.4","1.2454"
"2854","encuentran","are","6.4","1.1952"
"2855","pleno","full","6.4","1.4708"
"2856","intenso","intense","6.4","1.6036"
"2857","québarato","QueBarato","6.4","1.4846"
"2858","egipto","Egypt","6.4","1.5649"
"2859","integrada","integrated","6.4","1.1429"
"2860","prometo","promise","6.4","1.5119"
"2861","capacitación","training","6.4","1.1429"
"2862","everyday","everyday","6.4","1.3093"
"2863","comprende","includes","6.4","1.2617"
"2864","desperté","woke","6.4","1.5779"
"2865","je","je","6.4","1.2454"
"2866","eres","you are","6.4","1.2617"
"2867","organización","organization","6.4","1.1606"
"2868","próximos","next","6.4","1.1606"
"2869","muchos","many","6.4","1.3248"
"2870","recibiendo","receiving","6.4","1.1952"
"2871","chicos","boys","6.4","1.2617"
"2872","television","TV","6.4","1.4708"
"2873","altos","high","6.4","1.3553"
"2874","seré","I will be","6.4","1.2778"
"2875","integral","integral","6.4","1.178"
"2876","creciente","growing","6.4","1.0102"
"2877","aplicaciones","applications","6.4","1.0302"
"2878","found","found","6.4","1.3401"
"2879","comenzar","start","6.4","0.9689"
"2880","reposo","repose","6.4","1.5253"
"2881","reproducciones","views","6.4","1.1249"
"2882","presencia","presence","6.4","1.088"
"2883","producción","production","6.4","1.3093"
"2884","aplicación","application","6.38","1.4126"
"2885","julio","July","6.38","1.427"
"2886","right","right","6.38","1.1045"
"2887","claras","clear","6.38","1.0476"
"2888","clásico","classic","6.38","1.3231"
"2889","sidra","cider","6.38","1.2599"
"2890","software","software","6.38","1.4126"
"2891","potter","potter","6.38","1.4412"
"2892","#gaming","# Gaming","6.38","1.6274"
"2893","resolución","resolution","6.38","1.2599"
"2894","lloviendo","raining","6.38","1.9048"
"2895","¿¿próspero","Prosperous ¿","6.38","1.8724"
"2896","empleos","jobs","6.38","1.713"
"2897","habitacion","Room","6.38","1.2599"
"2898","aclarar","clarify","6.38","0.8303"
"2899","llegar","get","6.38","1.1933"
"2900","rojo","red","6.38","1.3384"
"2901","place","place","6.38","1.1409"
"2902","verla","see it","6.38","1.0079"
"2903","ciudad","city","6.38","1.1229"
"2904","conexión","connection","6.38","1.3384"
"2905","channel","channel","6.38","1.6149"
"2906","reconocer","recognize","6.38","1.3231"
"2907","asegurar","ensure","6.38","1.0669"
"2908","pudo","could","6.38","1.3076"
"2909","mios","mine","6.38","1.3981"
"2910","visitante","visitor","6.38","1.2919"
"2911","cumpla","meets","6.38","1.1933"
"2912","mañana","morning","6.38","1.3686"
"2913","colaboradores","Contributors","6.38","1.2103"
"2914","alimentaria","food","6.38","1.3536"
"2915","instalar","install","6.38","1.1409"
"2916","destinados","for","6.38","1.4412"
"2917","sencilla","simple","6.38","1.1761"
"2918","patio","patio","6.38","1.1409"
"2919","privacidad","Privacy","6.38","1.3834"
"2920","ciudadano","citizen","6.38","1.3686"
"2921","paises","countries","6.38","1.2599"
"2922","reader","reader","6.38","1.2919"
"2923","salta","jumps","6.38","1.1933"
"2924","calificaron","rated","6.38","1.4126"
"2925","escribió","wrote","6.38","1.2103"
"2926","demostrado","shown","6.38","1.1229"
"2927","italiano","Italian","6.38","1.2436"
"2928","esfuerzo","effort","6.38","1.6646"
"2929","reina","queen","6.38","1.6769"
"2930","volvió","returned","6.38","1.1586"
"2931","colegio","school","6.38","1.5372"
"2932","palabras","words","6.38","1.2919"
"2933","mercedes","mercedes","6.38","1.3981"
"2934","líderes","leaders","6.38","1.3981"
"2935","exteriores","exterior","6.38","1.1409"
"2936","novela","novel","6.38","1.4831"
"2937","invita","invites","6.38","1.0476"
"2938","copas","glasses","6.38","1.2919"
"2939","esfuerzos","efforts","6.38","1.7366"
"2940","siga","follow","6.38","1.4126"
"2941","pueblos","people","6.38","1.2436"
"2942","daré","give","6.38","1.3686"
"2943","días","days","6.38","1.2436"
"2944","históricas","historical","6.38","1.3686"
"2945","continuó","continued","6.38","1.1761"
"2946","lógica","logic","6.38","1.1229"
"2947","miles","thousands","6.38","1.3981"
"2948","recibida","received","6.38","1.0476"
"2949","viviendas","housing","6.38","1.1409"
"2950","comienzo","beginning","6.38","1.0859"
"2951","trono","throne","6.38","1.689"
"2952","variedad","variety","6.38","1.3536"
"2953","iremos","go","6.38","1.0079"
"2954","yamaha","yamaha","6.38","1.4968"
"2955","viento","wind","6.38","1.5104"
"2956","convertir","convert","6.38","0.9875"
"2957","producen","produce","6.38","1.2599"
"2958","=p","= P","6.38","1.76"
"2959","simba","simba","6.38","1.6769"
"2960","grupo","group","6.36","1.1911"
"2961","septiembre","September","6.36","1.4675"
"2962","comentar","comment","6.36","1.1205"
"2963","fomento","promotion","6.36","1.2898"
"2964","reviews","reviews","6.36","1.2578"
"2965","casaa","casaa","6.36","1.7815"
"2966","habitaciones","Room","6.36","1.1021"
"2967","finalmente","finally","6.36","1.4251"
"2968","exposiciones","exhibitions","6.36","1.2249"
"2969","gerencia","management","6.36","1.7114"
"2970","espejo","mirror","6.36","1.3815"
"2971","cumbre","summit","6.36","1.3365"
"2972","hagamos","do","6.36","1.1386"
"2973","reciente","recent","6.36","1.0254"
"2974","expresión","expression","6.36","1.0835"
"2975","proporcionar","provide","6.36","1.0254"
"2976","dormitorios","dormitories","6.36","1.1911"
"2977","salario","salary","6.36","1.5354"
"2978","traductor","translator","6.36","1.1911"
"2979","trabajar","work","6.36","2.1069"
"2980","estaciones","stations","6.36","1.1563"
"2981","guardar","save","6.36","1.1386"
"2982","españolas","Spanish","6.36","1.7468"
"2983","convenir","agree","6.36","1.1205"
"2984","publicó","published","6.36","1.1205"
"2985","ejemplares","copies","6.36","1.1911"
"2986","figura","figure","6.36","1.1205"
"2987","podamos","can","6.36","1.2415"
"2988","altamente","highly","6.36","1.1021"
"2989","asistir","attend","6.36","1.1563"
"2990","recursos","resources","6.36","1.1911"
"2991","apertura","opening","6.36","1.0835"
"2992","interpretar","interpret","6.36","1.2081"
"2993","propone","proposed","6.36","1.0645"
"2994","empecé","started","6.36","1.1563"
"2995","especies","species","6.36","1.4107"
"2996","tutorial","tutorial","6.36","1.2249"
"2997","telecomunicaciones","telecommunications","6.36","1.2081"
"2998","podrás","can","6.36","1.2578"
"2999","salimos","go out","6.36","1.1563"
"3000","aumentar","increase","6.36","1.5354"
"3001","salidas","outputs","6.36","1.495"
"3002","senior","senior","6.36","1.3211"
"3003","prefiero","prefer","6.36","1.0451"
"3004","llegando","coming","6.36","1.1739"
"3005","maÑana","morning","6.36","1.0835"
"3006","volvio","returned","6.36","1.0645"
"3007","inversiones","investments","6.36","1.3056"
"3008","bro","bro","6.36","1.3056"
"3009","docente","teaching","6.36","1.2898"
"3010","cuba","Cuba","6.36","1.6258"
"3011","resultando","resulting","6.36","1.1739"
"3012","oir","hear","6.36","1.0053"
"3013","revista","magazine","6.36","1.4107"
"3014","citas","Dating","6.36","1.2081"
"3015","actúa","acts","6.36","1.2415"
"3016","sofa","Sofa","6.36","1.3667"
"3017","extra","extra","6.36","1.1386"
"3018","aguascalientes","aguascalientes","6.36","1.3365"
"3019","instalaron","installed","6.36","1.1739"
"3020","santo","holy","6.36","1.5354"
"3021","comenzó","started","6.36","1.1563"
"3022","fundación","foundation","6.36","1.3516"
"3023","personalmente","personally","6.36","1.2415"
"3024","starting","starting","6.36","1.1739"
"3025","competitividad","competitiveness","6.36","1.6874"
"3026","dientes","teeth","6.34","1.3793"
"3027","go","go","6.34","1.3032"
"3028","copa","cup","6.34","1.3032"
"3029","vecina","neighboring","6.34","1.4514"
"3030","convención","convention","6.34","1.2715"
"3031","chavo","guy","6.34","1.1886"
"3032","múltiples","multiple","6.34","1.1713"
"3033","escolares","school","6.34","1.2056"
"3034","propiedades","properties","6.34","1.2056"
"3035","jerez","sherry","6.34","1.3342"
"3036","muuuy","sooo","6.34","1.6239"
"3037","katy","katy","6.34","1.2875"
"3038","more","more","6.34","1.1886"
"3039","propietarios","proprietary","6.34","1.4514"
"3040","latín","Latin","6.34","1.2224"
"3041","sagrado","sacred","6.34","1.8363"
"3042","diosito","diosito","6.34","2.2462"
"3043","academia","academy","6.34","1.1886"
"3044","pelotas","balls","6.34","1.5334"
"3045","entrada","entry","6.34","1.0616"
"3046","empiezan","start","6.34","1.2554"
"3047","phone","phone","6.34","1.5598"
"3048","brazos","arms","6.34","1.1359"
"3049","men","men","6.34","1.4654"
"3050","all","all","6.34","1.5066"
"3051","total","total","6.34","1.0994"
"3052","resolution","resolution","6.34","1.4792"
"3053","preparación","preparation","6.34","1.4654"
"3054","camino","road","6.34","0.9392"
"3055","vehículo","vehicle","6.34","1.394"
"3056","estaremos","we","6.34","1.2715"
"3057","occidental","western","6.34","1.1886"
"3058","legitimidad","legitimacy","6.34","1.2875"
"3059","escritos","written","6.34","1.1713"
"3060","america","america","6.34","1.8584"
"3061","atlántico","Atlantic","6.34","1.1537"
"3062","sube","up","6.34","1.2224"
"3063","exportaciones","exports","6.34","1.3644"
"3064","presentarse","report","6.34","1.0422"
"3065","calzado","footwear","6.34","1.3342"
"3066","carta","letter","6.34","1.3188"
"3067","iré","go","6.34","1.1537"
"3068","octubre","October","6.34","1.3342"
"3069","kiero","kiero","6.34","1.5986"
"3070","chevrolet","chevrolet","6.34","1.6364"
"3071","atender","meet","6.34","1.2056"
"3072","click","click","6.34","1.239"
"3073","try","try","6.34","1.2554"
"3074","volvi","turned","6.34","1.0806"
"3075","ojo","eye","6.34","1.4373"
"3076","aparecer","appear","6.34","1.0224"
"3077","adulto","adult","6.34","1.5201"
"3078","campanadas","chimes","6.34","1.394"
"3079","want","want","6.34","1.1359"
"3080","sirve","serves","6.34","0.9172"
"3081","puntuación","score","6.34","1.1713"
"3082","telefono","phone","6.34","1.0616"
"3083","darte","give","6.34","1.0994"
"3084","following","Following","6.34","1.2554"
"3085","alcance","scope","6.34","1.1178"
"3086","listas","lists","6.34","1.3644"
"3087","aparatos","appliances","6.34","1.5467"
"3088","acceso","access","6.34","1.1537"
"3089","tendrás","have","6.34","1.1886"
"3090","merece","deserves","6.34","1.2554"
"3091","postales","Post","6.34","1.0616"
"3092","señales","signals","6.34","1.2715"
"3093","coca","coca","6.34","2.0265"
"3094","compañía","company","6.34","1.4373"
"3095","entramos","we","6.34","1.1537"
"3096","ofrecemos","offer","6.34","1.1178"
"3097","prosa","prose","6.34","1.3342"
"3098","acompaña","accompanies","6.34","1.1359"
"3099","saltar","jump","6.34","1.3188"
"3100","pavo","turkey","6.34","1.4654"
"3101","África","Africa","6.34","1.7567"
"3102","pato","duck","6.34","1.4086"
"3103","subo","upload","6.34","1.2554"
"3104","hallar","find","6.34","1.1713"
"3105","vale","voucher","6.34","1.1178"
"3106","pro","pro","6.34","1.3494"
"3107","coordinación","coordination","6.34","1.3342"
"3108","movil","mobile","6.34","1.1537"
"3109","pequeños","small","6.34","1.7333"
"3110","colombiana","Colombian","6.34","1.3342"
"3111","encuentras","find","6.34","1.239"
"3112","trabajando","working","6.34","1.6612"
"3113","virgen","virgin","6.34","1.7096"
"3114","permiso","permission","6.32","1.5178"
"3115","elaboración","elaboration","6.32","1.2362"
"3116","propiedad","property","6.32","1.6714"
"3117","llegaron","arrived","6.32","1.3316"
"3118","preparar","prepare","6.32","1.3468"
"3119","receta","recipe","6.32","1.1328"
"3120","elemental","elemental","6.32","1.2027"
"3121","andar","walk","6.32","1.1147"
"3122","opiniones","views","6.32","1.2848"
"3123","tradicionales","traditional","6.32","1.5312"
"3124","gráfico","graphic","6.32","1.1507"
"3125","rendimiento","performance","6.32","1.5312"
"3126","temporada","season","6.32","1.1328"
"3127","proposición","proposition","6.32","1.2362"
"3128","navegación","navigation","6.32","1.3619"
"3129","narrador","narrator","6.32","1.2362"
"3130","conferencias","conferences","6.32","1.463"
"3131","somos","Us","6.32","1.1328"
"3132","twitt","tweet","6.32","1.2196"
"3133","contáctanos","contact us","6.32","1.2027"
"3134","french","french","6.32","1.5964"
"3135","midnight","midnight","6.32","1.5706"
"3136","importar","matter","6.32","1.2027"
"3137","message","message","6.32","1.4061"
"3138","recientemente","recently","6.32","1.3316"
"3139","función","function","6.32","1.1683"
"3140","#curiosidades","# Trivia","6.32","1.2027"
"3141","disposición","provision","6.32","1.2688"
"3142","península","peninsula","6.32","1.1683"
"3143","hacemos","do","6.32","1.1856"
"3144","vuelven","return","6.32","1.3468"
"3145","asegura","ensures","6.32","1.019"
"3146","productos","produce","6.32","1.1507"
"3147","llover","rain","6.32","1.7076"
"3148","veamos","see","6.32","1.0962"
"3149","entradas","Tickets","6.32","1.2688"
"3150","negociación","negotiation","6.32","1.3915"
"3151","usb","usb","6.32","1.2526"
"3152","contacto","contact","6.32","1.2027"
"3153","encontramos","found","6.32","1.0583"
"3154","palmas","palms","6.32","1.463"
"3155","existente","existing","6.32","1.2688"
"3156","carretera","road","6.32","1.3468"
"3157","seguire","seguire","6.32","1.2196"
"3158","webmasters","webmasters","6.32","1.0962"
"3159","revolucionaria","revolutionary","6.32","1.6591"
"3160","okok","okok","6.32","1.6956"
"3161","diplomático","diplomat","6.32","1.2196"
"3162","asesor","adviser","6.32","1.2362"
"3163","relatos","stories","6.32","1.1856"
"3164","escribo","write","6.32","1.2196"
"3165","japan","japan","6.32","1.5178"
"3166","entrevista","interview","6.32","1.3005"
"3167","entiendes","understand","6.32","1.3316"
"3168","transformaciones","transformations","6.32","1.3768"
"3169","correo","mail","6.32","1.1507"
"3170","misiones","missions","6.32","1.5444"
"3171","enormes","enormous","6.32","1.3005"
"3172","estudiar","study","6.32","1.6714"
"3173","atencion","attention","6.32","1.1328"
"3174","hicimos","did","6.32","1.3768"
"3175","financiamiento","funding","6.32","1.6591"
"3176","seguidor","follower","6.32","1.0583"
"3177","ringtone","ringtone","6.32","1.4348"
"3178","cobertura","coverage","6.32","1.3005"
"3179","preparando","preparing","6.32","1.1147"
"3180","profundidad","depth","6.32","1.6218"
"3181","miembros","Member","6.32","1.2848"
"3182","acuerdas","Remember","6.32","1.0962"
"3183","3d","3d","6.32","1.5444"
"3184","embarazo","pregnancy","6.32","2.3942"
"3185","automáticamente","automatically","6.32","1.1507"
"3186","asesoramiento","advice","6.32","1.1328"
"3187","pueden","can","6.32","1.1147"
"3188","tq","tq","6.32","1.6714"
"3189","liberales","Liberals","6.32","1.5964"
"3190","visit","visit","6.32","1.3161"
"3191","realizan","performed","6.32","1.1683"
"3192","técnica","technique","6.32","1.0962"
"3193","moral","moral","6.32","1.6092"
"3194","proyección","projection","6.32","1.1856"
"3195","detalles","details","6.32","1.1147"
"3196","difusión","diffusion","6.3","1.165"
"3197","consolidación","consolidation","6.3","1.4463"
"3198","servicios","services","6.3","1.1473"
"3199","acondicionado","conditioned","6.3","1.1995"
"3200","plan","plan","6.3","0.953"
"3201","hojas","leaves","6.3","1.2164"
"3202","delante","before","6.3","1.1112"
"3203","formación","training","6.3","1.2164"
"3204","dispositivos","devices","6.3","1.359"
"3205","realista","realistic","6.3","1.4743"
"3206","entera","Whole","6.3","1.0926"
"3207","mercadolibre","MercadoLibre","6.3","1.2817"
"3208","agricultura","agriculture","6.3","1.5286"
"3209","americana","jacket","6.3","1.3286"
"3210","recibieron","received","6.3","1.2164"
"3211","continente","continent","6.3","1.3132"
"3212","meet","meet","6.3","1.3887"
"3213","ps2","ps2","6.3","1.6067"
"3214","volveré","back","6.3","1.2817"
"3215","salvador","savior","6.3","1.5682"
"3216","claros","clear","6.3","0.9742"
"3217","habitantes","people","6.3","1.0738"
"3218","ciudadana","citizen","6.3","1.2164"
"3219","pop","pop","6.3","1.6812"
"3220","prestación","benefit","6.3","1.2164"
"3221","hacer","do","6.3","1.0152"
"3222","informacion","information","6.3","1.4743"
"3223","mayor","higher","6.3","1.3286"
"3224","hakuna","hakuna","6.3","1.5682"
"3225","ayuda","help","6.3","1.7642"
"3226","extremo","end","6.3","2.1876"
"3227","monumento","monument","6.3","1.1995"
"3228","profesores","teachers","6.3","1.5419"
"3229","verso","verse","6.3","1.3887"
"3230","actuales","Current","6.3","1.1112"
"3231","conectar","connect","6.3","1.0926"
"3232","filósofos","philosophers","6.3","1.7409"
"3233","psicología","psychology","6.3","1.5682"
"3234","elevado","high","6.3","1.5017"
"3235","informar","report","6.3","1.2976"
"3236","raíces","roots","6.3","1.2817"
"3237","estudiando","studying","6.3","1.9193"
"3238","opina","view","6.3","1.165"
"3239","ofrece","offers","6.3","1.0546"
"3240","cartera","portfolio","6.3","1.2817"
"3241","signo","sign","6.3","1.2657"
"3242","conservar","conserve","6.3","1.4033"
"3243","navegador","browser","6.3","1.1112"
"3244","lecciones","lessons","6.3","1.488"
"3245","padrino","godfather","6.3","1.2495"
"3246","escrito","written","6.3","1.2817"
"3247","sonora","Sound","6.3","1.4321"
"3248","ciudades","cities","6.3","1.4033"
"3249","existen","there","6.3","0.9949"
"3250","alfin","alfin","6.3","1.374"
"3251","boys","boys","6.3","1.3132"
"3252","news","news","6.3","1.1995"
"3253","yoo","yoo","6.3","1.488"
"3254","conoces","know","6.3","1.0926"
"3255","adquirido","acquired","6.3","1.2817"
"3256","semilla","seed","6.3","1.165"
"3257","nariz","nose","6.3","1.233"
"3258","norte","north","6.3","1.3439"
"3259","validez","validity","6.3","1.2817"
"3260","conviene","should","6.3","1.233"
"3261","alumnos","school","6.3","0.8631"
"3262","percibir","perceive","6.3","1.0351"
"3263","camisetas","t","6.3","1.0926"
"3264","mayoría","most","6.3","1.1824"
"3265","very","very","6.3","1.2657"
"3266","pistas","tracks","6.3","1.233"
"3267","conveniente","convenient","6.3","1.374"
"3268","suficiente","enough","6.3","1.165"
"3269","nuevamente","newly","6.28","1.1959"
"3270","conduce","leads","6.28","1.1787"
"3271","valen","worth","6.28","1.3099"
"3272","presidenta","chairwoman","6.28","1.8075"
"3273","guia","Guide","6.28","1.0506"
"3274","pasajeros","passengers","6.28","1.1436"
"3275","prácticas","practices","6.28","1.2296"
"3276","templo","temple","6.28","1.4148"
"3277","nosotras","us","6.28","1.4852"
"3278","genera","generates","6.28","0.9906"
"3279","tutoriales","tutorials","6.28","1.4003"
"3280","específico","specific","6.28","1.1256"
"3281","verlos","see","6.28","1.0698"
"3282","hablemos","talk","6.28","1.2943"
"3283","electronica","Electronic","6.28","1.5654"
"3284","tarjetas","cards","6.28","1.1959"
"3285","fútbol","football","6.28","2.1385"
"3286","episodio","episode","6.28","1.1613"
"3287","inicia","starts","6.28","1.4291"
"3288","cara","face","6.28","1.2461"
"3289","técnicas","techniques","6.28","1.1073"
"3290","asociación","association","6.28","1.1073"
"3291","halló","found","6.28","1.2129"
"3292","electrodomésticos","appliances","6.28","1.2129"
"3293","df","df","6.28","1.7148"
"3294","pensiones","pension","6.28","1.4291"
"3295","mobile","mobile","6.28","1.1256"
"3296","gente","people","6.28","1.4988"
"3297","electricidad","electricity","6.28","1.4148"
"3298","#elclubdelacomedia","# Elclubdelacomedia","6.28","1.9592"
"3299","banda","band","6.28","1.6293"
"3300","renault","renault","6.28","1.3099"
"3301","sensibilidad","sensitivity","6.28","1.7617"
"3302","vínculos","links","6.28","1.2129"
"3303","rating","rating","6.28","1.2943"
"3304","pelo","hair","6.28","1.6293"
"3305","naciones","nations","6.28","1.2296"
"3306","lugares","places","6.28","1.2129"
"3307","comenzando","beginning","6.28","1.3099"
"3308","piloto","pilot","6.28","1.0887"
"3309","maría","Mary","6.28","1.4003"
"3310","presentada","submitted","6.28","1.2943"
"3311","comunidades","communities","6.28","1.1256"
"3312","clubes","clubs","6.28","1.4003"
"3313","continua","continuous","6.28","0.9267"
"3314","febrero","February","6.28","1.5524"
"3315","inmediatamente","immediately","6.28","1.6041"
"3316","remedios","Remedies","6.28","1.2784"
"3317","trayectoria","trajectory","6.28","1.011"
"3318","mención","mention","6.28","1.0506"
"3319","interpretación","interpretation","6.28","1.3856"
"3320","frecuentemente","frequently","6.28","1.0887"
"3321","tomate","tomato","6.28","1.3099"
"3322","comienzos","early","6.28","0.9906"
"3323","físicas","physical","6.28","1.4574"
"3324","gráficos","graphics","6.28","1.3254"
"3325","integran","integrate","6.28","0.9697"
"3326","support","support","6.28","1.3254"
"3327","confirma","confirms","6.28","1.1613"
"3328","planeación","planning","6.28","1.3559"
"3329","remix","remix","6.28","1.3559"
"3330","lazos","ties","6.28","1.4148"
"3331","expresada","expressed","6.28","1.1436"
"3332","providencia","providence","6.28","1.3708"
"3333","explicó","explained","6.28","1.0309"
"3334","llamando","calling","6.28","1.0887"
"3335","juju","juju","6.28","1.4148"
"3336","sienten","feel","6.28","1.2623"
"3337","presentes","present","6.28","1.4003"
"3338","círculo","circle","6.28","1.3099"
"3339","tiempos","time","6.26","1.209"
"3340","probabilidad","probability","6.26","1.3219"
"3341","acabe","end","6.26","1.4401"
"3342","hot","hot","6.26","1.4957"
"3343","mapas","Maps","6.26","1.209"
"3344","semejanza","similarity","6.26","1.0461"
"3345","calma","calm","6.26","1.6389"
"3346","señal","signal","6.26","1.1214"
"3347","encuentra","is","6.26","1.1031"
"3348","follar","fuck","6.26","2.337"
"3349","promesas","promises","6.26","1.5093"
"3350","comisiones","Commissions","6.26","1.9775"
"3351","cuide","care","6.26","1.1395"
"3352","hecho","done","6.26","1.1747"
"3353","escribi","wrote","6.26","1.2257"
"3354","give","give","6.26","1.2257"
"3355","carácter","character","6.26","1.209"
"3356","revolucionario","revolutionary","6.26","2.0584"
"3357","porra","baton","6.26","1.7474"
"3358","telefonía","telephony","6.26","1.5493"
"3359","dando","giving","6.26","1.0461"
"3360","leon","leon","6.26","1.5754"
"3361","propia","own","6.26","1.3969"
"3362","camisa","shirt","6.26","1.1572"
"3363","suprema","supreme","6.26","1.688"
"3364","prudente","prudent","6.26","1.3219"
"3365","realidad","reality","6.26","1.6637"
"3366","escuche","listen","6.26","1.192"
"3367","ciertamente","certainly","6.26","0.9435"
"3368","dioses","Gods","6.26","1.7591"
"3369","chilena","Chilean","6.26","1.4682"
"3370","escribe","write","6.26","1.2257"
"3371","servido","used","6.26","1.209"
"3372","establecidos","established","6.26","1.4259"
"3373","pudieron","could","6.26","1.2423"
"3374","estare","I will be","6.26","1.0461"
"3375","esenciales","essential","6.26","1.1572"
"3376","dormida","asleep","6.26","1.3372"
"3377","pais","country","6.26","1.2586"
"3378","tetas","tits","6.26","2.3457"
"3379","hablado","spoken","6.26","1.2586"
"3380","save","save","6.26","1.3219"
"3381","salarios","wages","6.26","1.9775"
"3382","empresarial","business","6.26","1.482"
"3383","okey","okey","6.26","1.2906"
"3384","gigante","giant","6.26","1.7357"
"3385","soon","soon","6.26","1.0844"
"3386","siguientes","following","6.26","1.1395"
"3387","empresa","company","6.26","1.6011"
"3388","escribes","write","6.26","1.209"
"3389","integrado","integrated","6.26","1.192"
"3390","much","much","6.26","0.8992"
"3391","sentado","sitting","6.26","1.1214"
"3392","max","max","6.26","1.5624"
"3393","gps","gps","6.26","1.3372"
"3394","inmediata","immediate","6.26","1.209"
"3395","know","know","6.26","1.4401"
"3396","formar","form","6.26","1.192"
"3397","nación","nation","6.26","1.1572"
"3398","continental","continental","6.26","1.2586"
"3399","pensado","thought","6.26","1.4682"
"3400","ensayos","trials","6.26","1.192"
"3401","reconoce","recognizes","6.26","1.2257"
"3402","uploaded","uploaded","6.26","1.482"
"3403","unidad","unit","6.26","1.209"
"3404","terrenos","land","6.26","1.482"
"3405","pumba","pumba","6.26","1.9358"
"3406","lengua","language","6.26","1.2257"
"3407","blue","blue","6.26","1.4259"
"3408","mail","Email","6.26","1.2747"
"3409","tuya","yours","6.26","1.2747"
"3410","relojes","watches","6.26","1.209"
"3411","permitir","allow","6.26","1.3524"
"3412","botas","boots","6.26","1.3063"
"3413","ejecutiva","executive","6.26","1.6759"
"3414","junio","June","6.26","1.3969"
"3415","seguimiento","tracing","6.26","1.0844"
"3416","depósitos","deposits","6.26","1.3969"
"3417","terminado","finished","6.26","1.9039"
"3418","volvemos","return","6.26","0.9858"
"3419","virtuales","virtual","6.26","1.2586"
"3420","ferrocarriles","railways","6.26","1.2586"
"3421","resuelve","resolved","6.26","1.4259"
"3422","traje","suit","6.26","1.2257"
"3423","mirando","looking","6.26","1.1214"
"3424","presentar","submit","6.26","1.1395"
"3425","teorías","theories","6.26","1.7357"
"3426","inició","started","6.24","1.0797"
"3427","adaptación","adaptation","6.24","1.135"
"3428","suficientes","sufficient","6.24","0.8704"
"3429","va","will","6.24","1.2048"
"3430","despierte","wake","6.24","1.3786"
"3431","toda","throughout","6.24","1.3334"
"3432","explicar","explain","6.24","1.3334"
"3433","neta","net","6.24","1.4786"
"3434","escritas","written","6.24","1.2545"
"3435","sure","sure","6.24","1.0797"
"3436","mueve","moves","6.24","1.2867"
"3437","ven","see","6.24","1.2048"
"3438","pirotecnia","pyrotechnics","6.24","1.4786"
"3439","primaria","primary","6.24","1.3786"
"3440","remedio","remedy","6.24","1.135"
"3441","poder","power","6.24","1.5592"
"3442","aires","air","6.24","1.1704"
"3443","cree","cree","6.24","1.0606"
"3444","alemán","German","6.24","1.5851"
"3445","llegue","reaches","6.24","1.1528"
"3446","fuentes","sources","6.24","1.318"
"3447","ola","wave","6.24","1.7792"
"3448","messi","messi","6.24","1.598"
"3449","talk","talk","6.24","1.1528"
"3450","blanco","white","6.24","1.3933"
"3451","convocatorias","calls","6.24","1.1704"
"3452","recibido","received","6.24","1.3786"
"3453","estarás","'ll","6.24","1.0606"
"3454","year","year","6.24","1.1877"
"3455","llave","key","6.24","1.2048"
"3456","hallarse","be","6.24","1.3637"
"3457","title","title","6.24","1.3486"
"3458","ofrecer","offer","6.24","0.9806"
"3459","enviado","envoy","6.24","1.1877"
"3460","concentración","concentration","6.24","1.3933"
"3461","constantes","constant","6.24","1.2216"
"3462","considerable","considerable","6.24","0.8704"
"3463","soporte","support","6.24","1.0797"
"3464","comido","eaten","6.24","1.2707"
"3465","mas","more","6.24","1.4365"
"3466","monterrey","london","6.24","1.8133"
"3467","ideología","ideology","6.24","1.4786"
"3468","seguimos","we","6.24","1.0606"
"3469","constantemente","constantly","6.24","1.2216"
"3470","firme","firm","6.24","1.3786"
"3471","históricos","historical","6.24","1.3786"
"3472","seres","beings","6.24","1.1877"
"3473","entendido","understood","6.24","1.0412"
"3474","orientación","orientation","6.24","1.0984"
"3475","significado","meaning","6.24","1.2545"
"3476","buscadores","seekers","6.24","1.135"
"3477","asistencia","assistance","6.24","1.0012"
"3478","acontecimiento","event","6.24","1.1168"
"3479","conservan","preserved","6.24","0.8221"
"3480","meneame","meneame","6.24","1.5328"
"3481","representar","represent","6.24","1.2545"
"3482","certificados","certificates","6.24","1.5194"
"3483","nacionales","national","6.24","1.4078"
"3484","docentes","teachers","6.24","1.1528"
"3485","majestad","majesty","6.24","1.4223"
"3486","permite","allows","6.24","1.1168"
"3487","descargas","downloads","6.24","1.2216"
"3488","hablame","Talk to me","6.24","1.2048"
"3489","driver","driver","6.24","1.4507"
"3490","distinción","distinction","6.24","1.6358"
"3491","vigentes","force","6.24","0.9806"
"3492","aportes","contributions","6.24","1.2382"
"3493","hey","hey","6.24","1.0412"
"3494","wiki","wiki","6.24","1.4647"
"3495","depósito","deposit","6.24","1.5328"
"3496","distingue","distinguishes","6.24","1.0984"
"3497","vende","sold","6.24","1.1877"
"3498","promete","promises","6.24","1.709"
"3499","expectativas","expectations","6.22","1.6325"
"3500","ir","go","6.22","1.0359"
"3501","formando","forming","6.22","1.2664"
"3502","i'm","I'm","6.22","1.2337"
"3503","escuchas","listen","6.22","1.0934"
"3504","tailandia","thailand","6.22","1.6573"
"3505","comunitaria","Community","6.22","1.2664"
"3506","socios","partners","6.22","1.2982"
"3507","solar","solar","6.22","1.2824"
"3508","sentido","sense","6.22","1.2501"
"3509","secundaria","secondary","6.22","1.3746"
"3510","lea","read","6.22","1.3746"
"3511","dueño","owner","6.22","1.4609"
"3512","organizar","organize","6.22","1.3445"
"3513","caracteriza","characterized","6.22","1.183"
"3514","próximo","next","6.22","0.9957"
"3515","opinion","review","6.22","1.2501"
"3516","vacas","cattle","6.22","1.0746"
"3517","bolsa","bag","6.22","1.3596"
"3518","cien","hundred","6.22","1.3293"
"3519","haré","will","6.22","0.9538"
"3520","reputación","reputation","6.22","1.4748"
"3521","hablamos","talk","6.22","1.1657"
"3522","propiamente","properly","6.22","1.2501"
"3523","adquiere","acquires","6.22","1.3138"
"3524","realismo","realism","6.22","1.2337"
"3525","suena","sounds","6.22","0.9538"
"3526","pecho","chest","6.22","1.2824"
"3527","october","october","6.22","1.183"
"3528","français","français","6.22","1.3596"
"3529","cartas","letters","6.22","1.4327"
"3530","licenciado","graduate","6.22","1.799"
"3531","convirtió","became","6.22","1.2501"
"3532","desperte","woke","6.22","1.7761"
"3533","interacción","interaction","6.22","0.9538"
"3534","orden","order","6.22","1.3746"
"3535","lingüística","linguistics","6.22","1.1657"
"3536","frases","phrases","6.22","1.2501"
"3537","continuación","continuation","6.22","1.0554"
"3538","conjunto","set","6.22","0.9538"
"3539","permitió","allowed","6.22","1.3893"
"3540","gaby","gaby","6.22","1.6938"
"3541","country","country","6.22","1.1657"
"3542","pesca","fishing","6.22","1.1657"
"3543","amante","lover","6.22","1.9722"
"3544","recalentado","reheated","6.22","1.753"
"3545","prevención","prevention","6.22","1.4184"
"3546","impulso","momentum","6.22","1.2337"
"3547","percepción","perception","6.22","1.3445"
"3548","portales","portals","6.22","1.2337"
"3549","sentirse","feel","6.22","1.2824"
"3550","chapter","chapter","6.22","1.016"
"3551","consigo","with him","6.22","1.2337"
"3552","fundador","founder","6.22","1.0554"
"3553","teniendo","taking","6.22","1.016"
"3554","relevantes","relevant","6.22","1.2664"
"3555","information","information","6.22","1.3138"
"3556","ingenieria","engineering","6.22","1.753"
"3557","consigue","get","6.22","1.2982"
"3558","catedral","cathedral","6.22","1.2982"
"3559","wikimedia","wikimedia","6.22","1.1301"
"3560","dispositivo","device","6.22","1.3138"
"3561","camiseta","T-shirt","6.22","1.1657"
"3562","proposiciones","propositions","6.22","1.183"
"3563","podríamos","could","6.22","1.2501"
"3564","cristal","glass","6.22","1.1657"
"3565","abrió","opened","6.22","1.0746"
"3566","ventanas","windows","6.22","1.2337"
"3567","veinte","twenty","6.22","1.2337"
"3568","don","gift","6.22","1.5158"
"3569","postal","postal","6.22","1.148"
"3570","reyes","Kings","6.22","1.4886"
"3571","salto","jump","6.22","1.0554"
"3572","geografía","geography","6.22","1.5292"
"3573","composición","composition","6.22","1.2664"
"3574","entrando","entering","6.22","1.1301"
"3575","resultado","result","6.22","1.3445"
"3576","tragos","drinks","6.22","1.2002"
"3577","postura","stance","6.22","1.2664"
"3578","merecen","deserve","6.22","1.3138"
"3579","departamentos","departments","6.22","1.1119"
"3580","dias","days","6.2","1.2778"
"3581","conecto","connect","6.2","1.1066"
"3582","claro","clear","6.2","1.4286"
"3583","lección","lesson","6.2","1.2617"
"3584","época","time","6.2","1.0498"
"3585","foro","forum","6.2","1.2122"
"3586","coger","catch","6.2","1.9483"
"3587","metal","metal","6.2","1.4569"
"3588","principales","main","6.2","1.2289"
"3589","image","image","6.2","1.0102"
"3590","apellido","surname","6.2","1.3093"
"3591","informatica","computer","6.2","1.3997"
"3592","llamadas","calls","6.2","1.2454"
"3593","haremos","will","6.2","1.3248"
"3594","actuaciones","actions","6.2","1.2122"
"3595","mind","Mind","6.2","1.3702"
"3596","playoffs","playoffs","6.2","1.7496"
"3597","llenos","full","6.2","1.5908"
"3598","being","being","6.2","1.3248"
"3599","doscientos","two hundred","6.2","1.3553"
"3600","provisión","provision","6.2","1.3702"
"3601","produce","produces","6.2","1.2289"
"3602","diccionario","dictionary","6.2","1.5253"
"3603","continuamente","continuously","6.2","1.2617"
"3604","venir","come","6.2","1.178"
"3605","acorde","chord","6.2","1.0498"
"3606","andalucía","Andalusia","6.2","1.2936"
"3607","vaca","cow","6.2","1.2454"
"3608","expresamente","expressly","6.2","1.1606"
"3609","símbolo","symbol","6.2","1.1606"
"3610","blogs","blogs","6.2","1.1952"
"3611","levanta","up","6.2","1.1606"
"3612","sitios","sites","6.2","1.3997"
"3613","sabiendo","knowing","6.2","1.3553"
"3614","sentí","felt","6.2","1.3851"
"3615","comentario","comment","6.2","1.0102"
"3616","prometí","promised","6.2","1.178"
"3617","introducir","introduce","6.2","1.1066"
"3618","rain","rain","6.2","1.5908"
"3619","americano","American","6.2","1.2936"
"3620","recurso","resource","6.2","1.2617"
"3621","podcast","podcast","6.2","1.2617"
"3622","sevilla","Seville","6.2","1.4286"
"3623","actualidad","present","6.2","1.088"
"3624","emplea","used","6.2","1.4708"
"3625","rubio","blond","6.2","1.4569"
"3626","finalidad","end","6.2","1.2617"
"3627","ron","rum","6.2","1.8626"
"3628","muuy","veery","6.2","1.5119"
"3629","hablen","talk","6.2","1.069"
"3630","boy","boy","6.2","1.4286"
"3631","coco","coconut","6.2","1.6782"
"3632","mental","mental","6.2","1.3553"
"3633","bio","bio","6.2","1.1249"
"3634","daniela","daniela","6.2","1.8183"
"3635","puras","pure","6.2","1.3553"
"3636","empresario","entrepreneur","6.2","1.5779"
"3637","united","united","6.2","1.5253"
"3638","escolar","school","6.2","1.2289"
"3639","aprendido","learned","6.2","1.5779"
"3640","ball","ball","6.2","1.0102"
"3641","despertarse","wake","6.2","1.5518"
"3642","económica","economic","6.2","1.4428"
"3643","pierna","leg","6.2","1.1606"
"3644","ciudadanía","citizenship","6.2","1.3553"
"3645","trying","trying","6.2","1.4142"
"3646","buscador","searcher","6.2","1.2454"
"3647","integrantes","members","6.2","1.0498"
"3648","emplear","use","6.2","1.2778"
"3649","capital","capital","6.2","1.4708"
"3650","empezaron","started","6.2","0.9476"
"3651","roja","Red","6.2","1.2122"
"3652","date","date","6.2","1.2617"
"3653","hd","hd","6.2","1.5253"
"3654","ciudadanos","citizens","6.2","1.2936"
"3655","explorer","explorer","6.2","1.3248"
"3656","andes","Andes","6.2","1.3997"
"3657","recorrido","route","6.2","1.1066"
"3658","sistema","system","6.2","1.3093"
"3659","profunda","deep","6.2","1.2122"
"3660","sociedades","societies","6.2","1.1952"
"3661","informa","reports","6.2","1.069"
"3662","january","january","6.2","1.6288"
"3663","network","network","6.2","1.2936"
"3664","sisi","sisi","6.2","1.7728"
"3665","alejandra","alejandra","6.2","1.5253"
"3666","viña","vineyard","6.2","1.2289"
"3667","triple","triple","6.2","1.088"
"3668","productor","producer","6.2","1.1429"
"3669","circuito","circuit","6.2","1.3553"
"3670","permitan","allow","6.2","1.1606"
"3671","agosto","August","6.18","1.2728"
"3672","magnitud","magnitude","6.18","1.4097"
"3673","administrador","administrator","6.18","1.4941"
"3674","send","send","6.18","1.1008"
"3675","producto","product","6.18","1.207"
"3676","september","september","6.18","1.6123"
"3677","mora","blackberry","6.18","1.6249"
"3678","naves","ships","6.18","1.4803"
"3679","ubuntu","ubuntu","6.18","1.5996"
"3680","presentaciones","presentations","6.18","1.1551"
"3681","plis","plis","6.18","1.4241"
"3682","continue","continue","6.18","1.024"
"3683","estás","are","6.18","1.1008"
"3684","access","access","6.18","1.3354"
"3685","movimientos","movements","6.18","1.0821"
"3686","puertos","ports","6.18","1.1373"
"3687","motivo","reason","6.18","1.32"
"3688","pasen","pass","6.18","1.0631"
"3689","habla","speech","6.18","0.8734"
"3690","componen","up","6.18","1.207"
"3691","resultar","result","6.18","1.1726"
"3692","hemeroteca","hemeroteca","6.18","1.4665"
"3693","will","will","6.18","1.4241"
"3694","mostrar","show","6.18","1.0821"
"3695","juan","John","6.18","1.4941"
"3696","botellas","bottles","6.18","1.3805"
"3697","hay","there","6.18","1.3952"
"3698","santana","santana","6.18","1.4384"
"3699","estación","station","6.18","1.0821"
"3700","acordó","agreed","6.18","1.024"
"3701","conferencia","conference","6.18","1.1192"
"3702","dj","DJ","6.18","1.3805"
"3703","gira","tour","6.18","1.2887"
"3704","she","she","6.18","1.5996"
"3705","sabía","knew","6.18","1.5211"
"3706","amplia","wide","6.18","1.1373"
"3707","cervantes","cervantes","6.18","1.32"
"3708","competencias","competencies","6.18","1.2887"
"3709","convocatoria","call","6.18","1.1373"
"3710","empezó","started","6.18","1.024"
"3711","presentación","presentation","6.18","1.3805"
"3712","funcionamiento","operation","6.18","1.1899"
"3713","vuelves","back","6.18","1.2728"
"3714","trailer","trailer","6.18","1.4665"
"3715","escenario","stage","6.18","1.5345"
"3716","distinguir","distinguish","6.18","0.9624"
"3717","photoset","photoset","6.18","1.5077"
"3718","carne","meat","6.18","1.6744"
"3719","guys","guys","6.18","1.2728"
"3720","une","binds","6.18","1.2887"
"3721","maneras","ways","6.18","1.024"
"3722","presentan","have","6.18","1.024"
"3723","watch","watch","6.18","1.0821"
"3724","biblia","Bible","6.18","2.0473"
"3725","ferrocarril","railroad","6.18","1.0821"
"3726","titular","holder","6.18","1.5609"
"3727","colonial","colonial","6.18","1.3952"
"3728","app","app","6.18","1.5477"
"3729","vales","vouchers","6.18","1.3656"
"3730","hacerlo","do","6.18","1.3045"
"3731","agricultores","farmers","6.18","1.3354"
"3732","aseguró","said","6.18","1.1551"
"3733","limpiar","clean","6.18","1.6499"
"3734","salamanca","salamanca","6.18","1.2567"
"3735","nova","nova","6.18","1.2567"
"3736","tren","train","6.18","1.2887"
"3737","probar","test","6.16","1.5301"
"3738","publico","public","6.16","1.5434"
"3739","dedico","dedicate","6.16","1.0373"
"3740","enlace","link","6.16","1.0373"
"3741","dominicana","Dominican","6.16","1.4479"
"3742","seguros","insurance","6.16","1.3607"
"3743","quiera","want","6.16","1.1493"
"3744","seleccionar","select","6.16","1.0947"
"3745","tomando","taking","6.16","1.3756"
"3746","tendrá","will","6.16","1.2349"
"3747","alturas","heights","6.16","1.4479"
"3748","twitteros","twitter","6.16","1.9521"
"3749","gatos","cats","6.16","2.054"
"3750","nba","nba","6.16","1.2675"
"3751","ciertas","some","6.16","1.2349"
"3752","tradicional","traditional","6.16","1.5826"
"3753","august","august","6.16","1.2993"
"3754","necesarias","necessary","6.16","1.5301"
"3755","#inmyfreetime","# Inmyfreetime","6.16","1.7422"
"3756","adobe","adobe","6.16","1.1669"
"3757","cuidados","care","6.16","1.4896"
"3758","comisión","commission","6.16","1.7422"
"3759","inicio","initiation","6.16","1.1669"
"3760","week","week","6.16","1.3756"
"3761","vínculo","link","6.16","1.1843"
"3762","march","march","6.16","1.2835"
"3763","reloj","watch","6.16","1.0568"
"3764","seguirme","follow","6.16","1.1314"
"3765","miercoles","Wednesday","6.16","1.5032"
"3766","doy","I","6.16","0.8889"
"3767","normales","normal","6.16","1.0174"
"3768","llegué","I","6.16","1.1669"
"3769","monumentos","sights","6.16","1.4337"
"3770","beba","drink","6.16","1.7884"
"3771","grand","grand","6.16","1.4049"
"3772","personales","personal","6.16","1.0947"
"3773","directa","direct","6.16","1.2182"
"3774","login","login","6.16","1.0759"
"3775","poker","poker","6.16","1.8446"
"3776","bff","bff","6.16","1.8775"
"3777","capitulo","Chapter","6.16","1.2182"
"3778","incluyen","include","6.16","1.0568"
"3779","redacción","drafting","6.16","1.2675"
"3780","catálogo","catalog","6.16","1.0947"
"3781","urbanismo","town planning","6.16","1.4337"
"3782","interpretaciones","interpretations","6.16","1.3456"
"3783","seguiremos","continue","6.16","1.0947"
"3784","logotipo","logo","6.16","1.3149"
"3785","mias","mine","6.16","1.2993"
"3786","see","see","6.16","1.2513"
"3787","definido","definite","6.16","1.1314"
"3788","street","street","6.16","1.0947"
"3789","habana","havana","6.16","1.4896"
"3790","blog","blog","6.16","1.0759"
"3791","llenar","fill","6.16","1.2014"
"3792","samsung","samsung","6.16","1.5566"
"3793","talleres","workshops","6.16","1.0759"
"3794","capítulos","Chapters","6.16","1.1843"
"3795","lluvias","rains","6.16","1.8111"
"3796","ambos","both","6.16","1.0947"
"3797","levantado","up","6.16","1.3607"
"3798","ruedas","wheels","6.16","1.0568"
"3799","oral","oral","6.16","1.2513"
"3800","instalan","installed","6.16","1.1843"
"3801","mí","me","6.16","1.3456"
"3802","vuelvo","back","6.16","1.3149"
"3803","venezolana","Venezuelan","6.16","1.5032"
"3804","derecho","right","6.16","1.5566"
"3805","words","words","6.16","1.2513"
"3806","tweet","tweet","6.16","1.4758"
"3807","entrega","delivery","6.16","1.2349"
"3808","licor","liqueur","6.16","1.8335"
"3809","red","network","6.16","1.3903"
"3810","cambia","changes","6.16","1.2993"
"3811","analizar","analyze","6.16","1.3303"
"3812","hábito","habit","6.16","1.3756"
"3813","siguió","continued","6.16","1.1132"
"3814","griego","Greek","6.16","1.2993"
"3815","oriental","eastern","6.16","1.6208"
"3816","abre","open","6.16","1.0373"
"3817","novecientos","nine hundred","6.16","1.4896"
"3818","características","features","6.16","1.2835"
"3819","batería","battery","6.16","1.5032"
"3820","aparece","appears","6.16","1.0759"
"3821","volumen","volume","6.16","1.0568"
"3822","veinticinco","twenty-five","6.16","1.3607"
"3823","añoooo","añoooo","6.16","1.7769"
"3824","resoluciones","resolutions","6.16","1.5167"
"3825","construcción","construction","6.16","1.3149"
"3826","pasar","pass","6.16","1.2014"
"3827","directo","direct","6.16","1.0759"
"3828","forum","forum","6.16","1.0759"
"3829","propuso","proposed","6.16","1.1493"
"3830","publicada","published","6.16","1.0947"
"3831","obtención","obtaining","6.16","1.1493"
"3832","years","years","6.16","1.3456"
"3833","consideran","considered","6.14","0.9899"
"3834","portal","portal","6.14","0.9478"
"3835","ideológico","ideological","6.14","1.3554"
"3836","determinada","determined","6.14","1.4709"
"3837","sabes","know","6.14","1.05"
"3838","indudable","indubitable","6.14","1.2938"
"3839","aplicar","apply","6.14","1.2618"
"3840","contando","counting","6.14","1.2618"
"3841","monte","mount","6.14","1.4144"
"3842","pinta","pint","6.14","1.3554"
"3843","chihuahua","chihuahua","6.14","1.8518"
"3844","follow","follow","6.14","1.2291"
"3845","mano","hand","6.14","1.512"
"3846","conoci","knowledge","6.14","1.0882"
"3847","despertado","awakened","6.14","1.3704"
"3848","estancia","stay","6.14","1.05"
"3849","man","man","6.14","1.2779"
"3850","licencia","license","6.14","1.2779"
"3851","frecuencia","frequency","6.14","1.0882"
"3852","principio","principle","6.14","0.9478"
"3853","word","word","6.14","0.9691"
"3854","entorno","environment","6.14","1.2124"
"3855","#relationshipsongs","# Relationshipsongs","6.14","1.8296"
"3856","propuesto","proposed","6.14","1.0882"
"3857","principal","main","6.14","1.2456"
"3858","enviar","send","6.14","0.8574"
"3859","realizó","performed","6.14","1.2456"
"3860","anima","encourages","6.14","1.8071"
"3861","darme","me","6.14","1.1954"
"3862","ahorita","right now","6.14","1.0692"
"3863","delgado","thin","6.14","1.3999"
"3864","noción","notion","6.14","1.2456"
"3865","herramientas","tools","6.14","1.2291"
"3866","voice","voice","6.14","1.1068"
"3867","profile","profile","6.14","1.2124"
"3868","msj","msg","6.14","1.6164"
"3869","nacional","national","6.14","1.4709"
"3870","circulación","circulation","6.14","1.2618"
"3871","importación","import","6.14","1.2124"
"3872","destinadas","intended","6.14","1.4287"
"3873","podre","podre","6.14","1.3704"
"3874","maquillaje","makeup","6.14","1.5254"
"3875","imprescindible","essential","6.14","1.552"
"3876","now","now","6.14","1.5651"
"3877","fundó","founded","6.14","1.0304"
"3878","xd","xd","6.14","1.6164"
"3879","recién","newly","6.14","1.1608"
"3880","crees","think","6.14","1.143"
"3881","pública","public","6.14","1.1954"
"3882","concepción","conception","6.14","1.4144"
"3883","started","started","6.14","1.4287"
"3884","ejemplo","example","6.14","0.9478"
"3885","work","work","6.14","1.8737"
"3886","dirigió","directed","6.14","1.1782"
"3887","canarias","Canary Islands","6.14","1.1068"
"3888","feed","feed","6.14","1.1608"
"3889","sigues","follow","6.14","1.0304"
"3890","pro-","pro-","6.14","1.2456"
"3891","frecuentes","Frequently","6.14","0.9899"
"3892","representan","represent","6.14","1.0882"
"3893","conserva","preserve","6.14","1.4144"
"3894","editor","editor","6.14","1.143"
"3895","pasamos","we","6.14","1.3704"
"3896","biografía","biography","6.12","1.2229"
"3897","mi","my","6.12","1.3192"
"3898","semejantes","similar","6.12","1.3192"
"3899","norteamericana","American","6.12","1.5732"
"3900","invierno","winter","6.12","2.0167"
"3901","sueÑo","dream","6.12","1.9861"
"3902","mija","Mija","6.12","1.934"
"3903","hallan","are","6.12","1.4234"
"3904","urbano","urban","6.12","1.3944"
"3905","implementación","implementation","6.12","1.1891"
"3906","motores","engines","6.12","1.5862"
"3907","próxima","next","6.12","1.0812"
"3908","tuyo","yours","6.12","1.2395"
"3909","americanos","American","6.12","1.7802"
"3910","establecimiento","establishment","6.12","1.2558"
"3911","usuario","user","6.12","1.1364"
"3912","trago","drink","6.12","1.3944"
"3913","construcciones","constructions","6.12","1.5732"
"3914","complementos","ons","6.12","1.0999"
"3915","ustedes","you","6.12","1.2558"
"3916","york","york","6.12","1.2558"
"3917","director","director","6.12","1.7454"
"3918","pertenece","belongs","6.12","1.0622"
"3919","marketing","marketing","6.12","1.6117"
"3920","escrita","written","6.12","0.9398"
"3921","latin","latin","6.12","1.3498"
"3922","investigador","researcher","6.12","1.4377"
"3923","find","find","6.12","1.4234"
"3924","llegan","arrive","6.12","1.0999"
"3925","quieran","want","6.12","1.3797"
"3926","paula","paula","6.12","1.2879"
"3927","ebay","ebay","6.12","1.272"
"3928","socio","partner","6.12","1.272"
"3929","planteamiento","approach","6.12","1.272"
"3930","reportajes","reports","6.12","1.409"
"3931","experimental","experimental","6.12","1.1542"
"3932","considerablemente","considerably","6.12","1.0999"
"3933","levantarse","rise","6.12","1.7571"
"3934","finca","estate","6.12","1.4934"
"3935","cooperativas","cooperatives","6.12","1.3797"
"3936","ganado","cattle","6.12","1.6243"
"3937","envía","sends","6.12","1.0428"
"3938","eco","echo","6.12","1.3649"
"3939","independientemente","independently","6.12","1.3797"
"3940","seguidores","followers","6.12","1.599"
"3941","república","republic","6.12","1.3037"
"3942","yours","yours","6.12","1.1183"
"3943","orientales","Eastern","6.12","1.2395"
"3944","puente","bridge","6.12","0.9613"
"3945","patriotas","Patriots","6.12","1.6738"
"3946","damos","we","6.12","0.9823"
"3947","afirmó","said","6.12","1.2395"
"3948","regrese","return","6.12","1.2229"
"3949","envíos","shipments","6.12","1.2229"
"3950","tuning","tuning","6.12","1.1542"
"3951","solicita","requests","6.12","1.1542"
"3952","fam","fam","6.12","1.6243"
"3953","mona","mona","6.12","1.3498"
"3954","esfera","sphere","6.12","1.1364"
"3955","ten","ten","6.12","1.2558"
"3956","cumplas","fulfill","6.12","1.409"
"3957","most","Most","6.12","1.1364"
"3958","química","chemistry","6.12","1.7219"
"3959","idol","idol","6.12","1.4934"
"3960","quince","fifteen","6.12","1.5471"
"3961","baño","bath","6.12","1.4518"
"3962","pase","pass","6.12","0.9613"
"3963","crédito","credit","6.12","1.3649"
"3964","estamos","we","6.12","1.0029"
"3965","hipótesis","hypothesis","6.12","0.9823"
"3966","organismo","body","6.12","1.2879"
"3967","subir","upload","6.12","1.2395"
"3968","coming","coming","6.12","1.0622"
"3969","haces","do","6.12","1.1542"
"3970","iconos","icons","6.12","1.023"
"3971","haciendo","doing","6.12","1.023"
"3972","diarios","daily","6.12","1.0622"
"3973","vienes","come","6.12","1.1891"
"3974","intentando","trying","6.12","1.1718"
"3975","have","have","6.12","1.2558"
"3976","map","map","6.12","1.1891"
"3977","práctica","practice","6.12","1.0622"
"3978","cheap","cheap","6.12","1.934"
"3979","raíz","root","6.12","1.1718"
"3980","hardware","hardware","6.12","1.409"
"3981","vistas","views","6.12","1.1364"
"3982","sociedad","society","6.12","1.272"
"3983","antigüedad","antiquity","6.12","1.5205"
"3984","interes","interest","6.12","1.4377"
"3985","uk","uk","6.12","1.6368"
"3986","realizará","held","6.12","1.0029"
"3987","existentes","existing","6.12","1.023"
"3988","convenios","agreements","6.12","1.272"
"3989","fotolog","photoblog","6.12","1.5205"
"3990","trending","trending","6.12","1.1364"
"3991","titulares","holders","6.12","1.1718"
"3992","pintada","graffiti","6.12","1.0428"
"3993","zelanda","Zealand","6.12","1.7687"
"3994","potosí","Potosi","6.1","1.3887"
"3995","hear","hear","6.1","1.4178"
"3996","bolso","bag","6.1","1.3439"
"3997","white","white","6.1","1.2164"
"3998","representaciones","representations","6.1","1.0351"
"3999","adentro","in","6.1","1.0738"
"4000","instalación","installation","6.1","1.1112"
"4001","tendre","I will have","6.1","1.359"
"4002","obtuvo","obtained","6.1","1.2164"
"4003","pueblo","people","6.1","1.0152"
"4004","aldea","village","6.1","1.1995"
"4005","india","Indian woman","6.1","1.233"
"4006","extiende","extends","6.1","1.233"
"4007","escudo","shield","6.1","1.2817"
"4008","sonando","ringing","6.1","1.1112"
"4009","colectivos","collective","6.1","1.165"
"4010","sirvió","served","6.1","1.5551"
"4011","miren","look","6.1","0.9091"
"4012","entiende","understood","6.1","1.3439"
"4013","quieras","want","6.1","1.2657"
"4014","cierta","some","6.1","1.2657"
"4015","programas","programs","6.1","1.233"
"4016","ponemos","we","6.1","1.2657"
"4017","servidor","server","6.1","1.2657"
"4018","comentarios","comments","6.1","0.7626"
"4019","cable","cable","6.1","1.2817"
"4020","sabe","know","6.1","1.1473"
"4021","proporciona","provides","6.1","1.2657"
"4022","publicados","published","6.1","0.8864"
"4023","mine","mine","6.1","1.233"
"4024","vender","sell","6.1","1.359"
"4025","caliente","hot","6.1","1.6067"
"4026","on","on","6.1","1.1995"
"4027","puestos","posts","6.1","1.233"
"4028","unlocked","unlocked","6.1","1.8323"
"4029","franceses","French","6.1","1.1473"
"4030","sugiere","suggests","6.1","1.0738"
"4031","cuerpos","bodies","6.1","1.488"
"4032","decisión","decision","6.1","1.5286"
"4033","contestación","reply","6.1","1.2164"
"4034","considerando","considering","6.1","1.0546"
"4035","cubano","Cuban","6.1","1.2164"
"4036","directamente","directly","6.1","1.4743"
"4037","clases","classes","6.1","1.488"
"4038","cambio","change","6.1","1.3439"
"4039","competencia","competition","6.1","1.4321"
"4040","ocasiones","occasions","6.1","1.1112"
"4041","continuo","continuous","6.1","1.0738"
"4042","flash","flash","6.1","1.359"
"4043","doble","double","6.1","1.0351"
"4044","vamonos","vamonos","6.1","1.5811"
"4045","liga","league","6.1","1.1294"
"4046","equipamiento","equipment","6.1","1.2657"
"4047","vistazo","look","6.1","0.953"
"4048","group","group","6.1","1.3286"
"4049","sigan","follow","6.1","1.0546"
"4050","combinación","combination","6.1","1.2657"
"4051","mono","monkey","6.1","1.2495"
"4052","exportación","export","6.1","1.1112"
"4053","añoooooo","añoooooo","6.1","1.6933"
"4054","july","july","6.1","1.4604"
"4055","enfoque","approach","6.1","0.9742"
"4056","ingresa","login","6.1","0.9949"
"4057","tierras","land","6.1","1.1112"
"4058","vosotros","you","6.1","1.1294"
"4059","icono","icon","6.1","1.1294"
"4060","bebiendo","drinking","6.1","1.8098"
"4061","acordado","agreed","6.1","1.0546"
"4062","tonos","tones","6.1","1.2817"
"4063","narrativa","narrative","6.1","1.2817"
"4064","sabias","wise","6.1","1.2164"
"4065","levantó","up","6.1","1.0926"
"4066","convenio","agreement","6.1","1.165"
"4067","civilización","civilization","6.1","1.2976"
"4068","incluir","include","6.1","0.953"
"4069","sigamos","follow","6.1","1.2164"
"4070","fuertemente","strongly","6.1","1.5152"
"4071","peru","peru","6.1","1.4033"
"4072","profe","prof","6.1","1.233"
"4073","gramática","grammar","6.1","1.5682"
"4074","intentos","attempts","6.1","1.2164"
"4075","actualmente","now","6.1","1.3286"
"4076","guay","cool","6.1","1.3132"
"4077","exista","there","6.1","1.1112"
"4078","pequeña","small","6.1","1.6194"
"4079","romanos","Romans","6.1","1.3286"
"4080","cordillera","range","6.08","1.2262"
"4081","festa","festa","6.08","1.5758"
"4082","diré","tell","6.08","1.2911"
"4083","sientas","feel","6.08","1.122"
"4084","noticia","news","6.08","1.14"
"4085","inca","inca","6.08","1.1753"
"4086","reciben","receive","6.08","0.8999"
"4087","equivalente","equivalent","6.08","1.3223"
"4088","make","make","6.08","1.1925"
"4089","harry","harry","6.08","1.3529"
"4090","camara","camera","6.08","1.6268"
"4091","dentro","within","6.08","1.1753"
"4092","up","up","6.08","1.1925"
"4093","aporte","input","6.08","1.3377"
"4094","contenido","content","6.08","1.027"
"4095","subasta","auction","6.08","1.3529"
"4096","editores","editors","6.08","1.1925"
"4097","firma","signature","6.08","0.9864"
"4098","formada","formed","6.08","1.2428"
"4099","individuo","individual","6.08","1.3377"
"4100","villa","villa","6.08","1.4119"
"4101","leo","read","6.08","1.4405"
"4102","templos","temples","6.08","1.5365"
"4103","psp","psp","6.08","1.7004"
"4104","dados","dice","6.08","0.9223"
"4105","creen","believe","6.08","1.2591"
"4106","blogger","blogger","6.08","1.3068"
"4107","griegos","Greek","6.08","1.3223"
"4108","sé","know","6.08","1.1753"
"4109","presenta","presents","6.08","0.9442"
"4110","termine","end","6.08","1.4546"
"4111","calle","street","6.08","1.027"
"4112","morelos","Morelos","6.08","1.4546"
"4113","razones","reasons","6.08","1.2095"
"4114","productores","producers","6.08","1.2428"
"4115","ideológica","ideological","6.08","1.3529"
"4116","inglesa","English","6.08","1.7361"
"4117","también","also","6.08","1.1753"
"4118","mercancías","goods","6.08","1.122"
"4119","ayúdanos","help us","6.08","1.771"
"4120","maria","maria","6.08","1.4119"
"4121","construccion","construction","6.08","1.2428"
"4122","citar","quote","6.08","1.1925"
"4123","fundamentos","basics","6.08","1.2262"
"4124","comercialización","merchandising","6.08","1.6015"
"4125","sostener","hold","6.08","0.9442"
"4126","cátedra","chair","6.08","1.4686"
"4127","doing","doing","6.08","1.085"
"4128","números","numbers","6.08","1.3974"
"4129","expo","expo","6.08","1.2752"
"4130","hable","talk","6.08","1.1578"
"4131","foros","forums","6.08","1.3529"
"4132","bogotá","Bogota","6.08","1.4405"
"4133","hp","hp","6.08","1.6884"
"4134","tratar","treat","6.08","1.1578"
"4135","comenzado","begun","6.08","1.027"
"4136","pista","track","6.08","0.9223"
"4137","jean","jean","6.08","1.4686"
"4138","años","years old","6.08","1.3223"
"4139","cel","cel","6.08","1.2428"
"4140","rodrigo","rodrigo","6.08","1.3679"
"4141","descendientes","progeny","6.08","1.3679"
"4142","agenda","diary","6.08","1.122"
"4143","amarillo","yellow","6.08","1.3974"
"4144","office","office","6.08","1.3827"
"4145","tuu","tuu","6.08","1.4546"
"4146","serás","you will","6.08","1.14"
"4147","interiores","Interior","6.08","1.1036"
"4148","ejercer","exercise","6.08","1.2591"
"4149","comenzaron","began","6.08","0.8769"
"4150","escena","scene","6.08","1.2752"
"4151","entra","enters","6.08","0.8533"
"4152","canales","channels","6.08","1.2911"
"4153","oído","ear","6.08","1.3377"
"4154","nuestras","our","6.08","1.2428"
"4155","pastor","pastor","6.08","1.4824"
"4156","maas","maas","6.08","1.5497"
"4157","km/h","km / h","6.08","1.3974"
"4158","publicado","published","6.08","1.0467"
"4159","portugal","Portugal","6.08","1.3377"
"4160","casualidad","chance","6.08","1.2911"
"4161","huevo","egg","6.08","0.9442"
"4162","tacones","heels","6.08","1.6884"
"4163","méjico","Mexico","6.08","2.4146"
"4164","paquetes","packages","6.08","0.9655"
"4165","centro","center","6.08","1.3068"
"4166","ventura","fortune","6.08","1.3827"
"4167","permiten","allow","6.08","0.9864"
"4168","saben","know","6.08","1.1753"
"4169","#nowplaying","# Nowplaying","6.08","1.9256"
"4170","cuevana","cuevana","6.08","1.6393"
"4171","orgullo","pride","6.08","2.2209"
"4172","trato","treatment","6.08","0.9864"
"4173","sigo","follow","6.08","0.9442"
"4174","frecuente","frequent","6.08","1.0467"
"4175","pienses","think","6.08","1.2262"
"4176","looking","looking","6.08","1.066"
"4177","foundation","foundation","6.08","1.14"
"4178","editorial","editorial","6.08","1.14"
"4179","services","services","6.08","0.9655"
"4180","sentimental","sentimental","6.06","2.0244"
"4181","portugueses","Portuguese","6.06","1.1851"
"4182","aula","classroom","6.06","1.0577"
"4183","varias","several","6.06","1.0577"
"4184","aproximación","approximation","6.06","1.1502"
"4185","creencia","belief","6.06","1.4902"
"4186","junto","together","6.06","1.0577"
"4187","representado","represented","6.06","1.0768"
"4188","brazo","arm","6.06","1.2843"
"4189","solicitudes","Applications","6.06","1.0768"
"4190","consideró","considered","6.06","1.1678"
"4191","teclado","keyboard","6.06","1.1678"
"4192","decirte","tell","6.06","0.9564"
"4193","agregar","add","6.06","0.9348"
"4194","darnos","us","6.06","1.2521"
"4195","prácticamente","practically","6.06","1.0768"
"4196","indígenas","Indigenous","6.06","1.7072"
"4197","marino","marine","6.06","1.3614"
"4198","creo","I","6.06","1.2022"
"4199","preguntas","questioning","6.06","1.3157"
"4200","national","national","6.06","1.4057"
"4201","ensayo","trial","6.06","1.1502"
"4202","adultos","adults","6.06","1.6214"
"4203","miembro","member","6.06","1.1141"
"4204","silla","chair","6.06","1.0956"
"4205","nacion","nation","6.06","1.4057"
"4206","indispensable","indispensable","6.06","1.3157"
"4207","firmado","signed","6.06","1.3763"
"4208","voy","I","6.06","0.8901"
"4209","informó","reported","6.06","1.0382"
"4210","artículos","articles","6.06","1.1141"
"4211","asociado","associated","6.06","1.4201"
"4212","origen","origin","6.06","1.2843"
"4213","resulta","result","6.06","1.1678"
"4214","sabido","learned","6.06","1.0382"
"4215","source","source","6.06","1.2357"
"4216","verlo","see it","6.06","1.0577"
"4217","contesto","reply","6.06","1.2022"
"4218","tengamos","have","6.06","1.3157"
"4219","simple","simple","6.06","1.3157"
"4220","consuelo","comfort","6.06","1.766"
"4221","vid","vine","6.06","1.3614"
"4222","precisamente","precisely","6.06","1.0577"
"4223","casado","married","6.06","2.2983"
"4224","tomorrow","tomorrow","6.06","1.596"
"4225","peculiar","peculiar","6.06","1.1678"
"4226","ambas","both","6.06","0.9982"
"4227","instrucción","instruction","6.06","1.2521"
"4228","cédula","charter","6.06","1.4626"
"4229","repuestos","parts","6.06","1.3614"
"4230","esperado","expected","6.06","1.3614"
"4231","recientes","Recent","6.06","1.0184"
"4232","recinto","enclosure","6.06","1.3614"
"4233","ringtones","ringtones","6.06","1.1851"
"4234","sigas","follow","6.06","1.2191"
"4235","search","search","6.06","1.1323"
"4236","tiempo","time","6.06","1.2357"
"4237","tuitear","tweet","6.06","1.7192"
"4238","content","content","6.06","1.3001"
"4239","levantar","lift","6.06","1.4201"
"4240","surge","arises","6.06","1.2521"
"4241","xv","xv","6.06","1.4902"
"4242","volver","return","6.06","1.2683"
"4243","venga","come","6.06","1.0382"
"4244","sherlock","sherlock","6.06","1.3614"
"4245","conoció","met","6.06","1.1678"
"4246","geográfica","geographical","6.06","1.2357"
"4247","newsletter","newsletter","6.06","1.2357"
"4248","extensión","extension","6.06","1.3911"
"4249","representación","representation","6.06","0.9775"
"4250","contestar","answer","6.06","0.9775"
"4251","salida","output","6.06","1.4486"
"4252","física","physics","6.06","1.4344"
"4253","profundas","deep","6.06","1.4057"
"4254","mercado","market","6.06","1.1678"
"4255","año","year","6.06","1.544"
"4256","concretas","concrete","6.06","1.2022"
"4257","change","change","6.06","1.596"
"4258","trabajan","work","6.06","1.5703"
"4259","posiblemente","likely","6.06","0.9775"
"4260","negociaciones","talks","6.06","1.3157"
"4261","Él","He","6.04","1.4136"
"4262","pensó","thought","6.04","1.2282"
"4263","sala","room","6.04","1.261"
"4264","notar","note","6.04","0.9249"
"4265","serlo","be","6.04","1.1421"
"4266","presentó","presented","6.04","0.9681"
"4267","ubicado","located","6.04","1.0093"
"4268","inmuebles","estate","6.04","0.9889"
"4269","proximo","next","6.04","1.0093"
"4270","capítulo","chapter","6.04","0.9467"
"4271","#perla","# Pearl","6.04","1.6655"
"4272","muestran","show","6.04","0.832"
"4273","secretaria","Secretary","6.04","1.3395"
"4274","realidades","realities","6.04","1.3696"
"4275","ramos","ramos","6.04","1.3991"
"4276","manual","manual","6.04","1.2282"
"4277","#notieneprecio","# Notieneprecio","6.04","1.6777"
"4278","representa","represents","6.04","1.0093"
"4279","ahora","now","6.04","1.1058"
"4280","pymes","SMEs","6.04","1.4422"
"4281","panama","panama","6.04","1.8066"
"4282","saldo","balance","6.04","1.3395"
"4283","tiene","you have","6.04","1.1421"
"4284","llamó","called","6.04","1.5381"
"4285","diversos","various","6.04","1.3696"
"4286","usuarios","users","6.04","1.2447"
"4287","every","every","6.04","1.1421"
"4288","taller","workshop","6.04","1.1599"
"4289","obediencia","obedience","6.04","1.6532"
"4290","elaborado","elaborated","6.04","1.4563"
"4291","tuiter","tweet","6.04","1.6532"
"4292","discípulos","disciples","6.04","1.4563"
"4293","oliva","olive","6.04","0.9889"
"4294","él","he","6.04","1.3845"
"4295","disciplina","discipline","6.04","1.7838"
"4296","tweets","tweets","6.04","1.7608"
"4297","mezcla","mixture","6.04","1.1421"
"4298","vinieron","came","6.04","1.4702"
"4299","haber","have","6.04","1.1599"
"4300","nombramiento","appointment","6.04","1.428"
"4301","sign","sign","6.04","1.0872"
"4302","principalmente","mainly","6.04","1.0872"
"4303","siguen","follow","6.04","0.9467"
"4304","keep","keep","6.04","1.2771"
"4305","plataformas","platforms","6.04","1.2771"
"4306","hosting","hosting","6.04","1.2447"
"4307","carolina","carolina","6.04","1.1241"
"4308","levantarme","get up","6.04","1.5644"
"4309","recuerden","remember","6.04","1.1773"
"4310","litoral","coast","6.04","1.3242"
"4311","horóscopo","horoscope","6.04","1.7608"
"4312","impresión","print","6.04","1.049"
"4313","escriba","scribe","6.04","1.293"
"4314","frase","phrase","6.04","1.261"
"4315","adicional","additional","6.04","1.1773"
"4316","observa","observed","6.04","1.2282"
"4317","refiero","mean","6.04","1.1773"
"4318","next","next","6.04","1.1599"
"4319","permanece","remains","6.04","1.0872"
"4320","miro","look","6.04","1.2115"
"4321","mufasa","mufasa","6.04","1.8512"
"4322","vuestros","your","6.04","1.0872"
"4323","semestre","semester","6.04","1.2282"
"4324","elementos","elements","6.04","1.1773"
"4325","metropolitana","metropolitan","6.04","1.0872"
"4326","volviendo","back","6.04","1.1421"
"4327","contado","Spot","6.04","1.3845"
"4328","obrigada","obrigada","6.04","1.4702"
"4329","conclusiones","conclusions","6.04","1.261"
"4330","búsquedas","search","6.04","1.2282"
"4331","capÍtulo","chapter","6.04","0.9681"
"4332","estemos","we","6.04","1.0872"
"4333","hábitos","habits","6.04","1.293"
"4334","crean","create","6.04","1.2447"
"4335","cuero","leather","6.04","1.4563"
"4336","alojamientos","Accommodation","6.04","0.9467"
"4337","hablas","talk","6.04","1.3242"
"4338","altura","height","6.04","1.5513"
"4339","wordpress","wordpress","6.04","1.4563"
"4340","ocasión","occasion","6.04","0.9467"
"4341","disponer","dispose","6.04","1.293"
"4342","sucesos","events","6.04","1.2447"
"4343","suministros","supplies","6.04","1.3696"
"4344","domicilio","home","6.04","1.2771"
"4345","círculos","circles","6.04","0.9681"
"4346","vimos","saw","6.04","0.9026"
"4347","tejido","tissue","6.04","1.3242"
"4348","observación","observation","6.04","1.293"
"4349","singular","singular","6.04","1.1599"
"4350","tamaño","size","6.04","1.1945"
"4351","hago","I","6.04","1.1241"
"4352","studio","studio","6.04","1.1241"
"4353","metafísica","metaphysics","6.04","1.8066"
"4354","conductor","conductor","6.04","1.1599"
"4355","mayores","more","6.04","1.3242"
"4356","investigaciones","research","6.04","1.5113"
"4357","polonia","Poland","6.04","1.2447"
"4358","palabra","word","6.02","1.1692"
"4359","salón","lounge","6.02","1.505"
"4360","muchacho","boy","6.02","1.3626"
"4361","personal","personal","6.02","1.2036"
"4362","suscripción","subscription","6.02","1.2036"
"4363","evidentemente","obviously","6.02","1.237"
"4364","crema","cream","6.02","1.02"
"4365","arco","arc","6.02","1.1337"
"4366","intel","intel","6.02","1.6098"
"4367","suben","up","6.02","1.3169"
"4368","establecimientos","establishments","6.02","0.9792"
"4369","comenta","comments","6.02","1.0593"
"4370","salas","rooms","6.02","1.2036"
"4371","entregar","deliver","6.02","1.5583"
"4372","periodista","journalist","6.02","1.3626"
"4373","enlaza","link","6.02","1.0593"
"4374","formacion","formation","6.02","1.0593"
"4375","respectivamente","respectively","6.02","1.2204"
"4376","quisiera","would","6.02","1.3626"
"4377","xfa","xfa","6.02","1.4497"
"4378","bibliografía","bibliography","6.02","1.2856"
"4379","coahuila","coahuila","6.02","1.3476"
"4380","vean","see","6.02","1.1337"
"4381","performed","performed","6.02","1.5185"
"4382","tarjeta","card","6.02","1.2204"
"4383","mercados","markets","6.02","1.1692"
"4384","seguido","continued","6.02","1.2204"
"4385","civiles","civil","6.02","1.1865"
"4386","altar","altar","6.02","1.5451"
"4387","fabricación","manufacturing","6.02","1.2696"
"4388","evidente","evident","6.02","1.1337"
"4389","ediciones","editions","6.02","1.1156"
"4390","caballería","cavalry","6.02","1.3775"
"4391","aww","aww","6.02","1.868"
"4392","inmediato","immediate","6.02","1.237"
"4393","mijo","millet","6.02","1.7437"
"4394","selena","selena","6.02","1.5318"
"4395","ofreció","offered","6.02","1.3775"
"4396","acoste","slept","6.02","1.1865"
"4397","diciendo","saying","6.02","0.9998"
"4398","puntos","points","6.02","1.4068"
"4399","poseen","have","6.02","1.4356"
"4400","palma","palm","6.02","0.9998"
"4401","acto","act","6.02","1.1692"
"4402","temprano","early","6.02","1.8125"
"4403","tendremos","we","6.02","1.2856"
"4404","convierte","becomes","6.02","0.9792"
"4405","haciendas","haciendas","6.02","1.4068"
"4406","posibles","possible","6.02","1.2534"
"4407","going","going","6.02","1.3775"
"4408","empiezas","start","6.02","1.0593"
"4409","manager","manager","6.02","1.5583"
"4410","navigation","navigation","6.02","1.672"
"4411","aplica","applies","6.02","1.1337"
"4412","podrá","can","6.02","1.1516"
"4413","transferencia","transfer","6.02","1.1865"
"4414","tejidos","tissues","6.02","1.1692"
"4415","articulos","Articles","6.02","1.2856"
"4416","explico","explain","6.02","1.1156"
"4417","gerente","manager","6.02","1.6098"
"4418","balanza","balance","6.02","1.3169"
"4419","relacionada","related","6.02","0.9366"
"4420","asia","Asia","6.02","1.2696"
"4421","añooo","añooo","6.02","1.8125"
"4422","comenzo","started","6.02","0.9366"
"4423","making","making","6.02","1.237"
"4424","órden","order","6.02","1.6474"
"4425","exclusivamente","exclusively","6.02","1.6597"
"4426","cubanos","Cuban","6.02","1.6841"
"4427","empece","started","6.02","1.0593"
"4428","cabeza","head","6.02","1.3013"
"4429","instituto","institute","6.02","1.3775"
"4430","entrevistas","interviews","6.02","1.505"
"4431","acuerda","agrees","6.02","1.1865"
"4432","suzuki","suzuki","6.02","1.6597"
"4433","edades","ages","6.02","1.3013"
"4434","monitor","monitor","6.02","0.9581"
"4435","service","service","6.02","1.1337"
"4436","oraciones","prayers","6.02","1.8238"
"4437","tendrán","will","6.02","1.3323"
"4438","vente","solvent","6.02","1.237"
"4439","once","eleven","6.02","1.3323"
"4440","medieval","medieval","6.02","1.8897"
"4441","trabajos","jobs","6.02","1.5971"
"4442","conocidas","known","6.02","1.0784"
"4443","borges","borges","6.02","1.2534"
"4444","incluye","includes","6","0.9476"
"4445","motorola","motorola","6","1.2289"
"4446","básicamente","basically","6","1.178"
"4447","épocas","times","6","1.0302"
"4448","colectiva","collective","6","1.2289"
"4449","sentimos","Sorry","6","1.5518"
"4450","serán","will","6","1.088"
"4451","transición","transition","6","1.3553"
"4452","simultáneamente","simultaneously","6","1.1249"
"4453","manera","way","6","1.3401"
"4454","diversas","various","6","1.3997"
"4455","claudia","greengage","6","1.4142"
"4456","provincias","provinces","6","1.3093"
"4457","mecanismo","mechanism","6","1.2454"
"4458","consideraciones","considerations","6","1.4286"
"4459","follower","follower","6","1.1952"
"4460","expresado","voiced","6","1.3851"
"4461","procurar","seek","6","1.2617"
"4462","nacionalidad","nationality","6","1.4142"
"4463","dirige","directs","6","1.2289"
"4464","vivió","lived","6","1.7496"
"4465","espacios","spaces","6","1.6537"
"4466","tranqui","tranqui","6","1.5908"
"4467","agrega","adds","6","1.178"
"4468","escritorio","desk","6","1.0498"
"4469","june","june","6","1.2454"
"4470","north","north","6","1.1952"
"4471","trucos","Tricks","6","1.666"
"4472","box","box","6","1.3401"
"4473","mineral","mineral","6","1.3401"
"4474","nombre","name","6","1.0302"
"4475","identificar","identify","6","1.2122"
"4476","asociados","associated","6","1.1606"
"4477","ligeramente","slightly","6","1.0102"
"4478","tenga","have","6","0.8806"
"4479","determinado","determined","6","1.2454"
"4480","quedamos","were","6","1.1606"
"4481","fundamental","fundamental","6","0.9689"
"4482","surgen","arise","6","1.0498"
"4483","getting","getting","6","1.1952"
"4484","lei","lei","6","1.5779"
"4485","usted","you","6","1.3248"
"4486","inicial","initial","6","1.0498"
"4487","transportes","transportation","6","1.3248"
"4488","hacen","do","6","1.178"
"4489","llevamos","we","6","1.2122"
"4490","vienen","come","6","0.9689"
"4491","intensa","intense","6","1.6782"
"4492","link","link","6","1.1606"
"4493","caminos","roads","6","1.1066"
"4494","corresponden","correspond","6","0.9897"
"4495","letra","letter","6","1.0102"
"4496","espalda","back","6","1.3702"
"4497","formal","formal","6","1.3851"
"4498","exterior","exterior","6","0.9476"
"4499","me","me","6","1.3851"
"4500","get","get","6","1.5908"
"4501","eléctrica","electrical","6","1.2617"
"4502","já","já","6","1.3851"
"4503","author","author","6","1.2454"
"4504","contundente","convincing","6","1.2289"
"4505","alcohol","alcohol","6","1.7261"
"4506","anda","walks","6","1.0102"
"4507","suscríbete","subscribe","6","1.2936"
"4508","específicamente","specifically","6","1.1249"
"4509","company","company","6","1.3553"
"4510","obviamente","obviously","6","1.1249"
"4511","menudo","often","6","1.5119"
"4512","alto","high","6","1.4428"
"4513","impresora","printer","6","1.0302"
"4514","telefónica","phone","6","1.3553"
"4515","rehabilitación","rehabilitation","6","1.7261"
"4516","llamados","called","6","1.1429"
"4517","llamado","called","6","1.178"
"4518","reciba","receive","6","0.9689"
"4519","fincas","farms","6","1.1606"
"4520","cuadros","pictures","6","1.3093"
"4521","esponja","sponge","6","1.3093"
"4522","podrias","Might","6","1.2778"
"4523","adn","DNA","6","1.3248"
"4524","determinados","determined","6","1.4142"
"4525","views","views","6","1.1429"
"4526","regreso","return","6","1.2936"
"4527","símbolos","symbols","6","1.3248"
"4528","reflejo","reflection","6","1.1066"
"4529","february","february","6","1.3851"
"4530","ponerme","get","6","1.0302"
"4531","añooooo","añooooo","6","1.5908"
"4532","pasos","steps","6","1.0498"
"4533","previsto","provided","6","1.1066"
"4534","media","average","6","1.1066"
"4535","sesiones","sessions","6","1.2778"
"4536","americanas","American","6","1.6288"
"4537","petición","request","6","1.2617"
"4538","montevideo","Resume","6","1.2289"
"4539","aplicable","applicable","6","1.1952"
"4540","lima","lime","6","1.1249"
"4541","ire","ire","6","1.1249"
"4542","tuyos","yours","6","0.9897"
"4543","vemos","see","6","1.0498"
"4544","hectáreas","hectares","6","1.2778"
"4545","corresponde","corresponds","6","1.0302"
"4546","teoría","theory","6","1.4428"
"4547","apellidos","surnames","6","1.069"
"4548","canal","channel","6","1.1429"
"4549","ramo","bouquet","6","1.3093"
"4550","figuras","Figures","6","1.178"
"4551","hacerte","make","6","1.2936"
"4552","valencia","valence","6","1.4846"
"4553","seguramente","surely","6","1.1952"
"4554","sere","I will be","6","1.4286"
"4555","diaa","diaa","6","1.4286"
"4556","actitudes","attitudes","6","1.3702"
"4557","fundamento","foundation","6","1.3702"
"4558","acabas","just","5.98","1.6349"
"4559","componentes","components","5.98","1.0593"
"4560","chalets","chalets","5.98","1.3323"
"4561","pluma","pen","5.98","0.9998"
"4562","toca","touch","5.98","1.2204"
"4563","hidalgo","nobleman","5.98","1.4776"
"4564","puros","pure","5.98","1.6474"
"4565","inmueble","property","5.98","1.5451"
"4566","panamá","Panama","5.98","1.2036"
"4567","ahhh","ahhh","5.98","1.3013"
"4568","your","your","5.98","0.9145"
"4569","hablo","Spoken","5.98","1.0971"
"4570","clase","class","5.98","1.3775"
"4571","localidad","locality","5.98","1.237"
"4572","diana","dartboard","5.98","1.0971"
"4573","dedos","fingers","5.98","1.2696"
"4574","importaciones","imports","5.98","1.2856"
"4575","instante","moment","5.98","0.8449"
"4576","bolsillo","pocket","5.98","1.1156"
"4577","aparecen","appear","5.98","1.1337"
"4578","miércoles","Wednesday","5.98","1.3476"
"4579","nyc","nyc","5.98","1.4213"
"4580","uruguay","Uruguay","5.98","1.4776"
"4581","superiores","higher","5.98","1.6098"
"4582","diferente","different","5.98","1.505"
"4583","podrán","may","5.98","0.9581"
"4584","clave","key","5.98","1.1692"
"4585","intento","attempt","5.98","1.237"
"4586","demuestra","shows","5.98","1.2204"
"4587","guías","guides","5.98","1.1337"
"4588","llego","came","5.98","1.02"
"4589","cambiar","change","5.98","1.4213"
"4590","my","my","5.98","1.2534"
"4591","paciente","patient","5.98","1.5451"
"4592","llegas","arrive","5.98","1.0784"
"4593","periódico","newspaper","5.98","1.1692"
"4594","autorización","authorization","5.98","1.5842"
"4595","license","license","5.98","1.2696"
"4596","contestó","answered","5.98","1.237"
"4597","montes","mountains","5.98","1.2534"
"4598","single","single","5.98","1.6349"
"4599","guias","Guides","5.98","0.9792"
"4600","pondré","put","5.98","1.1516"
"4601","hi5","hi5","5.98","1.9845"
"4602","generalmente","generally","5.98","1.02"
"4603","audiencia","audience","5.98","1.6841"
"4604","circular","circular","5.98","1.0784"
"4605","poblaciones","populations","5.98","1.1865"
"4606","botella","bottle","5.98","1.2696"
"4607","metales","metals","5.98","1.3013"
"4608","periodismo","journalism","5.98","1.0398"
"4609","efecto","effect","5.98","1.2036"
"4610","villas","villas","5.98","1.0593"
"4611","dirección","address","5.98","1.02"
"4612","habrá","will","5.98","0.9792"
"4613","payaso","clown","5.98","2.1523"
"4614","valid","valid","5.98","1.4213"
"4615","logos","logos","5.98","1.505"
"4616","salir","leave","5.98","1.4068"
"4617","estará","will","5.98","1.1865"
"4618","supo","knew","5.98","1.1156"
"4619","sirven","serve","5.98","1.3476"
"4620","organizaciones","organizations","5.98","1.3923"
"4621","ordenar","order","5.98","1.7319"
"4622","tomar","take","5.98","1.2696"
"4623","logística","logistics","5.98","1.4068"
"4624","cuadernos","notebooks","5.98","1.0398"
"4625","crónicas","chronic","5.98","1.4068"
"4626","cobre","copper","5.98","1.3626"
"4627","tanto","so","5.98","1.2204"
"4628","member","member","5.98","1.1516"
"4629","transacción","transaction","5.98","1.2696"
"4630","describir","describe","5.98","1.1156"
"4631","argumento","argument","5.98","1.4068"
"4632","selección","selection","5.98","1.4213"
"4633","incorporación","incorporation","5.98","1.5318"
"4634","anuncia","announced","5.98","1.0593"
"4635","nombró","appointed","5.98","1.1516"
"4636","paginas","pages","5.98","1.0398"
"4637","acero","steel","5.98","1.3013"
"4638","novo","novo","5.98","1.505"
"4639","flaca","Skinny","5.98","1.6597"
"4640","distribución","distribution","5.98","1.02"
"4641","concede","grants","5.98","1.02"
"4642","privacy","privacy","5.98","1.5185"
"4643","oki","oki","5.98","1.672"
"4644","provincia","province","5.98","1.4213"
"4645","deseaba","wanted","5.98","1.6098"
"4646","marruecos","Morocco","5.98","1.4637"
"4647","verbal","verbal","5.96","1.1421"
"4648","ora","ora","5.96","1.5513"
"4649","viene","comes","5.96","1.1945"
"4650","rol","role","5.96","1.1421"
"4651","ecuador","Ecuador","5.96","1.2282"
"4652","menciones","Mentions","5.96","1.049"
"4653","individual","individual","5.96","1.428"
"4654","oscar","oscar","5.96","1.6408"
"4655","miss","Miss","5.96","1.9055"
"4656","admite","supports","5.96","1.1421"
"4657","mantiene","maintains","5.96","1.1058"
"4658","dispone","has","5.96","1.1058"
"4659","suma","sum","5.96","1.0872"
"4660","constituyen","are","5.96","1.293"
"4661","dani","dani","5.96","1.5903"
"4662","bretaña","Brittany","5.96","1.7019"
"4663","verás","see","5.96","0.9467"
"4664","además","also","5.96","1.1421"
"4665","busqueda","search","5.96","1.293"
"4666","valenciana","Valencia","5.96","1.2282"
"4667","ganadería","animal husbandry","5.96","1.3087"
"4668","harán","will","5.96","1.0683"
"4669","temas","topics","5.96","1.2282"
"4670","córdoba","Cordova","5.96","1.3087"
"4671","analisis","analysis","5.96","1.5381"
"4672","let's","let's","5.96","1.2282"
"4673","siguiente","following","5.96","1.0683"
"4674","interior","interior","5.96","0.9889"
"4675","pense","pense","5.96","1.3696"
"4676","fases","phases","5.96","1.293"
"4677","relacionado","relevant","5.96","0.8071"
"4678","cd","CD","5.96","1.1241"
"4679","sur","south","5.96","1.4563"
"4680","tendencias","tendencies","5.96","1.3845"
"4681","verbo","verb","5.96","1.3242"
"4682","ejemplos","Examples","5.96","1.1773"
"4683","núcleo","core","5.96","1.1421"
"4684","traen","bring","5.96","1.1058"
"4685","mary","mary","5.96","1.2771"
"4686","calificaciones","Qualifications","5.96","1.6283"
"4687","fundamentalmente","fundamentally","5.96","1.0872"
"4688","responde","responds","5.96","1.1773"
"4689","romano","Roman","5.96","1.1421"
"4690","voces","voices","5.96","1.2282"
"4691","traigo","bring","5.96","1.049"
"4692","card","card","5.96","1.2447"
"4693","semejante","such","5.96","1.1241"
"4694","comments","comments","5.96","1.3087"
"4695","seminario","seminar","5.96","1.3087"
"4696","andrés","Andrew","5.96","1.5381"
"4697","sugerencias","suggestions","5.96","1.0093"
"4698","we","we","5.96","1.5513"
"4699","consulta","consultation","5.96","1.2447"
"4700","spaces","spaces","5.96","1.1599"
"4701","material","material","5.96","1.1599"
"4702","interesados","interested","5.96","1.6408"
"4703","pudiese","could","5.96","1.5381"
"4704","posts","posts","5.96","1.4841"
"4705","compañías","companies","5.96","1.4841"
"4706","utiliza","used","5.96","1.261"
"4707","localización","location","5.96","1.2115"
"4708","bookmark","bookmark","5.96","1.2282"
"4709","quedate","Stay","5.96","1.4702"
"4710","marina","marine","5.96","1.3242"
"4711","creencias","beliefs","5.96","1.5381"
"4712","myspace","myspace","5.96","1.3242"
"4713","regional","regional","5.96","1.3696"
"4714","añade","adds","5.96","0.8797"
"4715","entregó","delivered","5.96","1.1421"
"4716","autopista","highway","5.96","1.3242"
"4717","destinado","destined","5.96","1.2447"
"4718","mira","sight","5.96","0.6987"
"4719","moderador","moderator","5.96","1.2115"
"4720","rumbo","course","5.96","1.0872"
"4721","expresó","expressed","5.96","1.049"
"4722","tantas","many","5.96","1.3547"
"4723","cartagena","cartagena","5.96","1.2282"
"4724","darle","give","5.96","1.1421"
"4725","added","added","5.96","0.9889"
"4726","está","is","5.96","0.9889"
"4727","africa","africa","5.96","1.8066"
"4728","vengan","come","5.96","1.049"
"4729","ocupación","occupation","5.96","1.3991"
"4730","líquido","liquid","5.96","1.1773"
"4731","adicionales","additional","5.96","1.1945"
"4732","rutas","routes","5.96","1.1058"
"4733","tomamos","we","5.96","1.261"
"4734","public","public","5.96","0.9467"
"4735","sale","out","5.96","1.1945"
"4736","recien","Recent","5.96","1.0294"
"4737","garaje","garage","5.96","1.0294"
"4738","eléctrico","electric","5.96","1.2115"
"4739","inclusive","inclusive","5.94","1.2521"
"4740","establecer","establish","5.94","1.0577"
"4741","aja","aja","5.94","1.4201"
"4742","tribus","tribes","5.94","1.3614"
"4743","confidencialidad","confidentiality","5.94","1.4765"
"4744","parcela","plot","5.94","1.2843"
"4745","mercaderías","goods","5.94","1.1502"
"4746","with","with","5.94","1.0382"
"4747","pueda","can","5.94","1.0768"
"4748","view","view","5.94","0.8184"
"4749","maleta","suitcase","5.94","1.6953"
"4750","incluyendo","including","5.94","1.1323"
"4751","avisame","let me know","5.94","1.1141"
"4752","torres","towers","5.94","1.2843"
"4753","pray","pray","5.94","1.8671"
"4754","instalaciones","facilities","5.94","0.9982"
"4755","madera","wood","5.94","1.0768"
"4756","empezaste","started","5.94","1.1502"
"4757","susana","susana","5.94","1.2843"
"4758","post","post","5.94","1.0382"
"4759","mobiliario","furniture","5.94","1.3614"
"4760","considerar","consider","5.94","1.1502"
"4761","lean","read","5.94","1.4344"
"4762","énfasis","emphasis","5.94","1.1323"
"4763","normal","normal","5.94","0.9982"
"4764","hacerle","give","5.94","1.4486"
"4765","riego","irrigation","5.94","1.1851"
"4766","simples","simple","5.94","1.1502"
"4767","evalúa","evaluates","5.94","1.2191"
"4768","parecido","like","5.94","1.0577"
"4769","cinta","tape","5.94","1.1851"
"4770","lmfao","lmfao","5.94","1.6214"
"4771","edad","age","5.94","1.4486"
"4772","centros","centers","5.94","1.1678"
"4773","exponer","exhibit","5.94","1.4344"
"4774","juntas","together","5.94","1.4486"
"4775","característica","feature","5.94","1.0184"
"4776","edition","edition","5.94","1.0956"
"4777","destinada","intended","5.94","1.6214"
"4778","us","us","5.94","1.634"
"4779","local","local","5.94","1.0768"
"4780","menéame","mename","5.94","1.6214"
"4781","largo","long","5.94","1.4626"
"4782","hechas","made","5.94","1.0382"
"4783","marido","husband","5.94","1.921"
"4784","decisivo","decisive","5.94","1.5174"
"4785","empezado","initiated","5.94","1.4486"
"4786","provincial","provincial","5.94","1.2683"
"4787","duración","duration","5.94","1.3001"
"4788","laboratorio","laboratory","5.94","1.4057"
"4789","califica","qualifies","5.94","1.1851"
"4790","tributo","tribute","5.94","1.596"
"4791","suplementos","supplements","5.94","0.9348"
"4792","diario","daily","5.94","1.0768"
"4793","explicación","explanation","5.94","1.4486"
"4794","nombres","names","5.94","1.1678"
"4795","transporte","transport","5.94","1.2683"
"4796","máquina","machine","5.94","1.1678"
"4797","dale","dale","5.94","1.2357"
"4798","asturias","Asturias","5.94","1.3763"
"4799","we're","we're","5.94","0.7669"
"4800","significa","means","5.94","0.843"
"4801","oye","hears","5.94","1.1502"
"4802","células","cells","5.94","1.2843"
"4803","subscribe","subscribe","5.94","1.3157"
"4804","apariencia","appearance","5.94","1.6088"
"4805","tendencia","trend","5.94","1.3911"
"4806","resultan","are","5.94","1.1851"
"4807","official","Official","5.94","1.2683"
"4808","pedido","order","5.94","1.1678"
"4809","revisar","revise","5.94","1.2357"
"4810","pie","foot","5.94","1.0768"
"4811","procede","proceeds","5.94","1.2191"
"4812","entró","entered","5.94","1.1502"
"4813","suscripciones","subscriptions","5.94","1.3911"
"4814","isabel","Isabel","5.94","1.3311"
"4815","hace","ago","5.94","1.3311"
"4816","nueve","nine","5.94","1.3001"
"4817","ong","ong","5.94","1.2357"
"4818","espíritus","spirits","5.94","1.7775"
"4819","signos","signs","5.94","1.0577"
"4820","can","dog","5.92","1.2262"
"4821","posee","has","5.92","0.8999"
"4822","tecnico","technical","5.92","1.3679"
"4823","convertirse","turn","5.92","1.1036"
"4824","português","português","5.92","1.1925"
"4825","metodología","methodology","5.92","1.2262"
"4826","order","order","5.92","1.3377"
"4827","xdd","xdd","5.92","1.4263"
"4828","editar","edit","5.92","1.1578"
"4829","puertas","doors","5.92","1.0467"
"4830","disposiciones","provisions","5.92","1.3974"
"4831","alicia","Alice","5.92","1.4961"
"4832","siguiendo","following","5.92","1.085"
"4833","break","break","5.92","1.5097"
"4834","atmósfera","atmosphere","5.92","1.1925"
"4835","Índice","Index","5.92","1.3223"
"4836","volúmenes","volumes","5.92","1.2095"
"4837","llegado","come","5.92","1.4686"
"4838","llevando","carrying","5.92","0.8769"
"4839","dedo","finger","5.92","1.2752"
"4840","numerosos","numerous","5.92","1.2752"
"4841","terra","terra","5.92","1.3827"
"4842","plataforma","platform","5.92","1.122"
"4843","hoja","leaf","5.92","1.1925"
"4844","comportamiento","behavior","5.92","1.3377"
"4845","habló","spoke","5.92","1.066"
"4846","sistemas","systems","5.92","1.4686"
"4847","ojala","hopefully","5.92","1.4405"
"4848","acordaba","remembered","5.92","1.3377"
"4849","hice","I","5.92","1.1925"
"4850","referida","referred","5.92","1.2262"
"4851","cumbia","cumbia","5.92","1.8609"
"4852","pertenecientes","belonging","5.92","1.2095"
"4853","alemanes","German","5.92","1.5097"
"4854","definir","define","5.92","1.2752"
"4855","colombiano","Colombian","5.92","1.5628"
"4856","pasas","raisins","5.92","1.3223"
"4857","semana","week","5.92","1.122"
"4858","decir","say","5.92","1.066"
"4859","señor","Mr.","5.92","1.4119"
"4860","llega","arrives","5.92","1.2591"
"4861","mencionados","mentioned","5.92","1.1753"
"4862","mencionar","mention","5.92","0.8999"
"4863","métodos","methods","5.92","1.2591"
"4864","our","our","5.92","1.3974"
"4865","consultar","consult","5.92","1.14"
"4866","entran","enter","5.92","1.2262"
"4867","groups","groups","5.92","1.3974"
"4868","producido","produced","5.92","1.2428"
"4869","contactar","contact","5.92","0.9655"
"4870","dado","given","5.92","1.1753"
"4871","haría","would","5.92","1.2752"
"4872","aquí","here","5.92","0.9655"
"4873","llamo","call","5.92","1.2262"
"4874","envio","Shipping","5.92","1.0467"
"4875","rural","rural","5.92","1.5497"
"4876","clic","click","5.92","1.085"
"4877","puedas","can","5.92","1.2095"
"4878","vuelta","return","5.92","1.0467"
"4879","south","south","5.92","1.2591"
"4880","torre","tower","5.92","1.1578"
"4881","oficios","trades","5.92","1.0069"
"4882","numerosas","numerous","5.92","1.3827"
"4883","mecánica","mechanics","5.92","1.4546"
"4884","canaria","Canary","5.92","1.2428"
"4885","password","password","5.92","1.4405"
"4886","suceso","event","5.92","1.1925"
"4887","vine","came","5.92","1.2262"
"4888","bytes","bytes","5.92","1.1036"
"4889","frente","front","5.92","1.027"
"4890","asistente","assistant","5.92","0.9442"
"4891","msn","msn","5.92","1.4119"
"4892","eléctricos","electrical","5.92","1.066"
"4893","registros","records","5.92","1.2911"
"4894","republica","republic","5.92","1.4263"
"4895","colombia","Colombia","5.92","1.1753"
"4896","nochevieja","New Year's Eve","5.92","1.8052"
"4897","aliento","breath","5.92","1.6142"
"4898","cordoba","cordoba","5.92","1.2911"
"4899","técnico","technical","5.92","1.2428"
"4900","organismos","agencies","5.9","1.3887"
"4901","superficie","surface","5.9","1.0738"
"4902","vías","pathways","5.9","1.0546"
"4903","perry","perry","5.9","1.6067"
"4904","estoy","am","5.9","1.0738"
"4905","avenida","avenue","5.9","1.1112"
"4906","dueños","owners","5.9","1.7757"
"4907","dimensión","dimension","5.9","1.1294"
"4908","yendo","going","5.9","1.0738"
"4909","calendario","calendar","5.9","1.0152"
"4910","dan","give","5.9","1.2495"
"4911","pilas","batteries","5.9","1.3286"
"4912","elena","elena","5.9","1.3887"
"4913","monitores","monitors","5.9","1.0546"
"4914","operadores","operators","5.9","1.2495"
"4915","mantener","maintain","5.9","1.233"
"4916","etapas","stages","5.9","0.9949"
"4917","followed","Followed","5.9","1.6444"
"4918","cds","cds","5.9","1.1294"
"4919","campaña","campaign","5.9","1.5286"
"4920","comerme","eat","5.9","1.7525"
"4921","derecha","right","5.9","1.3132"
"4922","ingleses","English","5.9","1.7291"
"4923","feliç","feliç","5.9","1.9509"
"4924","reparto","distribution","5.9","1.0351"
"4925","llaman","call","5.9","1.1112"
"4926","contact","contact","5.9","1.4321"
"4927","center","center","5.9","1.1824"
"4928","comment","comment","5.9","0.8864"
"4929","decidió","decided","5.9","1.2164"
"4930","básico","basic","5.9","1.165"
"4931","cádiz","CADIZ","5.9","1.1473"
"4932","intención","intention","5.9","1.1294"
"4933","elaborar","develop","5.9","1.3286"
"4934","demo","demo","5.9","0.9742"
"4935","recepción","reception","5.9","0.9949"
"4936","orilla","shore","5.9","1.359"
"4937","indicar","indicate","5.9","1.0152"
"4938","reservas","reserves","5.9","1.5286"
"4939","presupuesto","budget","5.9","1.2657"
"4940","ericsson","ericsson","5.9","1.0738"
"4941","perú","Peru","5.9","1.5551"
"4942","adolescentes","adolescents","5.9","1.3286"
"4943","empiecen","start","5.9","0.9091"
"4944","especie","species","5.9","0.9742"
"4945","absoluta","absolute","5.9","1.2976"
"4946","chile","chili","5.9","1.6444"
"4947","ventas","sales","5.9","1.6194"
"4948","enlaces","links","5.9","0.953"
"4949","reparación","repair","5.9","1.5551"
"4950","sumamente","extremely","5.9","1.0738"
"4951","fundamentales","fundamental","5.9","1.0738"
"4952","mecanismos","mechanisms","5.9","1.2164"
"4953","andas","bier","5.9","0.9742"
"4954","iniciado","initiated","5.9","1.1294"
"4955","oficio","office","5.9","1.2495"
"4956","dichos","these","5.9","1.0738"
"4957","tuuu","tuuu","5.9","1.5682"
"4958","empresas","companies","5.9","1.5152"
"4959","visto","viewed","5.9","0.9742"
"4960","fifa","fifa","5.9","1.7985"
"4961","categoría","category","5.9","1.374"
"4962","análisis","analysis","5.9","1.3132"
"4963","logo","logo","5.9","1.0546"
"4964","entro","entered","5.9","0.8631"
"4965","mediawiki","mediawiki","5.9","1.165"
"4966","envió","sent","5.9","0.9742"
"4967","anita","anita","5.9","1.1473"
"4968","chupar","suck","5.9","1.7642"
"4969","concreto","concrete","5.9","1.374"
"4970","check","check","5.9","1.4033"
"4971","reacción","reaction","5.9","1.3887"
"4972","portada","front","5.9","0.8864"
"4973","salí","left","5.9","1.1824"
"4974","microsoft","microsoft","5.9","1.5551"
"4975","luchar","fight","5.9","2.15"
"4976","dialéctica","dialectics","5.9","1.4321"
"4977","presentaron","submitted","5.9","1.0152"
"4978","menciona","mentioned","5.9","1.1112"
"4979","occidente","west","5.9","1.5811"
"4980","impresa","Print","5.9","0.8864"
"4981","concesiones","concessions","5.9","1.4321"
"4982","preguntar","ask","5.9","1.2976"
"4983","digamos","say","5.9","0.789"
"4984","encargado","attendant","5.9","1.1112"
"4985","afiliados","affiliates","5.9","1.3439"
"4986","patente","patent","5.9","1.0546"
"4987","alrededor","around","5.9","1.0738"
"4988","ratito","little while","5.9","1.359"
"4989","intenciones","intentions","5.9","1.1112"
"4990","conclusión","conclusion","5.9","1.2164"
"4991","posted","posted","5.9","1.3132"
"4992","vez","time","5.9","1.0546"
"4993","médico","doctor","5.9","2.0529"
"4994","siguieron","followed","5.9","1.2657"
"4995","regionales","regional","5.9","1.1995"
"4996","contacte","contact","5.9","1.233"
"4997","indicó","indicated","5.9","1.1294"
"4998","head","head","5.9","1.3286"
"4999","laboral","labor","5.9","1.3286"
"5000","proveedor","supplier","5.9","1.1112"
"5001","#followme","# Followme","5.88","1.4797"
"5002","informaciones","news","5.88","1.2558"
"5003","clasificados","Classified","5.88","1.3797"
"5004","capitan","Captain","5.88","1.599"
"5005","puedan","can","5.88","1.2061"
"5006","introduce","introduces","5.88","0.8485"
"5007","clasificación","classification","5.88","1.1891"
"5008","fondos","funds","5.88","1.2061"
"5009","revela","reveals","5.88","1.409"
"5010","watching","watching","5.88","1.3346"
"5011","servir","serve","5.88","1.6243"
"5012","modalidad","mode","5.88","1.1891"
"5013","impresoras","printers","5.88","1.2558"
"5014","aÑo","aÑo","5.88","1.5602"
"5015","miras","view","5.88","0.9823"
"5016","webmaster","webmaster","5.88","1.1718"
"5017","vdd","vdd","5.88","1.3498"
"5018","considerarse","considered","5.88","1.1891"
"5019","decirlo","say","5.88","1.023"
"5020","envíe","send","5.88","1.1542"
"5021","levantarte","wake","5.88","1.686"
"5022","having","having","5.88","0.9613"
"5023","msm","msm","5.88","1.4377"
"5024","mostrando","showing","5.88","0.8722"
"5025","makes","makes","5.88","1.3346"
"5026","ha","has","5.88","1.2395"
"5027","marca","brand","5.88","1.2558"
"5028","ruta","route","5.88","0.9823"
"5029","dio","gave","5.88","1.1364"
"5030","minutes","minutes","5.88","1.1542"
"5031","tono","tone","5.88","1.1542"
"5032","contar","count","5.88","0.9823"
"5033","#twitteron","# Twitteron","5.88","1.8587"
"5034","concepto","concept","5.88","1.272"
"5035","estomago","stomach","5.88","1.272"
"5036","intereses","interests","5.88","1.7571"
"5037","creeme","believe me","5.88","1.5205"
"5038","canon","canon","5.88","1.2229"
"5039","posiciones","positions","5.88","1.3797"
"5040","páginas","pages","5.88","1.1718"
"5041","añoo","añoo","5.88","1.3192"
"5042","ya","already","5.88","1.1891"
"5043","puerta","door","5.88","1.0029"
"5044","ing","ing","5.88","1.4234"
"5045","totales","Total","5.88","1.0428"
"5046","imprimir","print","5.88","1.0999"
"5047","aaaah","aaaah","5.88","1.698"
"5048","avisas","DALYs","5.88","1.1891"
"5049","individuos","individuals","5.88","1.1718"
"5050","bring","bring","5.88","1.1542"
"5051","poblado","populated","5.88","1.409"
"5052","configuración","configuration","5.88","1.3944"
"5053","miii","miii","5.88","1.1542"
"5054","server","server","5.88","1.2395"
"5055","sebastian","sebastian","5.88","1.2229"
"5056","esooo","esooo","5.88","1.5862"
"5057","editado","edited","5.88","1.1183"
"5058","pensaba","thought","5.88","1.1891"
"5059","particular","particular","5.88","1.0622"
"5060","histórica","historical","5.88","1.3498"
"5061","asiento","seat","5.88","1.0812"
"5062","sensible","sensitive","5.88","1.686"
"5063","john","john","5.88","1.2061"
"5064","fundada","founded","5.88","1.0428"
"5065","dará","will","5.88","0.9398"
"5066","representante","representative","5.88","1.1718"
"5067","llevan","lead","5.88","0.9613"
"5068","referencias","References","5.88","1.2061"
"5069","perfil","profile","5.88","1.0428"
"5070","individuales","individual","5.88","1.2879"
"5071","artículo","article","5.88","1.023"
"5072","giants","Giants","5.88","1.409"
"5073","mimir","mimir","5.88","1.7454"
"5074","fines","end","5.88","1.1542"
"5075","máquinas","machines","5.88","1.5602"
"5076","pregunto","wonder","5.88","0.9823"
"5077","constituir","constitute","5.88","1.0999"
"5078","decidir","decide","5.88","1.3944"
"5079","establecen","set","5.88","1.0622"
"5080","proviene","comes","5.88","0.8953"
"5081","main","main","5.88","0.9398"
"5082","moment","moment","5.88","1.1891"
"5083","ma","ma","5.88","1.5338"
"5084","barra","bar","5.88","1.1718"
"5085","línea","line","5.88","1.0812"
"5086","matriz","matrix","5.88","1.3192"
"5087","regresar","return","5.88","1.3192"
"5088","proxima","next","5.88","1.0029"
"5089","grabación","recording","5.88","1.1183"
"5090","comercio","trade","5.88","1.3037"
"5091","garganta","throat","5.88","1.023"
"5092","pasenla","Pass it","5.88","0.9613"
"5093","edificio","building","5.88","1.023"
"5094","huellas","footprints","5.88","1.2879"
"5095","aaah","aaah","5.86","1.3852"
"5096","pasarla","pass","5.86","1.1782"
"5097","mantuvo","maintained","5.86","1.2124"
"5098","pasatela","pasatela","5.86","1.2124"
"5099","enterprises","enterprises","5.86","1.457"
"5100","tomos","volumes","5.86","1.325"
"5101","he's","he's","5.86","1.0692"
"5102","ji","ji","5.86","1.8407"
"5103","síntesis","synthesis","5.86","0.9478"
"5104","contáctenos","contact us","5.86","1.2779"
"5105","oficina","office","5.86","1.552"
"5106","ntc","ntc","5.86","1.4144"
"5107","género","gender","5.86","1.1782"
"5108","potencias","powers","5.86","1.4709"
"5109","define","defined","5.86","1.2456"
"5110","ves","see","5.86","1.2938"
"5111","mis","my","5.86","1.2124"
"5112","dieron","gave","5.86","1.143"
"5113","ciclo","cycle","5.86","1.325"
"5114","arre","arre","5.86","1.512"
"5115","tienen","have","5.86","1.1954"
"5116","oficial","official","5.86","1.1608"
"5117","seee","seee","5.86","1.2938"
"5118","indispensables","indispensable","5.86","1.4848"
"5119","rosario","rosary","5.86","1.6538"
"5120","vela","candle","5.86","1.1068"
"5121","misioneros","missionaries","5.86","1.9484"
"5122","geográfico","geographical","5.86","1.325"
"5123","gama","spectrum","5.86","1.05"
"5124","vaqueros","jeans","5.86","1.4144"
"5125","aqui","here","5.86","0.9691"
"5126","héctor","Hector","5.86","1.1782"
"5127","investigadores","Researchers","5.86","1.7025"
"5128","lentes","lenses","5.86","1.4144"
"5129","sergio","sergio","5.86","1.4848"
"5130","estar","be","5.86","0.9899"
"5131","cuadro","picture","5.86","1.125"
"5132","edición","edition","5.86","1.0104"
"5133","urbana","town","5.86","1.1782"
"5134","buque","vessel","5.86","1.0882"
"5135","cataluña","Catalonia","5.86","1.2456"
"5136","relativamente","relatively","5.86","1.1954"
"5137","management","management","5.86","1.4984"
"5138","acudir","keep","5.86","1.2124"
"5139","tratando","trying","5.86","1.0882"
"5140","voten","vote","5.86","1.8184"
"5141","servidores","servers","5.86","1.1608"
"5142","pasa","pass","5.86","1.143"
"5143","presentado","displayed","5.86","1.1782"
"5144","constitucional","constitutional","5.86","1.7958"
"5145","veré","see","5.86","1.1608"
"5146","contesta","answers","5.86","1.2291"
"5147","catalina","catalina","5.86","1.4984"
"5148","vas","you","5.86","0.8809"
"5149","contacta","contact","5.86","0.9691"
"5150","pepe","pepe","5.86","1.325"
"5151","vendo","sell","5.86","1.1608"
"5152","usar","use","5.86","1.0104"
"5153","relacionados","Related","5.86","1.2291"
"5154","her","her","5.86","1.143"
"5155","directora","director","5.86","1.3999"
"5156","concepciones","conceptions","5.86","1.325"
"5157","ahh","ahh","5.86","1.4429"
"5158","económicas","economic","5.86","1.3704"
"5159","theme","theme","5.86","1.2938"
"5160","formado","formed","5.86","1.0304"
"5161","escenas","Scenes","5.86","1.578"
"5162","info","info","5.86","0.9478"
"5163","llevar","carry","5.86","1.0882"
"5164","sirva","serve","5.86","1.1954"
"5165","selecciona","selected","5.86","1.1068"
"5166","reparacion","repair","5.86","1.3852"
"5167","fabricante","manufacturer","5.86","1.3554"
"5168","muestra","sample","5.86","1.1068"
"5169","informativo","informative","5.86","1.0882"
"5170","indonesia","Indonesia","5.86","1.5388"
"5171","criterio","criterion","5.86","1.3554"
"5172","system","system","5.86","1.325"
"5173","pibes","kids","5.86","1.2779"
"5174","bolsas","bags","5.86","1.1068"
"5175","evangelio","gospel","5.86","1.738"
"5176","estructuras","structures","5.86","1.1068"
"5177","divisas","foreign exchange","5.86","1.3999"
"5178","tinta","ink","5.86","1.2456"
"5179","buscar","search","5.86","1.2618"
"5180","rivera","rivera","5.86","1.1954"
"5181","zapatero","shoemaker","5.86","1.325"
"5182","mencionado","mentioned","5.86","1.143"
"5183","efectuar","make","5.84","0.9337"
"5184","elevada","high","5.84","1.5032"
"5185","específicos","specific","5.84","1.0174"
"5186","ohhh","ohhh","5.84","1.8223"
"5187","verá","see","5.84","0.9553"
"5188","verse","show","5.84","1.1493"
"5189","costumbre","custom","5.84","1.7186"
"5190","tratado","treaty","5.84","1.0947"
"5191","porción","portion","5.84","1.0174"
"5192","iglesias","churches","5.84","1.7538"
"5193","oeste","west","5.84","1.1132"
"5194","you're","'re","5.84","1.5434"
"5195","armando","armando","5.84","1.4337"
"5196","posición","position","5.84","1.2182"
"5197","cantidad","amount","5.84","1.0947"
"5198","cuánto","how","5.84","1.1132"
"5199","ámbitos","areas","5.84","0.9971"
"5200","pudiendo","can","5.84","1.1493"
"5201","son","are","5.84","1.1132"
"5202","nivel","level","5.84","1.2182"
"5203","noventa","ninety","5.84","1.2349"
"5204","kit","kit","5.84","1.2014"
"5205","[pic]","[Pic]","5.84","1.4896"
"5206","oficialmente","officially","5.84","1.3607"
"5207","regístrate","Register","5.84","1.3903"
"5208","comigo","comigo","5.84","1.7654"
"5209","prólogo","prologue","5.84","1.4194"
"5210","argentina","Argentina","5.84","1.6208"
"5211","medicina","medicine","5.84","1.9311"
"5212","cubrir","cover","5.84","1.3303"
"5213","población","population","5.84","1.3303"
"5214","comprueba","checks","5.84","1.2182"
"5215","igual","equal","5.84","1.3303"
"5216","flujo","flow","5.84","1.2993"
"5217","técnicos","technical","5.84","1.1669"
"5218","colocar","place","5.84","1.0759"
"5219","periódicos","newspapers","5.84","1.7304"
"5220","arias","arias","5.84","1.1314"
"5221","worldthank","worldthank","5.84","1.2014"
"5222","voto","vote","5.84","1.7304"
"5223","hielo","ice","5.84","1.4479"
"5224","weno","weno","5.84","1.5566"
"5225","sentada","sitting","5.84","1.3303"
"5226","descripción","description","5.84","1.0568"
"5227","pertenecen","belong","5.84","1.4049"
"5228","componente","component","5.84","1.0174"
"5229","explica","explains","5.84","1.1669"
"5230","#cowboys","# Cowboys","5.84","1.3903"
"5231","mb","mb","5.84","1.3303"
"5232","publica","published","5.84","1.2182"
"5233","bought","bought","5.84","1.3607"
"5234","relieve","relief","5.84","1.1314"
"5235","xp","xp","5.84","1.4619"
"5236","señora","Mrs.","5.84","1.4049"
"5237","rueda","wheel","5.84","1.2014"
"5238","empresariales","business","5.84","1.5434"
"5239","hablan","speak","5.84","1.5032"
"5240","entidades","entities","5.84","1.2675"
"5241","someone","someone","5.84","1.1843"
"5242","etapa","stage","5.84","1.3607"
"5243","\o/","\ O /","5.84","2.198"
"5244","leonardo","leonardo","5.84","1.0174"
"5245","textos","texts","5.84","1.1493"
"5246","decirle","tell","5.84","1.2993"
"5247","ochenta","eighty","5.84","1.4758"
"5248","campesino","peasant","5.84","1.5301"
"5249","feli","feli","5.84","1.4758"
"5250","consultoría","consultancy","5.84","1.3756"
"5251","vecinos","neighbors","5.84","1.2993"
"5252","concluir","conclude","5.84","1.5954"
"5253","malaga","malaga","5.84","1.2993"
"5254","indudablemente","undoubtedly","5.84","1.2675"
"5255","introducción","introduction","5.84","0.8657"
"5256","definitivo","final","5.84","1.3456"
"5257","reinado","reign","5.84","1.5566"
"5258","utilizar","use","5.84","1.0947"
"5259","referido","referred","5.84","1.0759"
"5260","ntp","ntp","5.84","1.4758"
"5261","probable","likely","5.84","1.2014"
"5262","ponerte","get","5.84","1.2993"
"5263","gestión","management","5.84","1.4049"
"5264","tres","three","5.84","1.1843"
"5265","full","full","5.84","1.7884"
"5266","campesina","peasant","5.84","1.3756"
"5267","añadido","added","5.84","1.0174"
"5268","primeiro","primeiro","5.84","1.6333"
"5269","twit","twit","5.84","1.6946"
"5270","pensé","I","5.84","1.2349"
"5271","opcional","optional","5.84","1.0947"
"5272","diste","gave","5.84","1.0174"
"5273","normalmente","normally","5.84","1.4194"
"5274","magdalena","cupcake","5.84","1.4619"
"5275","motivos","reasons","5.84","1.0373"
"5276","name","name","5.84","0.9971"
"5277","texto","text","5.84","1.0373"
"5278","auxiliares","auxiliary","5.84","1.2014"
"5279","manana","morning","5.82","1.5345"
"5280","year's","year's","5.82","1.2567"
"5281","dr","dr","5.82","1.5477"
"5282","topic","topic","5.82","1.4241"
"5283","laura","laura","5.82","1.207"
"5284","bebo","drink","5.82","1.5345"
"5285","zaragoza","Saragossa","5.82","1.3805"
"5286","escala","scale","5.82","1.1899"
"5287","empeze","I started","5.82","1.3805"
"5288","agrícola","agricultural","5.82","1.3805"
"5289","cubierto","covered","5.82","1.2403"
"5290","vaso","glass","5.82","0.9833"
"5291","encuesta","poll","5.82","1.1899"
"5292","miró","looked","5.82","1.024"
"5293","naruto","naruto","5.82","1.6249"
"5294","pobladores","people","5.82","1.3045"
"5295","públicas","public","5.82","1.5739"
"5296","veas","see","5.82","1.0821"
"5297","forma","form","5.82","1.0631"
"5298","taiwán","taiwan","5.82","1.7106"
"5299","declaro","declare","5.82","1.32"
"5300","método","method","5.82","1.1726"
"5301","estarán","will","5.82","1.1373"
"5302","agarro","grab","5.82","1.0039"
"5303","manifiesto","manifest","5.82","1.1373"
"5304","add","add","5.82","1.3656"
"5305","control","control","5.82","1.8148"
"5306","decirles","tell","5.82","1.1008"
"5307","referentes","referents","5.82","1.0821"
"5308","venden","sold","5.82","1.4665"
"5309","uds","pc","5.82","1.0631"
"5310","joan","joan","5.82","1.3656"
"5311","simon","simon","5.82","1.4384"
"5312","andan","walk","5.82","1.1373"
"5313","morales","moral","5.82","1.5211"
"5314","usos","uses","5.82","0.8497"
"5315","suyos","his","5.82","1.1899"
"5316","excel","excel","5.82","1.4803"
"5317","cambios","changes","5.82","1.3045"
"5318","x3","x3","5.82","1.5211"
"5319","direccion","address","5.82","1.1551"
"5320","senti","sense","5.82","1.3354"
"5321","golf","golf","5.82","1.6123"
"5322","proporciones","proportions","5.82","1.1008"
"5323","dude","dude","5.82","1.7106"
"5324","taxi","taxi","5.82","1.2567"
"5325","vistos","Viewed","5.82","1.1373"
"5326","soberanía","sovereignty","5.82","1.6744"
"5327","acabamos","just","5.82","1.826"
"5328","cohetes","rockets","5.82","1.6622"
"5329","alex","alex","5.82","1.2403"
"5330","apuntes","notes","5.82","1.1899"
"5331","sea","is","5.82","1.0821"
"5332","temperatura","temperature","5.82","1.3506"
"5333","utilización","utilization","5.82","1.4941"
"5334","say","say","5.82","1.0631"
"5335","members","members","5.82","1.1726"
"5336","el","the","5.82","1.2567"
"5337","todavía","yet","5.82","1.1192"
"5338","crepusculo","Twilight","5.82","1.9968"
"5339","aspecto","appearance","5.82","1.1008"
"5340","julián","julián","5.82","1.2403"
"5341","pilar","pillar","5.82","1.0821"
"5342","financiación","financing","5.82","1.2887"
"5343","sienta","feel","5.82","1.1726"
"5344","norteamericanos","Americans","5.82","1.6499"
"5345","modalidades","modalities","5.82","1.2403"
"5346","viendo","watching","5.82","1.0821"
"5347","tomen","take","5.82","1.024"
"5348","antiguas","old","5.82","1.3952"
"5349","vuestra","your","5.82","1.1373"
"5350","decirse","said","5.82","1.1008"
"5351","segui","follow","5.82","1.0437"
"5352","pieza","part","5.82","1.2403"
"5353","ny","ny","5.82","1.5609"
"5354","texas","Texas","5.82","1.6499"
"5355","impreso","printed","5.82","0.919"
"5356","singapur","Singapore","5.82","1.2567"
"5357","dirigida","directed","5.82","1.4525"
"5358","pretende","intended","5.82","1.5077"
"5359","refleja","reflects","5.82","0.8965"
"5360","respecto","respect","5.82","1.1726"
"5361","minuto","minute","5.82","0.9624"
"5362","alguien","someone","5.82","1.1008"
"5363","consenso","consensus","5.82","1.4384"
"5364","determinar","determine","5.82","1.0821"
"5365","establecida","established","5.82","1.0039"
"5366","dicho","saying","5.82","1.1899"
"5367","conosco","conosco","5.82","1.5477"
"5368","órgano","organ","5.82","1.4803"
"5369","ponerle","put","5.82","1.4241"
"5370","mana","mana","5.82","1.5868"
"5371","francisco","francisco","5.82","1.5996"
"5372","decisiones","decisions","5.82","1.5868"
"5373","traer","bring","5.82","1.2237"
"5374","antiguo","old","5.82","1.6123"
"5375","ve","see","5.82","1.0821"
"5376","puesta","putting","5.82","1.207"
"5377","casco","helmet","5.82","1.2887"
"5378","ejecutivo","executive","5.82","1.6622"
"5379","actos","acts","5.82","1.207"
"5380","camila","camila","5.8","1.4142"
"5381","saint","saint","5.8","1.7613"
"5382","vengo","come","5.8","1.3851"
"5383","agencias","agencies","5.8","1.2936"
"5384","dió","yield","5.8","1.1249"
"5385","calles","streets","5.8","0.9258"
"5386","notificación","notification","5.8","1.3851"
"5387","hechos","acts","5.8","1.4569"
"5388","oct","October","5.8","1.4428"
"5389","elevación","elevation","5.8","1.2778"
"5390","pdf","pdf","5.8","1.1429"
"5391","related","related","5.8","0.9897"
"5392","vieron","saw","5.8","1.2778"
"5393","supe","I knew","5.8","0.9689"
"5394","categoria","category","5.8","1.1249"
"5395","asi","so","5.8","1.1952"
"5396","awww","awww","5.8","2.1189"
"5397","guarde","save","5.8","0.9897"
"5398","meter","put","5.8","0.9035"
"5399","identifícate","log","5.8","1.6903"
"5400","probablemente","probably","5.8","1.2454"
"5401","cristianismo","Christianity","5.8","1.8183"
"5402","conteste","answer","5.8","1.2454"
"5403","call","call","5.8","1.2936"
"5404","feat","feat","5.8","1.3553"
"5405","comunicado","release","5.8","1.5253"
"5406","perfiles","profiles","5.8","1.2617"
"5407","barça","barça","5.8","1.666"
"5408","central","central","5.8","1.2617"
"5409","claves","key","5.8","1.2289"
"5410","fecha","date","5.8","0.9476"
"5411","registrados","registered","5.8","1.0102"
"5412","te","you","5.8","1.1952"
"5413","maquina","machine","5.8","1.2617"
"5414","bases","basis","5.8","1.178"
"5415","respectiva","respective","5.8","1.1249"
"5416","valladolid","valladolid","5.8","1.2617"
"5417","here","here","5.8","1.4286"
"5418","tenerife","Tenerife","5.8","1.2617"
"5419","convertido","converted","5.8","1.1606"
"5420","relativas","relative","5.8","1.1429"
"5421","mencionadas","mentioned","5.8","1.069"
"5422","locales","local","5.8","1.1066"
"5423","tesis","thesis","5.8","1.666"
"5424","lleguen","arrive","5.8","0.9476"
"5425","cabe","be","5.8","1.0302"
"5426","golfo","gulf","5.8","1.3093"
"5427","acerca","about","5.8","1.1429"
"5428","columna","column","5.8","1.1606"
"5429","artÍculo","article","5.8","1.0302"
"5430","hecha","made","5.8","1.0102"
"5431","considera","considered","5.8","1.0102"
"5432","decirme","me","5.8","1.1606"
"5433","mars","mars","5.8","1.4708"
"5434","contó","counted","5.8","1.178"
"5435","semanal","weekly","5.8","1.088"
"5436","describe","described","5.8","1.0498"
"5437","ocho","eight","5.8","1.069"
"5438","lleva","leads","5.8","1.0302"
"5439","envío","shipping","5.8","1.1249"
"5440","pensión","pension","5.8","1.4708"
"5441","capitales","capital","5.8","1.178"
"5442","too","too","5.8","1.0102"
"5443","notas","notes","5.8","1.3093"
"5444","michael","michael","5.8","1.5908"
"5445","levanto","raised","5.8","1.2778"
"5446","nfl","nfl","5.8","1.8626"
"5447","virginia","Virginia","5.8","1.2936"
"5448","promedio","average","5.8","1.2289"
"5449","saliendo","out","5.8","1.1606"
"5450","mencionada","mentioned","5.8","1.069"
"5451","admitir","admit","5.8","1.4428"
"5452","sostenido","sustained","5.8","1.3997"
"5453","unidades","units","5.8","1.2617"
"5454","formulación","formulation","5.8","1.2617"
"5455","teresa","teresa","5.8","1.3997"
"5456","one","one","5.8","1.3851"
"5457","sitio","site","5.8","0.9897"
"5458","preguntan","ask","5.8","1.1606"
"5459","llantas","tires","5.8","1.2778"
"5460","indice","index","5.8","1.0498"
"5461","página","page","5.8","0.9476"
"5462","chaleco","vest","5.8","1.3851"
"5463","suceder","happen","5.8","1.1606"
"5464","malasia","Malaysia","5.8","1.3401"
"5465","seamos","we","5.8","0.9258"
"5466","núcleos","nuclei","5.8","1.3093"
"5467","vayan","go","5.8","1.1429"
"5468","niveles","levels","5.8","0.9689"
"5469","vuestro","your","5.8","1.2454"
"5470","vecino","neighbor","5.8","1.7143"
"5471","sucesivamente","successively","5.8","1.178"
"5472","vinculación","entailment","5.8","1.069"
"5473","capitán","captain","5.8","1.6413"
"5474","subastas","Auctions","5.78","1.4327"
"5475","toco","play","5.78","0.9322"
"5476","votar","vote","5.78","1.4886"
"5477","softonic","softonic","5.78","1.6073"
"5478","liberalismo","liberalism","5.78","1.5425"
"5479","toma","take","5.78","1.0359"
"5480","sesión","session","5.78","1.2501"
"5481","paralelo","parallel","5.78","1.0746"
"5482","chico","boy","5.78","1.2002"
"5483","siete","seven","5.78","1.1657"
"5484","garcia","Garcia","5.78","1.0554"
"5485","sociología","sociology","5.78","1.4039"
"5486","Álvarez","Alvarez","5.78","1.2337"
"5487","infraestructura","infrastructure","5.78","1.4327"
"5488","monarca","monarch","5.78","1.7177"
"5489","palm","palm","5.78","1.2982"
"5490","ponerse","get","5.78","1.2664"
"5491","podría","could","5.78","1.2337"
"5492","martínez","martinez","5.78","1.2824"
"5493","decide","decides","5.78","1.3293"
"5494","contrato","contract","5.78","1.5022"
"5495","miranda","miranda","5.78","1.4886"
"5496","stay","stay","5.78","1.6573"
"5497","sucedió","happened","5.78","1.0554"
"5498","alfredo","Alfred","5.78","1.2664"
"5499","solicitar","request","5.78","1.1119"
"5500","rasgos","features","5.78","1.0746"
"5501","sepas","know","5.78","1.1119"
"5502","coração","coração","5.78","1.5292"
"5503","correspondientes","corresponding","5.78","1.0934"
"5504","seas","be","5.78","1.1119"
"5505","dije","I","5.78","1.1301"
"5506","estableció","established","5.78","0.9957"
"5507","wanna","wanna","5.78","1.3596"
"5508","pesetas","pesetas","5.78","1.3746"
"5509","hables","talk","5.78","1.183"
"5510","cuentan","have","5.78","1.0554"
"5511","periodistas","journalists","5.78","1.5158"
"5512","flaco","skinny","5.78","1.7876"
"5513","similar","similar","5.78","0.8873"
"5514","labor","work","5.78","1.3138"
"5515","créditos","credits","5.78","1.4184"
"5516","motor","motor","5.78","1.2337"
"5517","innumerables","countless","5.78","1.2664"
"5518","revolucionarios","revolutionary","5.78","2.1217"
"5519","cantidades","amounts","5.78","1.0746"
"5520","categorias","Categories","5.78","1.0554"
"5521","vuelva","again","5.78","1.4039"
"5522","concreta","concrete","5.78","1.1301"
"5523","consumidores","consumers","5.78","1.2171"
"5524","santos","Saints","5.78","2.0433"
"5525","doce","twelve","5.78","1.3893"
"5526","responder","reply","5.78","0.8873"
"5527","fundado","founded","5.78","0.975"
"5528","institución","institution","5.78","1.4327"
"5529","lets","lets","5.78","1.016"
"5530","vere","'ll see","5.78","1.1119"
"5531","anahi","anahi","5.78","1.5687"
"5532","ramas","branches","5.78","1.1301"
"5533","curva","curve","5.78","1.148"
"5534","ram","RAM","5.78","1.183"
"5535","empresarios","entrepreneurs","5.78","1.7177"
"5536","estructura","structure","5.78","1.1119"
"5537","aparato","apparatus","5.78","1.2337"
"5538","manuales","manuals","5.78","1.0359"
"5539","twitcam","twitcam","5.78","1.5158"
"5540","vía","via","5.78","0.8873"
"5541","institutos","institutes","5.78","1.2664"
"5542","cristiano","Christian","5.78","1.9197"
"5543","acabar","end","5.78","1.9303"
"5544","ando","ando","5.78","0.975"
"5545","conceptos","concepts","5.78","1.2664"
"5546","establece","sets","5.78","0.975"
"5547","ubicación","location","5.78","1.4469"
"5548","ambición","ambition","5.78","1.9197"
"5549","things","things","5.78","1.2337"
"5550","habitual","habitual","5.78","1.2171"
"5551","sucede","happens","5.78","1.1119"
"5552","metro","metro","5.78","1.4327"
"5553","durango","durango","5.78","1.5292"
"5554","patricia","patricia","5.78","1.6573"
"5555","establecido","established","5.78","1.2171"
"5556","daría","would","5.78","1.3293"
"5557","respectivos","respective","5.78","1.016"
"5558","vapor","steam","5.78","1.1301"
"5559","examinar","examine","5.78","1.3138"
"5560","introduzca","enter","5.78","1.0554"
"5561","esquina","corner","5.78","1.2824"
"5562","cuello","neck","5.78","1.0359"
"5563","guarda","guard","5.78","1.0746"
"5564","minutos","minutes","5.78","1.1119"
"5565","colectivo","collective","5.78","1.5022"
"5566","legal","legal","5.78","1.5687"
"5567","utilizando","using","5.78","1.2664"
"5568","take","take","5.78","1.1301"
"5569","oreja","ear","5.78","0.9957"
"5570","articulo","Article","5.78","1.016"
"5571","número","number","5.78","0.975"
"5572","añadir","add","5.76","1.0412"
"5573","tengas","have","5.76","1.135"
"5574","tamo","fuzz","5.76","1.6971"
"5575","seguida","followed","5.76","0.9596"
"5576","empiece","start","5.76","1.4647"
"5577","argentino","Argentinean","5.76","1.1704"
"5578","christian","christian","5.76","1.2707"
"5579","dare","give you","5.76","1.1704"
"5580","trató","tried","5.76","1.3786"
"5581","pudiera","could","5.76","1.4365"
"5582","bandas","bands","5.76","1.6606"
"5583","vio","saw","5.76","1.0606"
"5584","Área","Area","5.76","1.3786"
"5585","some","some","5.76","0.9806"
"5586","sis","sis","5.76","1.2707"
"5587","caracteres","characters","5.76","1.1168"
"5588","tomas","shots","5.76","1.2707"
"5589","descentralización","decentralization","5.76","1.4223"
"5590","icon","icon","5.76","1.0984"
"5591","anual","annual","5.76","1.4223"
"5592","documento","document","5.76","1.2545"
"5593","manga","sleeve","5.76","1.6107"
"5594","vea","see","5.76","1.0984"
"5595","mantienen","maintain","5.76","1.3334"
"5596","time","time","5.76","1.5722"
"5597","via","via","5.76","1.2216"
"5598","permisos","permissions","5.76","1.6606"
"5599","identificación","identification","5.76","1.0012"
"5600","declarado","declared","5.76","1.0797"
"5601","tuiteros","Twitterers","5.76","1.685"
"5602","tremendo","tremendous","5.76","1.802"
"5603","oriente","east","5.76","1.3334"
"5604","asignación","allocation","5.76","1.3637"
"5605","duque","duke","5.76","1.4647"
"5606","categorías","categories","5.76","1.1877"
"5607","mete","gets","5.76","1.0012"
"5608","tome","take","5.76","1.0012"
"5609","decimos","say","5.76","0.8704"
"5610","lugar","place","5.76","0.8466"
"5611","particulares","particular","5.76","1.1877"
"5612","tel","tel","5.76","1.2216"
"5613","vertical","vertical","5.76","0.9596"
"5614","tratan","try","5.76","0.8935"
"5615","obvio","obvious","5.76","1.2216"
"5616","bilbao","bilbao","5.76","1.1168"
"5617","proceder","proceed","5.76","1.135"
"5618","codigo","code","5.76","1.1168"
"5619","chilenos","Chilean","5.76","1.6107"
"5620","parezco","look","5.76","1.0797"
"5621","arranque","Boot","5.76","1.4223"
"5622","dimensiones","dimensions","5.76","1.0797"
"5623","parámetros","parameters","5.76","1.2545"
"5624","ios","ios","5.76","1.598"
"5625","sandra","sandra","5.76","1.5059"
"5626","times","times","5.76","1.1704"
"5627","hagan","do","5.76","1.2867"
"5628","jr","jr","5.76","1.3637"
"5629","veras","truth","5.76","1.0214"
"5630","polo","pole","5.76","1.4223"
"5631","suministro","supply","5.76","1.1704"
"5632","fechas","dates","5.76","1.1704"
"5633","cristina","cristina","5.76","1.5059"
"5634","salgo","leave","5.76","1.0012"
"5635","van","go","5.76","1.0012"
"5636","cam","cam","5.76","1.0984"
"5637","tools","tools","5.76","1.2216"
"5638","in","in","5.76","1.1704"
"5639","menuda","petite","5.76","1.1877"
"5640","cinco","five","5.76","1.1704"
"5641","huevos","eggs","5.76","1.4786"
"5642","datos","data","5.76","1.318"
"5643","puesto","post","5.76","1.2382"
"5644","empezo","started","5.76","0.9381"
"5645","específicas","specific","5.76","1.2216"
"5646","cifras","figures","5.76","1.2216"
"5647","elige","choose","5.76","1.3786"
"5648","básicos","Basic","5.76","1.2216"
"5649","paraguay","Paraguay","5.76","1.2048"
"5650","efectos","effects","5.76","1.2545"
"5651","mostró","showed","5.76","1.0012"
"5652","marcar","mark","5.76","0.9596"
"5653","pm","pm","5.76","1.4365"
"5654","solemne","solemn","5.76","1.318"
"5655","pregunta","question","5.76","1.2707"
"5656","cosas","stuff","5.76","0.9596"
"5657","aÑoo","anoo","5.76","1.6483"
"5658","sostiene","holds","5.76","0.8935"
"5659","esencialmente","essentially","5.76","1.2048"
"5660","verdade","verdade","5.76","1.1877"
"5661","reply","reply","5.76","1.3334"
"5662","veces","times","5.76","0.8704"
"5663","hiciste","did","5.76","1.2545"
"5664","obrar","act","5.76","1.2707"
"5665","guy","guy","5.76","1.3786"
"5666","ellos","they","5.76","0.8704"
"5667","tanta","so","5.76","1.3486"
"5668","llama","flame","5.76","1.1168"
"5669","gonzález","gonzalez","5.74","1.2423"
"5670","even","even","5.74","1.2423"
"5671","dos","two","5.74","1.1395"
"5672","llegara","come","5.74","1.1214"
"5673","qiero","qiero","5.74","1.6011"
"5674","tema","topic","5.74","0.8992"
"5675","james","james","5.74","1.0461"
"5676","andres","andres","5.74","1.3674"
"5677","pág","p","5.74","1.0654"
"5678","relativa","relative","5.74","0.9858"
"5679","venezolanos","Venezuelans","5.74","1.4957"
"5680","tratados","treated","5.74","1.2257"
"5681","secciones","sections","5.74","1.0654"
"5682","number","number","5.74","1.1747"
"5683","also","Also","5.74","1.1214"
"5684","oficinas","offices","5.74","1.3822"
"5685","cuenca","basin","5.74","1.2257"
"5686","medidas","measures","5.74","0.8283"
"5687","hará","will","5.74","1.2747"
"5688","empezando","starting","5.74","1.0654"
"5689","kieres","kieres","5.74","1.5093"
"5690","breves","brief","5.74","1.3219"
"5691","constituido","constituted","5.74","1.3063"
"5692","climático","climatic","5.74","1.1395"
"5693","staff","staff","5.74","0.9649"
"5694","aÑooo","aÑooo","5.74","1.4957"
"5695","variaciones","variations","5.74","1.2747"
"5696","bisiesto","leap-year","5.74","0.8526"
"5697","controles","controls","5.74","1.2906"
"5698","estándar","standard","5.74","1.1747"
"5699","citando","quote","5.74","1.2747"
"5700","vidrio","glass","5.74","1.0654"
"5701","retweet","retweet","5.74","1.7706"
"5702","alvaro","alvaro","5.74","1.192"
"5703","linea","Online","5.74","1.1031"
"5704","estándares","standards","5.74","1.1214"
"5705","están","are","5.74","1.0264"
"5706","review","review","5.74","0.9858"
"5707","reside","resides","5.74","1.0654"
"5708","tantos","many","5.74","1.0844"
"5709","abc","abc","5.74","1.3372"
"5710","sl","sl","5.74","1.6513"
"5711","papel","paper","5.74","0.9858"
"5712","alberto","alberto","5.74","1.2747"
"5713","marcas","brands","5.74","1.3822"
"5714","ahi","there","5.74","0.8992"
"5715","saliste","came out","5.74","1.1747"
"5716","gabriel","gabriel","5.74","1.2257"
"5717","décadas","decades","5.74","1.4957"
"5718","grado","degree","5.74","0.9858"
"5719","correspondiente","corresponding","5.74","1.1031"
"5720","atom","atom","5.74","1.0264"
"5721","sra","Mrs.","5.74","1.5361"
"5722","botón","button","5.74","1.0264"
"5723","venezolano","Venezuelan","5.74","1.6138"
"5724","user","user","5.74","1.0264"
"5725","bolivia","Bolivia","5.74","1.5093"
"5726","llevas","take","5.74","1.0461"
"5727","plato","dish","5.74","0.7775"
"5728","consideramos","consider","5.74","1.0654"
"5729","uñas","nails","5.74","1.2423"
"5730","trajo","brought","5.74","1.209"
"5731","podrían","could","5.74","1.2586"
"5732","agarre","bite","5.74","1.3969"
"5733","gesto","gesture","5.74","1.4401"
"5734","indica","indicates","5.74","0.7231"
"5735","edificios","buildings","5.74","1.4957"
"5736","medición","measurement","5.74","1.1747"
"5737","privadas","private","5.74","1.209"
"5738","permitía","allowed","5.74","1.3524"
"5739","maquinaria","machinery","5.74","1.3822"
"5740","siendo","being","5.74","0.8992"
"5741","inscripción","registration","5.74","1.7001"
"5742","transmisión","transmission","5.74","1.1572"
"5743","xddd","xddd","5.74","1.6389"
"5744","adhesión","adherence","5.74","1.1395"
"5745","hallaban","were","5.74","1.1747"
"5746","fórmula","formula","5.74","1.3969"
"5747","coloca","placed","5.74","0.8992"
"5748","poniendo","putting","5.74","0.9216"
"5749","formas","forms","5.74","1.0461"
"5750","funciones","functions","5.74","1.192"
"5751","procedencia","origin","5.74","1.2906"
"5752","luis","luis","5.74","1.0654"
"5753","someday","someday","5.74","1.4259"
"5754","entidad","entity","5.74","1.2747"
"5755","básica","Basic","5.74","1.0461"
"5756","around","around","5.74","1.1395"
"5757","definición","definition","5.74","1.1214"
"5758","mensual","monthly","5.72","1.1787"
"5759","daria","daria","5.72","1.2623"
"5760","uno","one","5.72","1.0698"
"5761","podria","could","5.72","1.3254"
"5762","parecer","seem","5.72","1.2296"
"5763","castellanos","Castilians","5.72","1.1436"
"5764","atribuciones","attributions","5.72","1.1436"
"5765","cargado","loaded","5.72","1.4434"
"5766","licencias","licenses","5.72","1.4988"
"5767","compuesta","composed","5.72","1.0698"
"5768","tengoo","tengoo","5.72","1.4291"
"5769","indemnización","compensation","5.72","1.8848"
"5770","consta","consists","5.72","1.0309"
"5771","faz","face","5.72","1.1787"
"5772","fibra","fiber","5.72","1.2461"
"5773","región","region","5.72","1.2623"
"5774","coordinador","coordinator","5.72","1.4988"
"5775","http","http","5.72","1.2296"
"5776","may","may","5.72","1.4574"
"5777","ah","ah","5.72","1.1613"
"5778","calificar","qualify","5.72","1.6167"
"5779","esté","is","5.72","0.8816"
"5780","líneas","lines","5.72","0.9267"
"5781","privado","private","5.72","1.4434"
"5782","cincuenta","fifty","5.72","1.3407"
"5783","raza","race","5.72","1.7961"
"5784","compuesto","compound","5.72","1.1959"
"5785","vargas","vargas","5.72","1.1959"
"5786","parecen","seem","5.72","1.0309"
"5787","text","text","5.72","1.2623"
"5788","tomaste","took","5.72","1.4852"
"5789","pagina","page","5.72","1.011"
"5790","hora","time","5.72","1.011"
"5791","martin","martin","5.72","1.2461"
"5792","formular","formulate","5.72","1.1613"
"5793","tripadvisor","tripadvisor","5.72","1.7266"
"5794","poner","put","5.72","0.9697"
"5795","mire","look","5.72","0.834"
"5796","mitad","half","5.72","1.3708"
"5797","leguas","leagues","5.72","1.3708"
"5798","site","site","5.72","1.0309"
"5799","formula","formulates","5.72","1.1613"
"5800","elección","choice","5.72","1.3708"
"5801","variación","variation","5.72","1.4988"
"5802","terreno","ground","5.72","0.9697"
"5803","dime","tell me","5.72","0.9485"
"5804","sede","headquarters","5.72","0.8816"
"5805","chalet","chalet","5.72","1.1959"
"5806","estén","are","5.72","0.834"
"5807","diga","say","5.72","0.8091"
"5808","recta","straight","5.72","1.1613"
"5809","ana","anne","5.72","1.4148"
"5810","size","size","5.72","1.0698"
"5811","distribuidor","distributor","5.72","1.1959"
"5812","sistemática","systematic","5.72","1.1613"
"5813","pongan","put","5.72","0.9906"
"5814","fresqui","fresqui","5.72","1.6167"
"5815","amarillas","Yellow","5.72","1.1613"
"5816","contenidos","content","5.72","0.8816"
"5817","explains","Explains","5.72","1.1256"
"5818","registrar","register","5.72","1.3856"
"5819","directory","directory","5.72","1.011"
"5820","way","way","5.72","1.3254"
"5821","castellana","Spanish","5.72","1.0698"
"5822","sali","output","5.72","1.4574"
"5823","again","again","5.72","1.3708"
"5824","treinta","thirty","5.72","1.2623"
"5825","junior","junior","5.72","1.4434"
"5826","necesariamente","necessarily","5.72","1.3099"
"5827","década","decade","5.72","0.9267"
"5828","marqués","marquis","5.72","1.3099"
"5829","subida","rise","5.72","1.2129"
"5830","listado","list","5.72","1.0698"
"5831","sintió","felt","5.72","1.4003"
"5832","romero","rosemary","5.72","1.2461"
"5833","cuyos","whose","5.72","0.9906"
"5834","partido","game","5.72","1.7501"
"5835","oi","oi","5.72","1.2129"
"5836","two","two","5.72","0.9906"
"5837","javier","Xavier","5.72","1.2461"
"5838","moreno","brown","5.72","1.2943"
"5839","conveniencia","convenience","5.72","2.0706"
"5840","deep","deep","5.72","1.2129"
"5841","votación","vote","5.72","1.7266"
"5842","agarrar","grab","5.72","1.3708"
"5843","directores","directors","5.72","1.3856"
"5844","estructural","structural","5.72","1.1256"
"5845","pedidos","orders","5.72","1.2623"
"5846","repúblicas","republics","5.72","1.4852"
"5847","quedarme","stay","5.72","1.4434"
"5848","despertarme","wake","5.7","1.9193"
"5849","vie","Fri","5.7","1.3286"
"5850","pasando","passing","5.7","1.4033"
"5851","capilla","chapel","5.7","1.6444"
"5852","locuras","follies","5.7","2.2062"
"5853","silva","silva","5.7","1.3286"
"5854","enfrente","opposite","5.7","1.0738"
"5855","caña","cane","5.7","1.1112"
"5856","etiqueta","tag","5.7","1.1473"
"5857","preguntó","asked","5.7","1.2657"
"5858","antonio","Anthony","5.7","1.4178"
"5859","habéis","have","5.7","1.0926"
"5860","regiones","parts","5.7","1.0152"
"5861","precedente","precedent","5.7","1.0152"
"5862","peruana","Peruvian","5.7","1.3887"
"5863","búsqueda","search","5.7","1.594"
"5864","materiales","materials","5.7","1.2657"
"5865","fiat","fiat","5.7","1.1824"
"5866","mover","move","5.7","1.374"
"5867","seguía","continued","5.7","1.0351"
"5868","note","note","5.7","1.233"
"5869","gráfica","graph","5.7","1.3286"
"5870","#deal","# Deal","5.7","1.6568"
"5871","cecilia","cecilia","5.7","1.488"
"5872","medir","measure","5.7","1.233"
"5873","llame","call","5.7","0.9313"
"5874","das","das","5.7","0.9313"
"5875","comercial","commercial","5.7","1.6067"
"5876","mass","mass","5.7","1.3439"
"5877","seat","seat","5.7","1.7291"
"5878","descubierto","uncovered","5.7","1.594"
"5879","procedimientos","procedures","5.7","1.5017"
"5880","matemáticas","mathematics","5.7","2.0727"
"5881","nick","nick","5.7","1.0546"
"5882","articulación","articulation","5.7","1.2976"
"5883","establecidas","established","5.7","1.0738"
"5884","consumidor","consumer","5.7","1.2976"
"5885","awwww","awwww","5.7","2.1783"
"5886","almacenamiento","storage","5.7","1.2164"
"5887","algunos","some","5.7","1.0152"
"5888","tempo","tempo","5.7","1.233"
"5889","agora","agora","5.7","0.953"
"5890","thing","thing","5.7","1.0926"
"5891","cowboys","cowboys","5.7","1.7757"
"5892","proclama","proclamation","5.7","1.1824"
"5893","sobre","about","5.7","1.0152"
"5894","encontraba","was","5.7","1.0738"
"5895","versión","version","5.7","1.0546"
"5896","dawn","dawn","5.7","1.7409"
"5897","guardo","keep","5.7","0.9091"
"5898","permanente","permanent","5.7","1.4463"
"5899","terminar","end","5.7","2.0825"
"5900","tambien","also","5.7","1.1473"
"5901","será","will","5.7","1.2657"
"5902","directiva","directive","5.7","1.4178"
"5903","larga","long","5.7","1.7173"
"5904","doctor","doctor","5.7","1.669"
"5905","registrado","registered","5.7","1.0546"
"5906","comprobar","check","5.7","1.0738"
"5907","#cuba","# Cuba","5.7","1.7642"
"5908","another","another","5.7","1.0546"
"5909","medias","tights","5.7","1.1995"
"5910","copyright","copyright","5.7","1.7757"
"5911","pareces","look","5.7","1.359"
"5912","mario","mario","5.7","1.0738"
"5913","#prayforjapan","# Prayforjapan","5.7","1.8654"
"5914","manifestó","said","5.7","1.2657"
"5915","secretaría","secretariat","5.7","1.6194"
"5916","romana","Roman","5.7","0.9949"
"5917","paquete","package","5.7","1.2817"
"5918","siglos","ages","5.7","1.3887"
"5919","registrada","recorded","5.7","0.8631"
"5920","argumentos","arguments","5.7","1.1995"
"5921","caché","Cache","5.7","1.3439"
"5922","atribuye","attributes","5.7","1.0738"
"5923","sierra","sierra","5.7","1.4178"
"5924","fernando","fernando","5.7","1.0926"
"5925","ordenamiento","order","5.7","1.6568"
"5926","quedarse","stay","5.7","1.6067"
"5927","hallaba","was","5.7","1.1473"
"5928","privados","private","5.7","1.669"
"5929","debida","due","5.7","1.2657"
"5930","nombrar","name","5.7","0.9949"
"5931","barbie","Barbie","5.7","1.8544"
"5932","operador","operator","5.7","1.3132"
"5933","entrado","joined","5.7","0.9949"
"5934","dure","last","5.7","1.0152"
"5935","forums","forums","5.68","1.0388"
"5936","hacienda","estate","5.68","1.8344"
"5937","square","square","5.68","1.0962"
"5938","través","through","5.68","0.9988"
"5939","cargador","charger","5.68","1.3161"
"5940","breve","brief","5.68","1.2362"
"5941","lleno","full","5.68","1.7195"
"5942","pibe","kid","5.68","1.3619"
"5943","noel","noel","5.68","1.5043"
"5944","beatriz","beatriz","5.68","1.1856"
"5945","reacciones","reactions","5.68","1.5836"
"5946","llene","fill","5.68","1.3161"
"5947","da","gives","5.68","1.4061"
"5948","noticias","news","5.68","1.4907"
"5949","necesarios","necessary","5.68","1.1328"
"5950","fer","fer","5.68","1.3619"
"5951","inmobiliario","real-estate","5.68","1.0774"
"5952","industria","industry","5.68","1.5178"
"5953","xo","xo","5.68","1.8455"
"5954","you'll","'ll","5.68","1.0962"
"5955","bogota","johannesburg","5.68","1.1856"
"5956","diego","diego","5.68","1.2688"
"5957","varios","several","5.68","1.2196"
"5958","concejo","council","5.68","1.463"
"5959","hilo","thread","5.68","1.0583"
"5960","magnitude","magnitude","5.68","1.3915"
"5961","formulada","formulated","5.68","1.1683"
"5962","sales","salts","5.68","1.4907"
"5963","rama","branch","5.68","0.7407"
"5964","long","long","5.68","1.3619"
"5965","hacían","made","5.68","1.1856"
"5966","puebla","populates","5.68","1.1856"
"5967","archivos","records","5.68","1.1683"
"5968","net","net","5.68","0.9134"
"5969","porcentaje","percentage","5.68","1.4205"
"5970","mee","mee","5.68","1.4348"
"5971","i'll","I'll","5.68","1.2027"
"5972","interna","internal","5.68","1.0583"
"5973","bernardo","Bernard","5.68","1.1683"
"5974","britney","britney","5.68","1.8007"
"5975","almirante","admiral","5.68","1.3915"
"5976","castilla","Castile","5.68","0.8908"
"5977","georgia","Georgia","5.68","1.5576"
"5978","ubicada","located","5.68","1.0962"
"5979","géneros","goods","5.68","1.1856"
"5980","vuelvas","back","5.68","1.5836"
"5981","venían","came","5.68","1.3468"
"5982","imprenta","printing","5.68","1.3161"
"5983","daniel","daniel","5.68","1.2196"
"5984","jo","jo","5.68","1.1856"
"5985","hacerme","me","5.68","1.0774"
"5986","calzones","pants","5.68","1.6591"
"5987","cabezas","heads","5.68","1.4348"
"5988","peticiones","requests","5.68","1.1507"
"5989","chinos","Chinese","5.68","1.2362"
"5990","tmbn","tmbn","5.68","1.2196"
"5991","argentinos","Argentine","5.68","1.7313"
"5992","vengas","come","5.68","1.1147"
"5993","proceso","process","5.68","1.2848"
"5994","cuarto","fourth","5.68","1.0583"
"5995","ponen","put","5.68","0.9355"
"5996","hagas","do","5.68","1.1683"
"5997","longitud","length","5.68","1.1147"
"5998","galicia","Galicia","5.68","1.3316"
"5999","surgió","emerged","5.68","1.019"
"6000","cerro","hill","5.68","1.3915"
"6001","semanas","weeks","5.68","1.2688"
"6002","respectivo","respective","5.68","1.2688"
"6003","determina","determines","5.68","1.1683"
"6004","american","american","5.68","1.6092"
"6005","mide","measured","5.68","0.9134"
"6006","xddddd","xDDDDD","5.68","2.0745"
"6007","alli","there","5.68","1.019"
"6008","pedro","pedro","5.68","0.9781"
"6009","básicas","basic","5.68","0.9134"
"6010","suya","yours","5.68","1.2027"
"6011","mantenimiento","maintenance","5.68","1.3468"
"6012","materias","materials","5.68","1.3005"
"6013","china","china","5.68","1.4907"
"6014","tela","fabric","5.68","1.019"
"6015","meto","methodological","5.68","1.3468"
"6016","=d","= D","5.68","1.7431"
"6017","expone","exposed","5.68","1.4348"
"6018","ahí","there","5.68","0.8908"
"6019","habra","there will","5.68","1.1147"
"6020","month","month","5.68","0.8676"
"6021","mediante","through","5.68","1.0388"
"6022","relativo","relative","5.68","1.1147"
"6023","ole","ole","5.68","1.2027"
"6024","anuales","annual","5.68","1.2688"
"6025","textil","textile","5.68","1.1507"
"6026","verificar","verify","5.68","1.2688"
"6027","busca","search","5.68","1.3768"
"6028","par","pair","5.68","0.8908"
"6029","cubierta","cover","5.68","0.9355"
"6030","quizás","perhaps","5.68","1.1147"
"6031","toman","take","5.68","1.2027"
"6032","plantea","raises","5.68","1.2196"
"6033","numero","number","5.68","1.0774"
"6034","contraseña","password","5.68","1.0583"
"6035","pocket","pocket","5.68","1.2362"
"6036","obrigado","obrigado","5.68","1.4348"
"6037","forro","lining","5.68","1.4061"
"6038","bateria","Battery","5.68","1.3768"
"6039","republic","republic","5.68","1.0774"
"6040","noticed","noticed","5.68","1.1856"
"6041","aguilar","aguilar","5.68","1.0962"
"6042","ernesto","ernesto","5.68","1.3915"
"6043","cuatro","four","5.68","0.8437"
"6044","meses","months","5.66","1.1178"
"6045","panel","panel","5.66","0.8715"
"6046","catalunya","catalunya","5.66","1.2056"
"6047","set","set","5.66","1.1178"
"6048","met","met","5.66","1.0022"
"6049","reserva","reservation","5.66","1.3342"
"6050","empleado","employee","5.66","1.3644"
"6051","sepa","know","5.66","1.3032"
"6052","constituyó","constituted","5.66","1.3494"
"6053","cálculos","calculations","5.66","1.3494"
"6054","concilio","council","5.66","1.2715"
"6055","ciao","ciao","5.66","2.2462"
"6056","filtro","filter","5.66","1.2224"
"6057","permita","allow","5.66","0.9172"
"6058","tienden","tend","5.66","1.0422"
"6059","acabando","running","5.66","1.6856"
"6060","almost","almost","5.66","1.1537"
"6061","mesas","tables","5.66","0.9392"
"6062","arturo","Arthur","5.66","1.3342"
"6063","casino","casino","5.66","1.5986"
"6064","roberto","roberto","5.66","1.2056"
"6065","avisa","warns","5.66","1.4086"
"6066","procesos","processes","5.66","1.3793"
"6067","sepan","know","5.66","0.8947"
"6068","contiene","contains","5.66","0.8947"
"6069","ahhhh","ahhhh","5.66","1.4373"
"6070","índices","indices","5.66","0.9817"
"6071","fernandez","fernandez","5.66","1.1886"
"6072","absoluto","absolute","5.66","1.493"
"6073","directorio","directory","5.66","1.2554"
"6074","proporción","proportion","5.66","1.2056"
"6075","muestras","samples","5.66","0.8234"
"6076","congresos","Congress","5.66","1.5201"
"6077","vos","you","5.66","1.1886"
"6078","details","details","5.66","1.3494"
"6079","viste","Dresses","5.66","1.1713"
"6080","forman","form","5.66","0.7722"
"6081","testimonios","testimonies","5.66","1.3793"
"6082","pareció","seemed","5.66","1.0994"
"6083","celu","cellular","5.66","1.0806"
"6084","territorio","territory","5.66","1.493"
"6085","materia","matter","5.66","0.9172"
"6086","simón","simon","5.66","1.3032"
"6087","nacionalista","nationalist","5.66","1.7798"
"6088","relacionadas","Related","5.66","1.0422"
"6089","referente","concerning","5.66","1.1178"
"6090","modos","modes","5.66","1.1713"
"6091","do","do","5.66","1.3032"
"6092","says","says","5.66","0.9817"
"6093","aquellas","those","5.66","0.9392"
"6094","aquello","that","5.66","1.0806"
"6095","debate","debate","5.66","1.5334"
"6096","alla","alla","5.66","1.0422"
"6097","industrial","industrial","5.66","1.7798"
"6098","indias","Indian","5.66","1.5598"
"6099","saying","saying","5.66","0.8947"
"6100","pulse","press","5.66","1.1359"
"6101","could","Could","5.66","1.1886"
"6102","metros","meters","5.66","0.9392"
"6103","felis","felis","5.66","1.9018"
"6104","san","saint","5.66","1.2554"
"6105","formó","formed","5.66","0.9817"
"6106","di","di","5.66","0.6884"
"6107","from","from","5.66","1.1886"
"6108","be","be","5.66","1.3188"
"6109","ronda","round","5.66","1.1359"
"6110","made","made","5.66","1.0616"
"6111","encargados","charge","5.66","1.0616"
"6112","ti","you","5.66","1.0422"
"6113","contienen","contain","5.66","1.1178"
"6114","fichero","file","5.66","1.3644"
"6115","haga","do","5.66","1.0616"
"6116","martí","marti","5.66","1.0616"
"6117","declaración","statement","5.66","1.5598"
"6118","aún","yet","5.66","1.0022"
"6119","hours","hours","5.66","1.1713"
"6120","rioja","rioja","5.66","1.3494"
"6121","hicieron","made","5.66","0.8947"
"6122","llegaba","came","5.66","1.2554"
"6123","julian","julian","5.66","1.2554"
"6124","fija","fixed","5.66","0.9172"
"6125","demas","other","5.66","1.2875"
"6126","shots","shots","5.66","1.6364"
"6127","journal","journal","5.66","1.2056"
"6128","civil","civil","5.66","1.2224"
"6129","seras","seras","5.66","1.0806"
"6130","halla","is","5.66","0.8478"
"6131","clasificado","classified","5.66","1.1886"
"6132","agrícolas","agricultural","5.66","1.4514"
"6133","tucumán","tucumán","5.66","1.3032"
"6134","traiga","bring","5.66","1.0022"
"6135","versiones","versions","5.66","1.0022"
"6136","tell","tell","5.66","0.9817"
"6137","teología","theology","5.64","2.1262"
"6138","joseph","joseph","5.64","1.1739"
"6139","norteamericano","American","5.64","1.7815"
"6140","concesión","grant","5.64","1.3815"
"6141","mmmmm","mmmmm","5.64","1.7114"
"6142","referencia","reference","5.64","1.1563"
"6143","elemento","element","5.64","1.1386"
"6144","módulo","module","5.64","1.1911"
"6145","éstas","they","5.64","1.1911"
"6146","aluminio","aluminum","5.64","1.0835"
"6147","superioridad","superiority","5.64","2.1262"
"6148","garcía","garcia","5.64","1.2739"
"6149","distrito","district","5.64","1.0451"
"6150","how","how","5.64","1.2249"
"6151","fm","fm","5.64","1.0835"
"6152","solicitud","application","5.64","1.1386"
"6153","fijate","fijate","5.64","0.9205"
"6154","java","Java","5.64","1.3365"
"6155","pasala","pasala","5.64","0.9848"
"6156","chino","Chinese","5.64","1.4675"
"6157","es","this is","5.64","1.1739"
"6158","iniciales","initials","5.64","1.2415"
"6159","josé","joseph","5.64","1.2578"
"6160","manuscrito","manuscript","5.64","1.1563"
"6161","acá","here","5.64","0.9638"
"6162","aah","aah","5.64","1.3365"
"6163","pidió","asked","5.64","1.1205"
"6164","passar","passar","5.64","1.2249"
"6165","mariscal","marshal","5.64","1.2249"
"6166","capitanes","Captains","5.64","1.3211"
"6167","largos","long","5.64","1.5354"
"6168","espaÑa","espaÑa","5.64","1.849"
"6169","antena","antenna","5.64","1.2739"
"6170","adjuntos","attachments","5.64","1.0451"
"6171","veía","saw","5.64","1.1911"
"6172","empeño","endeavor","5.64","2.1453"
"6173","notificar","notify","5.64","1.3365"
"6174","www","www","5.64","1.3667"
"6175","ocupar","occupy","5.64","1.3056"
"6176","she's","she's","5.64","0.8514"
"6177","podía","could","5.64","1.3962"
"6178","viagra","viagra","5.64","1.8043"
"6179","nacho","nacho","5.64","1.0645"
"6180","resumen","summary","5.64","1.1021"
"6181","quero","quero","5.64","1.6753"
"6182","código","code","5.64","1.0835"
"6183","fabricantes","manufacturers","5.64","1.1739"
"6184","vi","vi","5.64","1.0835"
"6185","kiere","kiere","5.64","1.7351"
"6186","drivers","drivers","5.64","1.2898"
"6187","pregunte","ask","5.64","1.1911"
"6188","location","location","5.64","1.1205"
"6189","dile","tell","5.64","1.0645"
"6190","registrarse","register","5.64","1.3056"
"6191","washington","Washington","5.64","1.5354"
"6192","juana","joanna","5.64","1.1739"
"6193","masa","mass","5.64","1.1205"
"6194","caracas","Caracas","5.64","1.3667"
"6195","got","got","5.64","0.7494"
"6196","tomé","took","5.64","1.2739"
"6197","fase","phase","5.64","0.9424"
"6198","empleados","staff","5.64","1.4394"
"6199","rusia","Russia","5.64","1.6005"
"6200","estés","'re","5.64","1.3056"
"6201","supongo","I guess","5.64","1.3056"
"6202","feeds","feeds","5.64","1.0451"
"6203","rafael","rafael","5.64","1.2081"
"6204","conquista","conquest","5.64","2.2201"
"6205","penetrar","penetrate","5.64","1.5618"
"6206","escribía","wrote","5.64","0.9638"
"6207","você","você","5.64","1.0254"
"6208","papeles","papers","5.64","1.1911"
"6209","compromisos","liabilities","5.64","1.77"
"6210","seÑor","Mr.","5.64","1.5748"
"6211","antigua","old","5.64","1.6507"
"6212","vaya","go","5.64","1.1386"
"6213","historial","record","5.64","1.1563"
"6214","esperemos","hopefully","5.64","1.2898"
"6215","derivados","derivatives","5.62","0.9875"
"6216","arranca","starts","5.62","1.6646"
"6217","entre","between","5.62","0.753"
"6218","pone","puts","5.62","1.2271"
"6219","més","month","5.62","1.3834"
"6220","encima","above","5.62","1.0079"
"6221","dirigido","addressed","5.62","1.0476"
"6222","documentos","documents","5.62","1.1933"
"6223","contribuciones","contributions","5.62","1.9366"
"6224","carmen","carmen","5.62","1.1933"
"6225","kilómetros","kilometers","5.62","1.2919"
"6226","áreas","areas","5.62","1.0476"
"6227","antiguos","old","5.62","1.4968"
"6228","inmobiliarias","estate","5.62","1.1933"
"6229","pasan","pass","5.62","1.0079"
"6230","mallorca","Majorca","5.62","1.427"
"6231","toque","touch","5.62","1.3231"
"6232","hip","hip","5.62","1.2599"
"6233","concretos","concrete","5.62","1.0669"
"6234","encuestas","surveys","5.62","1.4831"
"6235","montaje","mounting","5.62","1.4126"
"6236","incluso","even","5.62","0.9452"
"6237","piezas","pieces","5.62","1.0079"
"6238","ocupa","occupies","5.62","1.3981"
"6239","basic","basic","5.62","1.5238"
"6240","constituida","constituted","5.62","1.1045"
"6241","respectivas","respective","5.62","1.1045"
"6242","caudal","caudal","5.62","1.1045"
"6243","stock","stock","5.62","1.0669"
"6244","traes","bring","5.62","0.901"
"6245","seleccione","select","5.62","0.6667"
"6246","provenientes","from","5.62","0.8545"
"6247","agregado","aggregate","5.62","1.3834"
"6248","atte","atte","5.62","1.1409"
"6249","añooooooo","añooooooo","5.62","1.8614"
"6250","plástico","plastic","5.62","1.2103"
"6251","levante","east","5.62","1.2103"
"6252","azar","random","5.62","1.6022"
"6253","buscas","looking","5.62","0.9452"
"6254","así","so","5.62","0.9234"
"6255","constituyente","constituent","5.62","1.028"
"6256","jornada","day","5.62","1.4553"
"6257","cuantas","few","5.62","0.9666"
"6258","razas","races","5.62","1.5504"
"6259","ciento","hundred","5.62","1.3981"
"6260","quería","would","5.62","1.3981"
"6261","parto","birth","5.62","1.8394"
"6262","augusto","august","5.62","1.2919"
"6263","indican","indicate","5.62","0.9875"
"6264","segovia","segovia","5.62","1.0669"
"6265","andorra","andorra","5.62","1.1933"
"6266","acabaron","ended","5.62","1.8282"
"6267","piedad","piety","5.62","1.9784"
"6268","lot","lot","5.62","1.3686"
"6269","respecta","respect","5.62","1.1586"
"6270","aspectos","aspects","5.62","0.901"
"6271","parece","seems","5.62","1.2599"
"6272","específica","specific","5.62","1.0079"
"6273","anuncio","ad","5.62","1.2271"
"6274","they","They","5.62","1.0859"
"6275","órganos","organs","5.62","1.6769"
"6276","gaceta","gazette","5.62","1.0859"
"6277","usa","used","5.62","1.5894"
"6278","ocurrir","occur","5.62","1.1761"
"6279","pronuncia","pronounced","5.62","1.1229"
"6280","hacia","to","5.62","1.276"
"6281","urbanos","urban","5.62","1.0476"
"6282","tmb","tmb","5.62","1.0079"
"6283","avisos","ads","5.6","0.9035"
"6284","parroquia","parish","5.6","1.8516"
"6285","rojas","Red","5.6","1.2617"
"6286","barro","mud","5.6","1.3702"
"6287","something","something","5.6","1.3248"
"6288","permanentes","permanent","5.6","1.1249"
"6289","age","age","5.6","1.178"
"6290","late","beats","5.6","1.6288"
"6291","tenéis","you have","5.6","1.1249"
"6292","estan","are","5.6","0.833"
"6293","gota","drop","5.6","1.2617"
"6294","izquierda","left","5.6","1.4142"
"6295","procedente","from","5.6","1.1952"
"6296","boletín","bulletin","5.6","0.9897"
"6297","hare","will do","5.6","1.1249"
"6298","followedthank","followedthank","5.6","1.178"
"6299","hit","hit","5.6","1.5386"
"6300","estadísticas","statistics","5.6","1.2617"
"6301","denomina","called","5.6","0.8571"
"6302","aviso","notice","5.6","1.0498"
"6303","con","with","5.6","0.8571"
"6304","llevaron","led","5.6","1.2122"
"6305","ud","you","5.6","0.9689"
"6306","escribano","notary","5.6","0.8571"
"6307","sobretodo","overcoat","5.6","1.3997"
"6308","own","own","5.6","1.069"
"6309","tipos","type","5.6","1.1429"
"6310","pide","asks","5.6","1.178"
"6311","necesaria","necessary","5.6","1.178"
"6312","pongo","put","5.6","0.9035"
"6313","indios","Indians","5.6","1.5649"
"6314","contexto","context","5.6","1.1952"
"6315","jose","jose","5.6","1.3401"
"6316","nombrados","appointed","5.6","1.2122"
"6317","weeks","weeks","5.6","1.2289"
"6318","menester","necessary","5.6","0.9897"
"6319","asked","Asked","5.6","0.9258"
"6320","dato","datum","5.6","0.6701"
"6321","designación","designation","5.6","1.2122"
"6322","lucas","lucas","5.6","1.3553"
"6323","públicos","public","5.6","1.3702"
"6324","subido","uploaded","5.6","1.3401"
"6325","campesinos","peasants","5.6","1.5649"
"6326","tubo","tube","5.6","1.2936"
"6327","esperamos","hope","5.6","1.4286"
"6328","mera","mere","5.6","1.2617"
"6329","tus","your","5.6","0.7284"
"6330","dame","gimme","5.6","1.3401"
"6331","sebastián","Sebastian","5.6","1.4286"
"6332","mando","command","5.6","1.7843"
"6333","cuyo","whose","5.6","1.0302"
"6334","haberse","have","5.6","1.1952"
"6335","silvia","silvia","5.6","1.5518"
"6336","kong","kong","5.6","1.3702"
"6337","tuit","tweet","5.6","1.6162"
"6338","jorge","jorge","5.6","0.9035"
"6339","quedar","remain","5.6","1.3553"
"6340","rango","rank","5.6","1.1429"
"6341","rasgo","trait","5.6","1.0498"
"6342","testimonio","testimony","5.6","1.088"
"6343","vuelto","turned","5.6","1.1606"
"6344","representantes","representatives","5.6","1.3401"
"6345","saque","serve","5.6","1.4286"
"6346","parte","part","5.6","1.1952"
"6347","credito","Credit","5.6","1.6288"
"6348","comuna","commune","5.6","1.1606"
"6349","use","use","5.6","0.8806"
"6350","especificaciones","specs","5.6","1.178"
"6351","type","type","5.6","0.9689"
"6352","banco","bank","5.6","1.4142"
"6353","libras","pounds","5.6","1.2454"
"6354","pones","put","5.6","1.1066"
"6355","manu","manu","5.6","1.2289"
"6356","distinto","different","5.6","1.3997"
"6357","conversión","conversion","5.6","1.3248"
"6358","basado","based","5.6","1.3401"
"6359","evaluar","assess","5.6","1.1429"
"6360","misterio","mystery","5.6","1.7957"
"6361","comerciantes","traders","5.6","1.3702"
"6362","digas","say","5.6","0.9897"
"6363","queres","want","5.6","1.2122"
"6364","crónica","chronicle","5.6","1.5518"
"6365","pasaje","passage","5.6","1.2122"
"6366","guinea","guinea","5.6","1.2778"
"6367","esquema","scheme","5.6","1.2289"
"6368","interfaz","interface","5.6","0.9476"
"6369","inmobiliaria","estate","5.6","1.1066"
"6370","version","version","5.6","1.0102"
"6371","agarra","grabs","5.6","1.2122"
"6372","anything","anything","5.6","1.178"
"6373","madero","timber","5.6","1.2617"
"6374","omg","omg","5.58","1.6299"
"6375","informe","report","5.58","1.2469"
"6376","reforma","reform","5.58","1.295"
"6377","alvarado","alvarado","5.58","1.1082"
"6378","colonia","colony","5.58","1.1968"
"6379","mesa","table","5.58","0.9708"
"6380","consiguiente","consequent","5.58","0.9916"
"6381","tbn","tbn","5.58","1.3415"
"6382","parking","parking","5.58","0.9916"
"6383","sometimes","sometimes","5.58","1.012"
"6384","quienes","who","5.58","0.9495"
"6385","#letitbe","# Letitbe","5.58","1.7034"
"6386","mr","mr","5.58","0.9055"
"6387","glosario","glossary","5.58","1.1445"
"6388","goma","rubber","5.58","1.0319"
"6389","pudieran","could","5.58","1.0708"
"6390","administrativo","administrative","5.58","1.4721"
"6391","produjo","produced","5.58","1.3864"
"6392","talla","size","5.58","1.1796"
"6393","extrema","extreme","5.58","1.6671"
"6394","ancho","width","5.58","1.4299"
"6395","recibo","receipt","5.58","1.3716"
"6396","medios","Media","5.58","1.2469"
"6397","#siguemeytesigo","# Siguemeytesigo","5.58","1.739"
"6398","trimestre","quarter","5.58","1.4859"
"6399","localidades","locations","5.58","1.0515"
"6400","submit","submit","5.58","1.1082"
"6401","black","black","5.58","1.8193"
"6402","nacionalismo","nationalism","5.58","1.7154"
"6403","zonas","areas","5.58","0.9278"
"6404","tendría","would","5.58","1.1265"
"6405","área","area","5.58","1.1968"
"6406","horarios","schedules","5.58","1.401"
"6407","vota","vote","5.58","1.3566"
"6408","fijo","fixed","5.58","1.0515"
"6409","juramento","oath","5.58","1.553"
"6410","aproximadamente","about","5.58","0.8352"
"6411","pileta","pool","5.58","1.2137"
"6412","amr","amr","5.58","1.3107"
"6413","monetaria","monetary","5.58","1.3566"
"6414","usando","using","5.58","1.0897"
"6415","similares","Similar","5.58","0.9916"
"6416","pies","feet","5.58","1.2792"
"6417","dire","dire","5.58","0.9495"
"6418","objetos","objects","5.58","1.012"
"6419","particularmente","particularly","5.58","0.9916"
"6420","quedará","will","5.58","1.1622"
"6421","tengan","have","5.58","1.0515"
"6422","declarar","declare","5.58","1.401"
"6423","pila","pile","5.58","1.1796"
"6424","denominado","called","5.58","1.1265"
"6425","tasa","rate","5.58","1.2304"
"6426","raúl","raul","5.58","1.3864"
"6427","marta","marten","5.58","1.2137"
"6428","víctor","víctor","5.58","1.0897"
"6429","martes","Tuesday","5.58","1.0319"
"6430","procedimiento","procedure","5.58","1.0897"
"6431","sera","will","5.58","1.295"
"6432","ramón","Ramon","5.58","1.1265"
"6433","nombrado","appointed","5.58","1.0515"
"6434","eu","eu","5.58","1.4299"
"6435","vega","vega","5.58","1.0515"
"6436","estara","will be","5.58","1.1445"
"6437","teórico","theorist","5.58","1.4299"
"6438","extensa","extensive","5.58","1.6174"
"6439","i've","I've","5.58","1.295"
"6440","españoles","Spanish","5.58","1.553"
"6441","dijo","said","5.58","0.9278"
"6442","ultimamente","lately","5.58","1.0708"
"6443","lados","sides","5.58","1.0319"
"6444","requieren","require","5.58","0.9495"
"6445","honduras","Honduras","5.58","1.2792"
"6446","auxiliar","auxiliary","5.58","1.012"
"6447","queria","wanted","5.58","1.5919"
"6448","tomo","tome","5.58","1.1796"
"6449","asume","assumes","5.58","1.1796"
"6450","nota","note","5.58","0.9495"
"6451","bf","bf","5.58","1.6299"
"6452","cambie","change","5.58","1.2304"
"6453","alonso","alonso","5.58","1.4995"
"6454","list","list","5.58","1.1622"
"6455","criterios","criteria","5.58","1.4721"
"6456","tipico","typical","5.58","1.4441"
"6457","capa","layer","5.56","1.0529"
"6458","cesta","basket","5.56","0.7602"
"6459","salen","out","5.56","1.5539"
"6460","caja","box","5.56","1.0333"
"6461","agraria","agrarian","5.56","1.4165"
"6462","haberme","me","5.56","0.9071"
"6463","titanic","titanic","5.56","2.2602"
"6464","ignacio","ignacio","5.56","0.9293"
"6465","haberte","be a","5.56","1.0134"
"6466","cristiana","Christian","5.56","1.7747"
"6467","feb","February","5.56","1.2149"
"6468","modificado","modified","5.56","1.2643"
"6469","sello","seal","5.56","1.0333"
"6470","any","any","5.56","0.9071"
"6471","recoge","collected","5.56","1.3874"
"6472","guetta","guetta","5.56","1.3118"
"6473","declaró","declared","5.56","1.3426"
"6474","prestar","pay","5.56","1.3273"
"6475","darse","get","5.56","1.473"
"6476","ganhar","ganhar","5.56","1.6433"
"6477","preceptos","precepts","5.56","1.402"
"6478","instrucciones","instructions","5.56","1.248"
"6479","carpeta","folder","5.56","1.1808"
"6480","cuenta","account","5.56","1.3874"
"6481","presentaba","presented","5.56","1.0134"
"6482","registro","register","5.56","1.1095"
"6483","mande","send","5.56","1.1808"
"6484","izquierdo","left","5.56","1.0529"
"6485","gata","cat","5.56","1.9708"
"6486","finales","end","5.56","1.9914"
"6487","cause","cause","5.56","1.3426"
"6488","mismo","same","5.56","1.3273"
"6489","venido","come","5.56","1.3426"
"6490","indicadores","indicators","5.56","1.248"
"6491","contratos","contracts","5.56","1.473"
"6492","habiendo","having","5.56","1.3273"
"6493","manuel","manuel","5.56","1.4165"
"6494","jesuítas","Jesuits","5.56","1.7861"
"6495","direcciones","Address","5.56","0.8122"
"6496","laborales","labor","5.56","1.5274"
"6497","serrano","serrano","5.56","1.3118"
"6498","significación","significance","5.56","1.2316"
"6499","bon","bon","5.56","1.2803"
"6500","vázquez","vázquez","5.56","1.2961"
"6501","comité","committee","5.56","1.1634"
"6502","vigilancia","surveillance","5.56","1.6801"
"6503","pequeñas","small","5.56","1.4591"
"6504","baños","toilets","5.56","1.3577"
"6505","meterme","get me","5.56","0.993"
"6506","césar","Caesar","5.56","1.1095"
"6507","rollo","roll","5.56","1.091"
"6508","pido","ask","5.56","1.2316"
"6509","lisa","smooth","5.56","0.9723"
"6510","#noticias","# News","5.56","1.2803"
"6511","párrafo","paragraph","5.56","1.0134"
"6512","definitiva","final","5.56","1.3118"
"6513","mes","month","5.56","1.0333"
"6514","seran","will","5.56","1.091"
"6515","toi","toi","5.56","1.3118"
"6516","tremenda","tremendous","5.56","1.9077"
"6517","bebi","beverages","5.56","1.4165"
"6518","indígena","indigenous","5.56","1.7398"
"6519","sus","their","5.56","0.9071"
"6520","medida","measure","5.56","1.091"
"6521","encontraban","were","5.56","1.2961"
"6522","consiste","is","5.56","1.0134"
"6523","gonzalez","Gonzalez","5.56","1.4165"
"6524","declara","declares","5.56","0.9293"
"6525","estado","state","5.56","1.198"
"6526","hizo","made","5.56","1.0529"
"6527","others","others","5.56","1.402"
"6528","pisos","floors","5.56","1.0721"
"6529","videofrom","videofrom","5.56","0.993"
"6530","hacerse","become","5.56","1.198"
"6531","paul","paul","5.56","1.091"
"6532","entonces","then","5.56","0.8843"
"6533","contraste","contrast","5.54","1.1466"
"6534","publicidad","advertising","5.54","1.7049"
"6535","tiii","tiii","5.54","1.3734"
"6536","filipinas","Filipino","5.54","1.4737"
"6537","juárez","juárez","5.54","1.6439"
"6538","testigo","witness","5.54","1.3734"
"6539","photobucket","photobucket","5.54","1.8094"
"6540","busco","search","5.54","1.2324"
"6541","tijuana","tijuana","5.54","1.94"
"6542","unas","some","5.54","0.8134"
"6543","dijiste","said","5.54","1.0144"
"6544","urbanas","urban","5.54","1.2488"
"6545","objeto","object","5.54","1.073"
"6546","#neversaynever","# Neversaynever","5.54","2.2607"
"6547","petróleo","oil","5.54","1.3734"
"6548","corporaciones","corporations","5.54","1.7404"
"6549","referirse","concern","5.54","0.9941"
"6550","veremos","see","5.54","0.9304"
"6551","esto","this","5.54","0.9521"
"6552","suyo","his","5.54","1.3881"
"6553","chao","bye","5.54","1.6807"
"6554","martín","martin","5.54","1.0539"
"6555","rato","while","5.54","1.1287"
"6556","serían","would","5.54","1.4458"
"6557","fax","fax","5.54","1.0144"
"6558","prof","prof","5.54","1.2488"
"6559","pasame","pasame","5.54","1.4028"
"6560","planos","planes","5.54","0.9304"
"6561","let","let","5.54","0.8134"
"6562","precedentes","preceding","5.54","1.2969"
"6563","tí","you","5.54","1.4028"
"6564","gonna","gonna","5.54","1.073"
"6565","uso","use","5.54","0.6455"
"6566","william","william","5.54","1.073"
"6567","encargo","order","5.54","1.4028"
"6568","hernandez","hernandez","5.54","1.328"
"6569","partes","parts","5.54","1.0539"
"6570","estando","being","5.54","0.8855"
"6571","cursi","corny","5.54","2.0723"
"6572","eduardo","eduardo","5.54","0.9521"
"6573","decían","said","5.54","1.1466"
"6574","tells","tells","5.54","0.7879"
"6575","dadas","given","5.54","1.1643"
"6576","javi","javi","5.54","0.9941"
"6577","dónde","where","5.54","1.2488"
"6578","cv","cv","5.54","1.4598"
"6579","conde","earl","5.54","1.5935"
"6580","just","just","5.54","1.2488"
"6581","data","data","5.54","0.9304"
"6582","bby","bby","5.54","1.6928"
"6583","actas","proceedings","5.54","1.1817"
"6584","cometido","task","5.54","1.5012"
"6585","crush","crush","5.54","1.7404"
"6586","pizarro","pizarro","5.54","1.1817"
"6587","#fb","# Fb","5.54","1.8318"
"6588","venezuela","Venezuela","5.54","1.6928"
"6589","gentes","people","5.54","1.6062"
"6590","intendente","mayor","5.54","1.1466"
"6591","acento","accent","5.54","1.1466"
"6592","estadística","statistics","5.54","1.5281"
"6593","cifra","figure","5.54","0.9733"
"6594","intermedio","intermediate","5.54","1.2157"
"6595","person","person","5.54","1.1817"
"6596","firmas","firms","5.54","1.0144"
"6597","luchando","fighting","5.54","2.0224"
"6598","usan","use","5.54","1.2157"
"6599","distintos","different","5.54","1.328"
"6600","pin","pin","5.54","1.0919"
"6601","diera","give","5.54","0.9733"
"6602","them","them","5.54","0.9304"
"6603","segundos","seconds","5.54","1.2324"
"6604","málaga","Malaga","5.54","1.3126"
"6605","castellón","Castellón","5.54","1.1643"
"6606","paco","paco","5.52","1.4177"
"6607","comun","common","5.52","1.1993"
"6608","decía","said","5.52","1.1993"
"6609","vol","vol","5.52","1.0349"
"6610","plantilla","template","5.52","1.0925"
"6611","grados","degrees","5.52","1.1292"
"6612","lleven","with","5.52","1.2162"
"6613","montón","heap","5.52","1.3886"
"6614","mariano","Marian","5.52","0.9089"
"6615","agustín","augustine","5.52","1.111"
"6616","defensa","defense","5.52","1.5418"
"6617","administraciones","administrations","5.52","1.581"
"6618","col","cabbage","5.52","0.9947"
"6619","qiere","qiere","5.52","1.581"
"6620","dices","say","5.52","1.015"
"6621","territorios","territories","5.52","1.313"
"6622","ares","ares","5.52","1.568"
"6623","sucesión","succession","5.52","1.3589"
"6624","has","have","5.52","1.2656"
"6625","provoca","causes","5.52","1.5151"
"6626","consumo","consumption","5.52","1.7171"
"6627","tipo","type","5.52","0.9089"
"6628","cualquier","any","5.52","1.0349"
"6629","micro","mike","5.52","1.3589"
"6630","grueso","thick","5.52","1.2493"
"6631","observaciones","observations","5.52","1.2162"
"6632","josÉ","josÉ","5.52","1.3438"
"6633","guayaquil","guayaquil","5.52","1.313"
"6634","=o","= O","5.52","1.5418"
"6635","because","Because","5.52","0.9739"
"6636","concurrencia","concurrence","5.52","1.4879"
"6637","bolívar","bolivar","5.52","1.2974"
"6638","ademas","also","5.52","1.2162"
"6639","decís","say","5.52","0.8862"
"6640","sujeto","subject","5.52","1.1471"
"6641","habrían","would","5.52","1.3438"
"6642","afán","eagerness","5.52","1.2974"
"6643","paso","step","5.52","0.9739"
"6644","deutsch","deutsch","5.52","1.3738"
"6645","pruebas","testing","5.52","1.5285"
"6646","little","little","5.52","1.3285"
"6647","ésta","this","5.52","0.8862"
"6648","jack","jack","5.52","1.2493"
"6649","esbozo","outline","5.52","1.111"
"6650","cambian","change","5.52","1.1993"
"6651","Áreas","Areas","5.52","1.0736"
"6652","entere","finds","5.52","1.1471"
"6653","allí","there","5.52","0.7624"
"6654","és","és","5.52","1.1822"
"6655","denominación","designation","5.52","1.0349"
"6656","chileno","Chilean","5.52","1.2816"
"6657","what's","what's","5.52","1.1471"
"6658","turno","turn","5.52","1.0349"
"6659","boletines","newsletters","5.52","1.2162"
"6660","causa","cause","5.52","1.5016"
"6661","català","català","5.52","1.1993"
"6662","holi","holi","5.52","1.4879"
"6663","ámbito","scope","5.52","0.8628"
"6664","instituciones","institutions","5.52","1.2816"
"6665","santiago","santiago","5.52","0.9311"
"6666","line","line","5.52","0.9528"
"6667","gutiérrez","gutierrez","5.52","1.3285"
"6668","sim","sim","5.52","1.3589"
"6669","pack","pack","5.52","1.2493"
"6670","aun","even","5.52","1.0544"
"6671","allá","there","5.52","1.0544"
"6672","ale","ale","5.52","1.4602"
"6673","dominio","domain","5.52","1.3738"
"6674","aÑoooo","aÑoooo","5.52","1.8978"
"6675","laboratorios","laboratories","5.52","1.432"
"6676","parecía","seemed","5.52","1.2493"
"6677","columnas","columns","5.52","1.313"
"6678","horario","schedule","5.52","1.2974"
"6679","modificación","modification","5.52","1.3886"
"6680","designado","designate","5.52","1.3285"
"6681","constitución","constitution","5.52","1.4741"
"6682","finalizar","finalize","5.52","2.0824"
"6683","martinez","Martinez","5.52","1.2656"
"6684","dispuso","ordered","5.52","1.1648"
"6685","punta","tip","5.52","1.015"
"6686","fábrica","factory","5.52","1.4462"
"6687","#followback","# Followback","5.52","1.764"
"6688","administracion","administration","5.52","1.8432"
"6689","situado","located","5.52","1.015"
"6690","acaban","just","5.52","1.5151"
"6691","tags","tags","5.52","1.2493"
"6692","culto","cult","5.5","1.9193"
"6693","podían","could","5.5","1.2495"
"6694","toledo","Toledo","5.5","1.0926"
"6695","quiénes","who","5.5","1.0152"
"6696","lotes","Batch","5.5","0.9313"
"6697","merced","favor","5.5","1.3439"
"6698","amateur","amateur","5.5","1.4743"
"6699","aki","aki","5.5","1.2657"
"6700","pérez","perez","5.5","1.0351"
"6701","benito","Benedict","5.5","1.1294"
"6702","yaaa","yaaa","5.5","1.669"
"6703","george","george","5.5","1.4743"
"6704","anexo","annex","5.5","0.9091"
"6705","concha","shell","5.5","1.359"
"6706","alejandro","Alexander","5.5","1.165"
"6707","demás","other","5.5","1.233"
"6708","consultas","consultations","5.5","1.3439"
"6709","digan","say","5.5","1.0351"
"6710","eva","Eve","5.5","1.2657"
"6711","test","test","5.5","1.233"
"6712","diaria","daily","5.5","1.0351"
"6713","félix","Felix","5.5","1.233"
"6714","*o*","* O *","5.5","1.8544"
"6715","valga","worth","5.5","1.2164"
"6716","quizá","perhaps","5.5","1.1824"
"6717","html","html","5.5","1.233"
"6718","gómez","gomez","5.5","0.8864"
"6719","hablaba","spoke","5.5","1.2164"
"6720","influencia","influence","5.5","1.7173"
"6721","campañas","campaigns","5.5","1.7525"
"6722","procedentes","from","5.5","1.0152"
"6723","plano","plane","5.5","1.0738"
"6724","rocas","rocks","5.5","1.374"
"6725","vuelve","returns","5.5","1.2976"
"6726","ey","ey","5.5","1.165"
"6727","una","a","5.5","1.0546"
"6728","eje","axis","5.5","1.0738"
"6729","cali","cali","5.5","1.4321"
"6730","espero","hope","5.5","1.3286"
"6731","diligencia","diligence","5.5","1.5419"
"6732","pon","pon","5.5","0.8391"
"6733","católicos","Catholics","5.5","1.7757"
"6734","diámetro","diameter","5.5","1.1824"
"6735","lote","batch","5.5","0.9742"
"6736","medio","medium","5.5","0.8144"
"6737","tumblr","tumblr","5.5","1.594"
"6738","alvarez","alvarez","5.5","1.1294"
"6739","asumir","assume","5.5","1.2817"
"6740","factores","factors","5.5","1.233"
"6741","mauricio","Mauritius","5.5","1.1824"
"6742","sunderland","sunderland","5.5","0.9313"
"6743","acontecimientos","events","5.5","1.4604"
"6744","juro","swear","5.5","1.0738"
"6745","cuanta","how much","5.5","1.2164"
"6746","ben","ben","5.5","0.9949"
"6747","pablo","pablo","5.5","0.8864"
"6748","sujetos","subjects","5.5","1.3439"
"6749","admin","admin","5.5","1.3286"
"6750","ala","wing","5.5","1.1294"
"6751","asus","asus","5.5","0.953"
"6752","determinadas","determined","5.5","1.165"
"6753","notice","notice","5.5","1.3132"
"6754","wee","wee","5.5","1.8211"
"6755","acabo","just","5.5","1.2495"
"6756","variable","variable","5.5","1.233"
"6757","stats","stats","5.5","1.3132"
"6758","omar","omar","5.5","1.4178"
"6759","paulo","paulo","5.5","1.233"
"6760","unos","about","5.5","1.233"
"6761","vendedores","sellers","5.5","1.5286"
"6762","hayas","have","5.5","1.1294"
"6763","esperan","expect","5.5","1.359"
"6764","doctrina","doctrine","5.5","1.6067"
"6765","sois","you are","5.5","1.1294"
"6766","sección","section","5.5","1.1824"
"6767","etiquetas","Labels","5.5","1.4321"
"6768","federación","federation","5.5","1.2164"
"6769","price","price","5.5","1.5017"
"6770","catorce","fourteen","5.5","0.8864"
"6771","relativos","relative","5.5","1.2976"
"6772","does","does","5.5","0.8144"
"6773","pedí","asked","5.5","1.374"
"6774","resistir","resist","5.5","1.6812"
"6775","llevado","led","5.5","0.9313"
"6776","éste","this","5.5","0.9949"
"6777","robert","robert","5.5","1.2164"
"6778","sean","are","5.5","0.953"
"6779","agente","agent","5.5","1.1995"
"6780","funda","cover","5.5","0.953"
"6781","quote","quote","5.5","1.1473"
"6782","ángulo","angle","5.5","0.9313"
"6783","retorno","return","5.5","1.2657"
"6784","corresponda","appropriate","5.48","1.1471"
"6785","that's","that's","5.48","1.0925"
"6786","consejería","counseling","5.48","1.1471"
"6787","gráficas","graphs","5.48","1.3738"
"6788","proveedores","suppliers","5.48","1.015"
"6789","pondre","pondre","5.48","0.8862"
"6790","badge","badge","5.48","1.2329"
"6791","filtros","filters","5.48","1.2656"
"6792","soberano","sovereign","5.48","1.6066"
"6793","chris","chris","5.48","1.2162"
"6794","sab","sab","5.48","1.0544"
"6795","usd","usd","5.48","1.2974"
"6796","consulte","see","5.48","0.9947"
"6797","buques","Ships","5.48","1.0736"
"6798","dicen","say","5.48","1.2816"
"6799","andaba","walked","5.48","1.3438"
"6800","situada","located","5.48","0.9739"
"6801","trackback","trackback","5.48","1.2329"
"6802","there","there","5.48","0.7351"
"6803","economías","economies","5.48","1.6932"
"6804","oviedo","oviedo","5.48","0.9947"
"6805","tii","tii","5.48","1.555"
"6806","sanitaria","health","5.48","1.3589"
"6807","precepto","precept","5.48","1.4741"
"6808","pongas","put","5.48","1.0925"
"6809","sesenta","sixty","5.48","1.0736"
"6810","pamplona","pamplona","5.48","1.5016"
"6811","nos","us","5.48","0.9739"
"6812","durante","during","5.48","0.7887"
"6813","asunto","issue","5.48","0.8862"
"6814","ate","ate","5.48","1.3589"
"6815","enserio","seriously","5.48","1.3589"
"6816","trae","brings","5.48","0.9528"
"6817","dic","December","5.48","1.3738"
"6818","comunes","common","5.48","1.1822"
"6819","fuimos","we","5.48","1.4032"
"6820","modo","mode","5.48","0.9311"
"6821","monton","lot","5.48","1.2493"
"6822","lic","lic","5.48","1.3285"
"6823","explicaciones","explanations","5.48","1.5418"
"6824","states","states","5.48","1.313"
"6825","embajada","embassy","5.48","1.3738"
"6826","irán","Iran","5.48","1.5151"
"6827","externa","external","5.48","1.0544"
"6828","lopez","lopez","5.48","1.0544"
"6829","diferentes","different","5.48","1.5151"
"6830","digo","say","5.48","0.7068"
"6831","tbm","tbm","5.48","1.4462"
"6832","cuentas","accounts","5.48","1.3285"
"6833","alguna","any","5.48","0.8628"
"6834","trinidad","trinity","5.48","1.6689"
"6835","agencia","agency","5.48","0.9528"
"6836","saco","sack","5.48","1.0925"
"6837","code","code","5.48","0.9947"
"6838","ruiz","ruiz","5.48","0.9528"
"6839","marx","marx","5.48","1.2493"
"6840","#nfl","# Nfl","5.48","1.9716"
"6841","lleve","take","5.48","0.7624"
"6842","vaina","sheath","5.48","1.2816"
"6843","buscando","looking","5.48","1.3589"
"6844","registrate","register","5.48","1.5418"
"6845","talvez","maybe","5.48","1.2974"
"6846","barrio","neighborhood","5.48","1.1471"
"6847","horas","hours","5.46","1.5012"
"6848","índice","index","5.46","0.9082"
"6849","aleatoria","Random","5.46","1.328"
"6850","alicante","alicante","5.46","1.3584"
"6851","bob","bob","5.46","1.1817"
"6852","cargando","loading","5.46","1.4172"
"6853","excepciones","exceptions","5.46","1.6062"
"6854","tomaron","took","5.46","1.4028"
"6855","him","him","5.46","1.1988"
"6856","constituye","is","5.46","1.1466"
"6857","fa","fa","5.46","1.3584"
"6858","cristianos","Christians","5.46","1.9505"
"6859","salió","out","5.46","1.3584"
"6860","emilio","emilio","5.46","1.3584"
"6861","bus","bus","5.46","1.1643"
"6862","zamora","zamora","5.46","1.4316"
"6863","requiere","requires","5.46","1.5281"
"6864","bautista","baptist","5.46","1.6315"
"6865","melhor","melhor","5.46","1.2157"
"6866","trates","try","5.46","1.0343"
"6867","rodriguez","rodriguez","5.46","0.9941"
"6868","centrales","central","5.46","0.7343"
"6869","unamuno","Unamuno","5.46","1.3734"
"6870","esta","this","5.46","0.8381"
"6871","evidencia","evidence","5.46","1.328"
"6872","gerardo","gerardo","5.46","1.3433"
"6873","gestiones","efforts","5.46","1.3433"
"6874","villanueva","villanueva","5.46","0.9941"
"6875","same","same","5.46","1.1466"
"6876","roca","rock","5.46","1.3881"
"6877","requerido","requested","5.46","1.6686"
"6878","louis","louis","5.46","1.3433"
"6879","base","base","5.46","1.0343"
"6880","citada","cited","5.46","1.0343"
"6881","diria","would say","5.46","1.073"
"6882","reuters","reuters","5.46","1.328"
"6883","pedir","ask","5.46","1.5806"
"6884","cuadrados","square","5.46","1.1466"
"6885","ortiz","ortiz","5.46","1.1104"
"6886","aÑos","YeArs","5.46","1.3881"
"6887","hiciera","do","5.46","1.2651"
"6888","teórica","theoretical","5.46","1.2324"
"6889","xhtml","xhtml","5.46","1.2811"
"6890","podes","can","5.46","1.2651"
"6891","administración","administration","5.46","1.4737"
"6892","mg","mg","5.46","1.0144"
"6893","cables","Cables","5.46","1.1466"
"6894","dá","gives","5.46","1.073"
"6895","cuyas","whose","5.46","1.1287"
"6896","setenta","seventy","5.46","1.3126"
"6897","their","Their","5.46","1.1643"
"6898","pa'","pa '","5.46","1.5546"
"6899","nico","nico","5.46","1.1643"
"6900","pedi","pedi","5.46","1.1287"
"6901","ese","that","5.46","0.9941"
"6902","concluye","concludes","5.46","1.7404"
"6903","otras","other","5.46","1.1466"
"6904","taylor","taylor","5.46","1.2488"
"6905","fracción","fraction","5.46","1.328"
"6906","sucedido","happened","5.46","1.2488"
"6907","are","are","5.46","0.9941"
"6908","it","it","5.46","0.9082"
"6909","cabo","end","5.46","1.3734"
"6910","javascript","javascript","5.46","1.3433"
"6911","estaria","would be","5.46","1.2324"
"6912","estómago","stomach","5.46","1.1104"
"6913","calif","calif","5.46","1.6189"
"6914","ap","ap","5.46","0.9733"
"6915","vigencia","validity","5.46","1.1466"
"6916","archivo","archive","5.46","1.2488"
"6917","siglo","century","5.46","1.1466"
"6918","ask","ask","5.46","1.4028"
"6919","quiso","wanted","5.46","1.0144"
"6920","dominios","domains","5.46","1.5012"
"6921","mms","mms","5.46","1.2651"
"6922","aguanta","hold","5.44","1.3577"
"6923","anunciante","advertiser","5.44","1.3118"
"6924","lado","side","5.44","0.7329"
"6925","quintana","quintana","5.44","1.3273"
"6926","pau","pau","5.44","1.3118"
"6927","haz","beam","5.44","1.1808"
"6928","alfonso","alfonso","5.44","0.9293"
"6929","carbón","coal","5.44","1.2149"
"6930","economia","economy","5.44","1.3273"
"6931","galera","galley","5.44","0.8843"
"6932","almería","ALMERIA","5.44","1.1278"
"6933","fray","friar","5.44","1.3426"
"6934","osea","bone","5.44","0.9071"
"6935","pusieron","put","5.44","0.951"
"6936","asii","asii","5.44","1.4868"
"6937","ea","ea","5.44","1.2961"
"6938","fenómeno","phenomenon","5.44","1.6801"
"6939","cuanto","that","5.44","1.198"
"6940","aceite","oil","5.44","1.2149"
"6941","habíamos","had","5.44","1.6056"
"6942","dec","dec","5.44","1.248"
"6943","quatro","four","5.44","1.0721"
"6944","muxo","muxo","5.44","1.5274"
"6945","oh","oh","5.44","1.3577"
"6946","dom","Sun","5.44","1.3118"
"6947","buscan","seek","5.44","1.0721"
"6948","algo","something","5.44","0.8369"
"6949","said","said","5.44","1.1808"
"6950","períodos","periods","5.44","1.402"
"6951","partidos","parties","5.44","1.9183"
"6952","bricolaje","DIY","5.44","1.3726"
"6953","direction","direction","5.44","1.402"
"6954","ip","IP","5.44","1.1095"
"6955","vayas","go","5.44","1.0333"
"6956","matata","matata","5.44","1.4165"
"6957","nicolás","nicholas","5.44","1.3874"
"6958","lcd","lcd","5.44","1.2803"
"6959","quo","quo","5.44","0.9723"
"6960","tag","tag","5.44","1.0721"
"6961","misma","same","5.44","1.1634"
"6962","resistencia","resistance","5.44","1.8088"
"6963","manifestado","displayed","5.44","1.3273"
"6964","etc","etc.","5.44","1.0134"
"6965","llamaba","called","5.44","1.2149"
"6966","prensa","press","5.44","1.5407"
"6967","voce","voce","5.44","1.3118"
"6968","tronco","trunk","5.44","1.2316"
"6969","yesterday","yesterday","5.44","1.445"
"6970","mismos","same","5.44","1.1095"
"6971","pasaron","passed","5.44","1.2961"
"6972","esoo","esoo","5.44","1.4165"
"6973","xdddd","xdddd","5.44","2.1586"
"6974","financieras","financial","5.44","1.8534"
"6975","than","than","5.44","0.993"
"6976","marco","framework","5.44","0.8609"
"6977","préstamos","loans","5.44","1.6056"
"6978","provinciales","provincial","5.44","1.1095"
"6979","fui","I was","5.44","1.445"
"6980","acumulación","accumulation","5.44","1.445"
"6981","institucionales","institutional","5.44","1.473"
"6982","bola","ball","5.44","1.1457"
"6983","miguel","miguel","5.44","1.3118"
"6984","cargo","charge","5.44","1.402"
"6985","manolo","manolo","5.44","0.9071"
"6986","quedan","are","5.44","1.2643"
"6987","tratamiento","treatment","5.44","2.042"
"6988","diría","would","5.44","1.1457"
"6989","sustancia","substance","5.44","1.198"
"6990","need","need","5.44","1.5539"
"6991","estas","these","5.44","0.9293"
"6992","vicente","vicente","5.44","0.9723"
"6993","pai","pai","5.44","0.993"
"6994","necesitas","need","5.44","1.3426"
"6995","aparición","appearance","5.44","1.6183"
"6996","pulsa","press","5.44","0.7602"
"6997","cuya","whose","5.44","0.8369"
"6998","supieras","know","5.44","1.3273"
"6999","fijar","set","5.44","1.2643"
"7000","piso","floor","5.44","0.8609"
"7001","been","been","5.44","0.8609"
"7002","peruano","Peruvian","5.44","1.514"
"7003","diaz","diaz","5.42","1.3415"
"7004","peter","peter","5.42","0.9916"
"7005","embajador","ambassador","5.42","1.6299"
"7006","jaime","jaime","5.42","0.9278"
"7007","imperial","imperial","5.42","1.9493"
"7008","necesario","necessary","5.42","1.3262"
"7009","rurales","rural","5.42","1.2792"
"7010","nossa","nossa","5.42","1.2631"
"7011","quien","whoever","5.42","1.1796"
"7012","variables","variables","5.42","1.2631"
"7013","mandado","sent","5.42","1.4155"
"7014","vamo","vamo","5.42","1.0515"
"7015","aaaaa","aaaaa","5.42","1.4721"
"7016","rojos","red","5.42","1.3864"
"7017","capas","layers","5.42","1.2137"
"7018","medina","medina","5.42","1.3566"
"7019","guillermo","Bill","5.42","0.9495"
"7020","disculpa","apology","5.42","1.8962"
"7021","etcétera","etc.","5.42","0.9916"
"7022","novelas","novels","5.42","1.8193"
"7023","ocurra","occurs","5.42","1.1622"
"7024","daba","was","5.42","0.9916"
"7025","llevo","took","5.42","1.1082"
"7026","tablas","draw","5.42","1.0708"
"7027","cotidiana","everyday","5.42","1.5791"
"7028","de","of","5.42","0.7848"
"7029","pasara","pass","5.42","1.295"
"7030","aragón","Aragon","5.42","1.1622"
"7031","mineros","miners","5.42","1.5398"
"7032","aquella","that","5.42","1.1968"
"7033","perdon","sorry","5.42","2.2865"
"7034","area","area","5.42","1.0897"
"7035","esa","that","5.42","0.9708"
"7036","cuetes","fireworks","5.42","1.6299"
"7037","#tipico","# Typical","5.42","1.2631"
"7038","stardoll","stardoll","5.42","1.2137"
"7039","richard","richard","5.42","1.1968"
"7040","tomás","tomás","5.42","1.1622"
"7041","estos","these","5.42","1.0515"
"7042","tal","such","5.42","0.7848"
"7043","llevó","led","5.42","1.1082"
"7044","representaba","represented","5.42","1.2137"
"7045","cantabria","Cantabria","5.42","1.295"
"7046","yaa","yaa","5.42","1.1796"
"7047","gonzalo","gonzalo","5.42","1.3716"
"7048","haya","beech","5.42","0.8352"
"7049","fichas","chips","5.42","0.7584"
"7050","aquellos","those","5.42","1.0319"
"7051","obreros","labor","5.42","1.4995"
"7052","beta","beta","5.42","1.1968"
"7053","previous","previous","5.42","1.1796"
"7054","figuran","contained","5.42","0.9055"
"7055","sánchez","sanchez","5.42","1.3566"
"7056","estadounidense","U.S.","5.42","1.8526"
"7057","juli","juli","5.42","1.1082"
"7058","abarca","covers","5.42","0.8104"
"7059","dé","give","5.42","0.8104"
"7060","nov","November","5.42","1.3716"
"7061","quede","stay","5.42","1.3262"
"7062","ley","law","5.42","1.4299"
"7063","aquél","that","5.42","1.0319"
"7064","alguno","any","5.42","1.012"
"7065","sector","sector","5.42","1.0708"
"7066","sucre","sucre","5.42","1.1445"
"7067","formato","format","5.42","1.0515"
"7068","algunas","some","5.42","1.2137"
"7069","economía","economy","5.42","1.5919"
"7070","loading","loading","5.42","1.5661"
"7071","victor","victor","5.42","1.3107"
"7072","basada","based","5.4","0.8806"
"7073","cuantos","as many as","5.4","0.6701"
"7074","alquilar","rent","5.4","1.069"
"7075","sentía","felt","5.4","1.4846"
"7076","resultaba","was","5.4","1.069"
"7077","those","Those","5.4","0.9258"
"7078","subcategoria","subcategory","5.4","0.9476"
"7079","ordena","orders","5.4","1.6413"
"7080","utilizan","used","5.4","1.2122"
"7081","primeira","primeira","5.4","0.9035"
"7082","file","file","5.4","1.1429"
"7083","madrugada","morning","5.4","1.7379"
"7084","compara","compared","5.4","1.2454"
"7085","cuestión","question","5.4","1.3093"
"7086","protocolo","protocol","5.4","1.3401"
"7087","págs","pp.","5.4","1.0102"
"7088","asunción","assumption","5.4","1.1429"
"7089","archive","archive","5.4","0.8806"
"7090","fernández","fernandez","5.4","1.069"
"7091","caudillo","leader","5.4","1.8183"
"7092","region","region","5.4","1.1066"
"7093","km","km","5.4","1.3553"
"7094","cuándo","when","5.4","0.8806"
"7095","sobra","surplus","5.4","1.5119"
"7096","palencia","Palencia","5.4","0.9689"
"7097","cura","cure","5.4","2.0996"
"7098","parada","stop","5.4","1.069"
"7099","comparar","compare","5.4","1.4983"
"7100","edit","edit","5.4","1.069"
"7101","códigos","codes","5.4","1.4569"
"7102","then","then","5.4","0.7559"
"7103","emule","emule","5.4","1.088"
"7104","tematicas","thematic","5.4","1.069"
"7105","evaluación","evaluation","5.4","1.9691"
"7106","partidas","items","5.4","1.6162"
"7107","esteban","esteban","5.4","1.088"
"7108","ortega","sandgrouse","5.4","0.8571"
"7109","pacientes","patients","5.4","1.6782"
"7110","sanchez","sanchez","5.4","1.1952"
"7111","marcos","frameworks","5.4","1.2617"
"7112","ende","thus","5.4","0.8806"
"7113","and","and","5.4","0.9897"
"7114","aca","here","5.4","0.9258"
"7115","predominio","predominance","5.4","1.3248"
"7116","quedé","I was","5.4","1.3248"
"7117","industrias","industries","5.4","1.5253"
"7118","von","von","5.4","0.9035"
"7119","ricky","ricky","5.4","1.7496"
"7120","after","after","5.4","1.5253"
"7121","tom","tom","5.4","0.9035"
"7122","querían","wanted","5.4","1.2454"
"7123","isidro","isidro","5.4","1.1952"
"7124","stewart","stewart","5.4","1.3093"
"7125","financiera","financial","5.4","1.4983"
"7126","bn","bn","5.4","1.4983"
"7127","jornadas","days","5.4","1.1249"
"7128","fig","fig","5.4","0.833"
"7129","cuando","when","5.4","1.178"
"7130","sinaloa","sinaloa","5.4","1.7496"
"7131","distritos","districts","5.4","1.1606"
"7132","acta","record","5.4","1.1066"
"7133","simplemente","simply","5.4","1.3401"
"7134","hierro","iron","5.4","1.1066"
"7135","img","img","5.4","1.2617"
"7136","posesión","possession","5.4","2.0203"
"7137","estadisticas","Statistics","5.4","1.3553"
"7138","sumo","sumo","5.4","0.8806"
"7139","cole","cole","5.4","1.1249"
"7140","cyrus","cyrus","5.4","1.178"
"7141","fox","fox","5.4","1.8844"
"7142","sr","sr","5.4","1.4569"
"7143","externo","external","5.4","1.088"
"7144","estes","'re","5.4","0.8806"
"7145","core","core","5.4","1.2778"
"7146","trece","thirteen","5.38","1.1045"
"7147","estaría","would","5.38","1.3076"
"7148","llegaban","came","5.38","1.2599"
"7149","guatemala","Guatemala","5.38","1.276"
"7150","véase","see","5.38","1.2103"
"7151","setiembre","September","5.38","1.713"
"7152","php","php","5.38","1.0079"
"7153","tuenti","Tuenti","5.38","0.8781"
"7154","todavia","still","5.38","1.1933"
"7155","page","page","5.38","1.1409"
"7156","ricardo","ricardo","5.38","1.5104"
"7157","responsabilidades","responsibilities","5.38","1.8394"
"7158","boom","boom","5.38","1.7366"
"7159","ayer","yesterday","5.38","1.1229"
"7160","esas","those","5.38","0.9452"
"7161","margen","margin","5.38","0.9666"
"7162","mmmm","hmm","5.38","1.5372"
"7163","cosa","thing","5.38","0.901"
"7164","han","have","5.38","1.276"
"7165","habido","been","5.38","0.9666"
"7166","hemos","we","5.38","1.1586"
"7167","manifiesta","manifests","5.38","1.3076"
"7168","about","acerca","5.38","0.8303"
"7169","seccion","section","5.38","0.8545"
"7170","contador","counter","5.38","1.5504"
"7171","minería","mining","5.38","1.3834"
"7172","retórica","rhetoric","5.38","1.3834"
"7173","vasco","Basque","5.38","0.8781"
"7174","colonias","colonies","5.38","1.1229"
"7175","mero","mere","5.38","1.3834"
"7176","still","still","5.38","1.2271"
"7177","den","den","5.38","1.028"
"7178","1d","1d","5.38","0.9666"
"7179","médica","medical","5.38","1.3076"
"7180","ati","ati","5.38","1.028"
"7181","torno","lathe","5.38","1.0079"
"7182","dans","dans","5.38","1.2436"
"7183","ohh","ohh","5.38","1.4831"
"7184","aquel","that","5.38","0.8053"
"7185","algún","some","5.38","0.9666"
"7186","estrecha","close","5.38","1.3536"
"7187","guzmán","guzman","5.38","1.2436"
"7188","che","che","5.38","1.276"
"7189","muito","muito","5.38","1.1933"
"7190","this","this","5.38","0.5303"
"7191","wena","wena","5.38","1.5765"
"7192","deber","duty","5.38","1.7944"
"7193","formatos","formats","5.38","1.3834"
"7194","cesar","cease","5.38","1.1586"
"7195","dallas","dallas","5.38","1.2599"
"7196","romo","dull","5.38","1.1045"
"7197","crazy","crazy","5.38","2.2029"
"7198","estuviste","you were","5.38","1.2599"
"7199","gomez","gomez","5.38","1.1045"
"7200","finde","weekend","5.38","1.4412"
"7201","claudio","claudio","5.38","1.1045"
"7202","solamente","only","5.38","1.1586"
"7203","kristen","kristen","5.38","1.3536"
"7204","nós","nós","5.38","1.2436"
"7205","recoger","collect","5.38","1.3231"
"7206","commons","commons","5.38","0.8545"
"7207","joe","joe","5.38","1.3231"
"7208","municipal","municipal","5.38","1.2436"
"7209","zona","area","5.38","1.0079"
"7210","cover","cover charge","5.38","1.4968"
"7211","burgos","Burgos","5.38","0.9875"
"7212","bartolomé","Bartholomew","5.38","0.9875"
"7213","señores","Messrs","5.38","1.1045"
"7214","puse","put","5.38","1.1409"
"7215","veia","saw","5.38","1.3076"
"7216","id","id","5.36","1.3962"
"7217","enrique","Harry","5.36","1.3962"
"7218","consideraba","considered","5.36","1.1911"
"7219","polino","polino","5.36","0.9424"
"7220","vió","saw","5.36","1.1739"
"7221","colocado","settled","5.36","0.9848"
"7222","mini","mini","5.36","1.1563"
"7223","where","where","5.36","0.8981"
"7224","índole","nature","5.36","0.8271"
"7225","periodo","period","5.36","1.1205"
"7226","começar","Começar","5.36","1.5221"
"7227","2o12","2o12","5.36","1.7351"
"7228","despacio","slowly","5.36","1.495"
"7229","dakar","dakar","5.36","1.5487"
"7230","posta","post","5.36","1.1911"
"7231","pessoa","pessoa","5.36","1.0645"
"7232","he","I","5.36","1.1021"
"7233","factor","factor","5.36","0.9424"
"7234","pois","pois","5.36","1.1386"
"7235","implica","implies","5.36","1.2081"
"7236","les","them","5.36","0.9424"
"7237","gay","gay","5.36","1.977"
"7238","refieren","refer","5.36","0.8514"
"7239","ordenanza","ordinance","5.36","1.6132"
"7240","alan","alan","5.36","0.7762"
"7241","finaliza","ends","5.36","1.8709"
"7242","tratamientos","treatments","5.36","1.5354"
"7243","contener","contain","5.36","1.2898"
"7244","side","side","5.36","1.0254"
"7245","pags","pp.","5.36","1.1021"
"7246","gaga","gaga","5.36","1.8043"
"7247","refiere","refers","5.36","0.9205"
"7248","matter","matter","5.36","1.4107"
"7249","ponte","please","5.36","0.9424"
"7250","segunda","second","5.36","1.1563"
"7251","certo","certo","5.36","1.2578"
"7252","yaaaa","yaaaa","5.36","1.3962"
"7253","abr","April","5.36","0.9848"
"7254","toro","bull","5.36","1.7815"
"7255","shot","shot","5.36","1.5618"
"7256","junta","board","5.36","1.1563"
"7257","citado","aforementioned","5.36","1.3516"
"7258","bno","bno","5.36","1.5221"
"7259","albacete","albacete","5.36","1.1739"
"7260","mola","mola","5.36","1.6383"
"7261","interno","internal","5.36","1.2415"
"7262","ei","ei","5.36","1.5618"
"7263","miley","miley","5.36","1.4107"
"7264","salieron","out","5.36","1.1563"
"7265","carlos","carlos","5.36","1.6132"
"7266","tarea","task","5.36","1.5487"
"7267","observado","observed","5.36","1.6995"
"7268","tapa","top","5.36","0.9848"
"7269","mediados","mid","5.34","0.9392"
"7270","y","and","5.34","0.7453"
"7271","deberías","should","5.34","1.4373"
"7272","sono","sono","5.34","1.0422"
"7273","pre","pre","5.34","0.8234"
"7274","norma","norm","5.34","1.6489"
"7275","informes","information","5.34","1.0224"
"7276","linkback","linkback","5.34","1.2224"
"7277","porque","because","5.34","0.8947"
"7278","tercio","third","5.34","1.0022"
"7279","navarro","Navarrese","5.34","1.0422"
"7280","carranza","Carranza","5.34","1.0806"
"7281","revisión","review","5.34","1.3188"
"7282","hara","will do","5.34","0.8234"
"7283","des","des","5.34","1.1178"
"7284","uma","uma","5.34","0.8234"
"7285","dada","given","5.34","1.1359"
"7286","indio","Indian","5.34","2.0164"
"7287","jiménez","jiménez","5.34","1.0616"
"7288","nicaragua","Nicaragua","5.34","1.4654"
"7289","marcelo","marcelo","5.34","1.0806"
"7290","salio","came","5.34","1.1713"
"7291","cuáles","what","5.34","1.0806"
"7292","tabla","table","5.34","0.9392"
"7293","noite","noite","5.34","0.9607"
"7294","tamaulipas","tamaulipas","5.34","1.5858"
"7295","sempre","semper","5.34","1.3342"
"7296","mercantil","merchant","5.34","1.1713"
"7297","ami","ami","5.34","1.394"
"7298","rodríguez","Rodriguez","5.34","0.9172"
"7299","segundo","second","5.34","1.0806"
"7300","tales","such","5.34","0.9817"
"7301","adjudicación","award","5.34","1.4373"
"7302","cálculo","calculation","5.34","1.4792"
"7303","it's","it's","5.34","1.0994"
"7304","fuego","fire","5.34","1.8802"
"7305","hayan","have","5.34","1.0616"
"7306","echo","Echo","5.34","1.3793"
"7307","santander","santander","5.34","1.4086"
"7308","press","press","5.34","0.8947"
"7309","previo","previous","5.34","0.7722"
"7310","while","while","5.34","0.7453"
"7311","dele","give","5.34","0.8947"
"7312","estructurales","structural","5.34","1.2554"
"7313","bancos","banks","5.34","1.6113"
"7314","monasterio","monastery","5.34","1.8251"
"7315","únicamente","only","5.34","1.5598"
"7316","combustible","fuel","5.34","1.6113"
"7317","david","david","5.34","1.0616"
"7318","tb","tb","5.34","0.8234"
"7319","dice","says","5.34","1.0022"
"7320","duró","lasted","5.34","1.1886"
"7321","este","this","5.34","1.1178"
"7322","presiento","I feel","5.34","1.4792"
"7323","creía","believed","5.34","1.2224"
"7324","común","common","5.34","1.0806"
"7325","acaso","perhaps","5.34","1.0806"
"7326","is","is","5.34","0.6581"
"7327","bruno","bruno","5.34","0.9172"
"7328","tercer","third","5.34","1.0994"
"7329","ejerce","exerts","5.34","1.2715"
"7330","decime","decime","5.34","1.239"
"7331","that","That","5.34","0.8478"
"7332","regresa","returns","5.34","1.5598"
"7333","stoy","stoy","5.34","1.2056"
"7334","att","att","5.34","1.0806"
"7335","externos","External","5.34","1.0022"
"7336","sería","would","5.34","1.1178"
"7337","navarra","Navarre","5.34","1.3494"
"7338","buscado","sought","5.34","1.5334"
"7339","deus","deus","5.34","1.6977"
"7340","prueba","test","5.34","1.6734"
"7341","sanitario","sanitary","5.34","1.423"
"7342","deceo","deceo","5.34","1.8363"
"7343","distintas","different","5.34","1.3793"
"7344","kevin","kevin","5.34","1.5729"
"7345","secreta","secret","5.34","1.3644"
"7346","#ff","# Ff","5.34","1.394"
"7347","url","url","5.34","0.8234"
"7348","mmm","mmm","5.32","1.5576"
"7349","até","tied","5.32","1.4907"
"7350","jones","jones","5.32","1.2027"
"7351","manifestar","manifest","5.32","1.5706"
"7352","seguis","seguis","5.32","1.0583"
"7353","cambies","change","5.32","1.2027"
"7354","conducta","conduct","5.32","1.3005"
"7355","cortes","cuts","5.32","1.5576"
"7356","eso","that","5.32","1.2027"
"7357","distinta","different","5.32","1.3161"
"7358","podido","have","5.32","1.3619"
"7359","oo","oo","5.32","1.0774"
"7360","cuál","what","5.32","1.1683"
"7361","negra","Black","5.32","1.7664"
"7362","¡dame","Gimme","5.32","1.4907"
"7363","ello","it","5.32","0.7939"
"7364","ministro","minister","5.32","1.2848"
"7365","documentación","documentation","5.32","1.5043"
"7366","vueltas","turns","5.32","1.1328"
"7367","his","his","5.32","0.9134"
"7368","tan","so","5.32","0.957"
"7369","until","until","5.32","1.1147"
"7370","donde","where","5.32","0.8908"
"7371","parlamento","parliament","5.32","1.449"
"7372","quién","who","5.32","0.9355"
"7373","cuidado","care","5.32","1.8892"
"7374","podia","could","5.32","1.2362"
"7375","bona","bona","5.32","1.1507"
"7376","regístrese","register","5.32","1.2196"
"7377","ante","before","5.32","0.9134"
"7378","muñoz","muñoz","5.32","1.3619"
"7379","log","log","5.32","1.1683"
"7380","fórmulas","formulas","5.32","1.3316"
"7381","¿cuál","What","5.32","1.1147"
"7382","iso","iso","5.32","1.2027"
"7383","conforme","according","5.32","1.6218"
"7384","quedó","was","5.32","1.2526"
"7385","señala","notes","5.32","1.0388"
"7386","hernández","hernández","5.32","1.4348"
"7387","paja","straw","5.32","1.4061"
"7388","mateo","Matthew","5.32","1.1856"
"7389","veni","Veni","5.32","1.3316"
"7390","hacía","was","5.32","1.2196"
"7391","en","in","5.32","0.8192"
"7392","eve","eve","5.32","0.8437"
"7393","counter","counter","5.32","0.8676"
"7394","would","would","5.32","1.5444"
"7395","rector","rector","5.32","1.2526"
"7396","ocurrió","occurred","5.32","1.5836"
"7397","traslado","transfer","5.32","1.3619"
"7398","cajas","boxes","5.32","0.9355"
"7399","silencio","silence","5.32","1.8783"
"7400","diferencia","difference","5.32","1.3619"
"7401","there's","there's","5.32","0.9988"
"7402","into","into","5.32","0.8908"
"7403","so","SW","5.32","0.9355"
"7404","para","to","5.32","1.1328"
"7405","cambiado","turned","5.32","1.4769"
"7406","cris","cris","5.32","1.0774"
"7407","huesos","bones","5.32","1.5312"
"7408","méndez","méndez","5.32","0.9988"
"7409","res","beef","5.32","1.1328"
"7410","tiende","tends","5.32","0.9781"
"7411","punto","point","5.32","0.9134"
"7412","for","for","5.32","1.6092"
"7413","misa","mass","5.32","2.1518"
"7414","ramon","ramon","5.32","0.9988"
"7415","sal","salt","5.32","1.2526"
"7416","esos","those","5.32","0.7677"
"7417","deberíamos","should","5.32","1.449"
"7418","habiéndose","having","5.32","0.7677"
"7419","cueva","cave","5.32","1.4907"
"7420","apunto","pointed","5.32","1.1147"
"7421","¡te","You","5.32","1.1683"
"7422","otros","others","5.32","1.3005"
"7423","la","the","5.3","0.5803"
"7424","leve","slight","5.3","1.1473"
"7425","num","num","5.3","0.6776"
"7426","privada","Private","5.3","1.6568"
"7427","suele","usually","5.3","1.0546"
"7428","mitre","miter","5.3","0.9742"
"7429","pusiste","put","5.3","0.6776"
"7430","testamento","will","5.3","2.1405"
"7431","estatuto","statute","5.3","1.2164"
"7432","pequeño","small","5.3","1.6194"
"7433","pasaba","passed","5.3","1.1824"
"7434","aquéllos","those","5.3","1.1824"
"7435","lara","lara","5.3","1.0351"
"7436","pag","pag","5.3","0.789"
"7437","ksa","ksa","5.3","1.5551"
"7438","murcia","Murcia","5.3","1.1473"
"7439","magestad","Majesty","5.3","2.4265"
"7440","tngo","tngo","5.3","1.0152"
"7441","ramírez","ramírez","5.3","1.0546"
"7442","put","put","5.3","1.4178"
"7443","mito","myth","5.3","1.4604"
"7444","when","When","5.3","0.8391"
"7445","previa","previous","5.3","1.2495"
"7446","eee","eee","5.3","1.4604"
"7447","epa","epa","5.3","1.2817"
"7448","estuvieron","were","5.3","1.1995"
"7449","tambn","tambn","5.3","1.3132"
"7450","soraya","soraya","5.3","0.8631"
"7451","mii","mii","5.3","1.4033"
"7452","monto","amount","5.3","1.1824"
"7453","criollos","Creoles","5.3","1.4604"
"7454","jul","July","5.3","1.1995"
"7455","arrancar","tear","5.3","1.7173"
"7456","stas","stas","5.3","1.2657"
"7457","corporación","corporation","5.3","1.7871"
"7458","hrs","hrs","5.3","0.8864"
"7459","bancaria","bank","5.3","1.7985"
"7460","toneladas","tons","5.3","1.1473"
"7461","lugo","lugo","5.3","1.2657"
"7462","hugo","hugo","5.3","0.9949"
"7463","encerio","encerio","5.3","1.5286"
"7464","echa","check","5.3","0.953"
"7465","since","since","5.3","0.9949"
"7466","ms","ms","5.3","0.6776"
"7467","constitucionales","constitutional","5.3","1.5286"
"7468","municipios","municipalities","5.3","1.3286"
"7469","declaraciones","statements","5.3","1.5419"
"7470","aguante","endurance","5.3","1.4033"
"7471","vocês","vocês","5.28","1.0506"
"7472","estaa","estaa","5.28","1.1613"
"7473","regla","rule","5.28","1.6787"
"7474","federico","federico","5.28","1.3856"
"7475","volto","volto","5.28","1.2623"
"7476","puso","put","5.28","0.834"
"7477","se","is","5.28","0.7296"
"7478","cheguei","cheguei","5.28","0.701"
"7479","situaciones","situations","5.28","1.4148"
"7480","modificar","change","5.28","1.1787"
"7481","bloque","block","5.28","1.2129"
"7482","xxi","xxi","5.28","1.5784"
"7483","pa","pa","5.28","1.6418"
"7484","im","im","5.28","1.1436"
"7485","católico","Catholic","5.28","2.0408"
"7486","hernando","hernando","5.28","1.1073"
"7487","previamente","previously","5.28","0.9485"
"7488","vii","vii","5.28","0.834"
"7489","iglesia","church","5.28","1.9487"
"7490","expediente","record","5.28","1.1256"
"7491","financiero","financial","5.28","1.6418"
"7492","basa","base","5.28","1.1073"
"7493","eh","eh","5.28","0.9697"
"7494","oie","oie","5.28","1.4148"
"7495","jun","June","5.28","1.0887"
"7496","mode","mode","5.28","1.2623"
"7497","mendoza","mendoza","5.28","1.1787"
"7498","tomó","took","5.28","1.2623"
"7499","tt's","tt's","5.28","1.1073"
"7500","eeh","eeh","5.28","1.2784"
"7501","cristóbal","christopher","5.28","0.8816"
"7502","by","by","5.28","0.8581"
"7503","aaa","aaa","5.28","1.3708"
"7504","beijos","beijos","5.28","1.5784"
"7505","grano","grain","5.28","1.4003"
"7506","gral","gral","5.28","0.8091"
"7507","ó","or","5.28","1.0506"
"7508","ficheros","files","5.28","1.011"
"7509","punk","punk","5.28","1.8521"
"7510","aveces","sometimes","5.28","1.2943"
"7511","lg","lg","5.28","1.0506"
"7512","tercera","third","5.28","1.011"
"7513","aquélla","it","5.28","0.9044"
"7514","esten","Esten","5.28","0.834"
"7515","demasiada","Too","5.28","1.7384"
"7516","#1milliontoniall","# 1milliontoniall","5.28","1.6665"
"7517","creyó","believed","5.28","1.2461"
"7518","cárdenas","cárdenas","5.28","1.5524"
"7519","díaz","diaz","5.28","1.3407"
"7520","cittys","OLX is","5.28","1.4714"
"7521","hasta","to","5.28","0.757"
"7522","pene","penis","5.28","2.3127"
"7523","vigo","vigo","5.28","1.0698"
"7524","estuve","I was","5.28","1.2296"
"7525","ac","ac","5.28","1.2129"
"7526","placas","plates","5.28","1.011"
"7527","dd","dd","5.28","1.1256"
"7528","municipio","municipality","5.28","1.4003"
"7529","cónsul","consul","5.28","1.1787"
"7530","parce","parce","5.26","1.0654"
"7531","vial","road","5.26","0.8762"
"7532","farmacia","pharmacy","5.26","1.7239"
"7533","2do","The 2nd","5.26","1.1214"
"7534","reporta","reports","5.26","1.1747"
"7535","ra","ra","5.26","1.0264"
"7536","dra","dra","5.26","1.2257"
"7537","justificar","justify","5.26","1.3219"
"7538","agus","agus","5.26","1.1572"
"7539","reservados","Reserved","5.26","1.482"
"7540","un","a","5.26","0.5646"
"7541","joaquín","joaquín","5.26","1.0654"
"7542","kim","kim","5.26","1.3524"
"7543","piedras","stones","5.26","1.209"
"7544","suelen","usually","5.26","1.2586"
"7545","agrario","agrarian","5.26","1.4259"
"7546","chiquito","tiny","5.26","1.7706"
"7547","fueran","were","5.26","1.192"
"7548","diligencias","proceedings","5.26","1.6264"
"7549","ocupó","occupied","5.26","1.3969"
"7550","¿quien","Who?","5.26","1.0063"
"7551","a","to","5.26","0.8762"
"7552","labores","work","5.26","1.8605"
"7553","quedo","stay","5.26","1.1395"
"7554","uffff","uffff","5.26","1.7357"
"7555","suelos","soils","5.26","1.1395"
"7556","parcial","partial","5.26","1.4542"
"7557","religión","religion","5.26","2.0285"
"7558","dijeron","said","5.26","0.9649"
"7559","queda","is","5.26","1.3372"
"7560","gustavo","gustavo","5.26","1.0844"
"7561","must","must","5.26","1.0654"
"7562","camiones","trucks","5.26","1.5228"
"7563","requisitos","requirements","5.26","1.3524"
"7564","tercero","third","5.26","0.9858"
"7565","cada","each","5.26","0.7508"
"7566","bem","bem","5.26","1.0654"
"7567","xvi","xvi","5.26","0.8762"
"7568","xi","xi","5.26","0.6328"
"7569","vaa","vaa","5.26","1.5361"
"7570","foda","foda","5.26","1.4115"
"7571","dirigente","leader","5.26","1.5493"
"7572","anteriormente","above","5.26","1.1747"
"7573","trata","is","5.26","1.482"
"7574","esperaba","expected","5.26","1.482"
"7575","estados","states","5.26","1.2586"
"7576","vera","edge","5.26","1.1214"
"7577","mais","mais","5.26","1.209"
"7578","other","other","5.26","1.2423"
"7579","ocurre","occurs","5.26","0.9858"
"7580","internas","internal","5.26","1.2423"
"7581","required","required","5.26","1.4682"
"7582","posterior","later","5.26","1.2586"
"7583","administrativos","administrative","5.26","1.6637"
"7584","censo","census","5.26","1.209"
"7585","testigos","witnesses","5.26","1.192"
"7586","tablon","plank","5.26","0.9435"
"7587","serial","serial","5.26","1.6011"
"7588","nosso","nosso","5.26","1.1395"
"7589","obstante","however","5.26","1.3063"
"7590","olor","odor","5.26","1.5754"
"7591","religioso","religious","5.26","2.0485"
"7592","prox","prox","5.26","0.6943"
"7593","ehhh","ehhh","5.26","1.5884"
"7594","algun","some","5.26","1.3969"
"7595","amp","amp","5.26","1.1572"
"7596","ponga","put","5.26","0.8526"
"7597","coisa","coisa","5.26","0.9435"
"7598","#rt","# Rt","5.26","1.2586"
"7599","partiendo","starting","5.26","1.3372"
"7600","skip","skip","5.26","1.2906"
"7601","qual","qual","5.26","1.2586"
"7602","asamblea","assembly","5.24","1.4078"
"7603","salido","left","5.24","0.9381"
"7604","d","d","5.24","0.8704"
"7605","pal","pal","5.24","1.2382"
"7606","con-","with-","5.24","1.2382"
"7607","iii","iii","5.24","1.0412"
"7608","ajuste","adjustment","5.24","1.1877"
"7609","paredes","walls","5.24","1.2382"
"7610","migo","migo","5.24","0.9596"
"7611","fazer","fazer","5.24","1.5194"
"7612","mismas","same","5.24","1.2545"
"7613","situación","situation","5.24","1.0984"
"7614","éstos","they","5.24","0.9596"
"7615","loa","loa","5.24","1.1704"
"7616","inc","inc","5.24","0.9161"
"7617","dc","dc","5.24","1.3024"
"7618","lorenzo","lawrence","5.24","1.0984"
"7619","asuntos","issues","5.24","1.1168"
"7620","perdón","forgiveness","5.24","1.9646"
"7621","cuales","which","5.24","0.8704"
"7622","eugenio","eugenio","5.24","1.2867"
"7623","período","period","5.24","1.5592"
"7624","posteriores","later","5.24","0.9806"
"7625","orillas","banks","5.24","1.2048"
"7626","amparo","protection","5.24","1.7562"
"7627","utilizados","used","5.24","1.1528"
"7628","or","or","5.24","1.0214"
"7629","directioner","directioner","5.24","1.3024"
"7630","gas","gas","5.24","1.3486"
"7631","republicana","Republican","5.24","1.4786"
"7632","nn","nn","5.24","1.0606"
"7633","herrera","herrera","5.24","1.2382"
"7634","trujillo","trujillo","5.24","0.9381"
"7635","inciso","subsection","5.24","1.1528"
"7636","peso","weight","5.24","1.4647"
"7637","núm","No.","5.24","1.3933"
"7638","soi","soi","5.24","1.2216"
"7639","aaaa","yyyy","5.24","1.6483"
"7640","nomás","nomas","5.24","1.318"
"7641","case","case","5.24","1.318"
"7642","debates","proceedings","5.24","1.5194"
"7643","maybe","maybe","5.24","1.3486"
"7644","dtb","dtb","5.24","1.2867"
"7645","después","after","5.24","1.4923"
"7646","cabeça","cabeça","5.24","1.4078"
"7647","tinha","tinha","5.24","0.8221"
"7648","conocía","knew","5.24","1.2048"
"7649","asimismo","also","5.24","1.0984"
"7650","els","els","5.24","0.9806"
"7651","partidarios","supporters","5.24","1.6728"
"7652","xvii","xvii","5.22","1.148"
"7653","cuarenta","forty","5.22","1.3445"
"7654","final","final","5.22","2.0632"
"7655","habría","would","5.22","1.3138"
"7656","regular","regular","5.22","1.0746"
"7657","citados","cited","5.22","1.5022"
"7658","cuarta","quarter","5.22","1.1657"
"7659","saudade","saudade","5.22","1.4327"
"7660","e-planningnet","e-planningnet","5.22","1.0934"
"7661","sidebar","sidebar","5.22","1.3138"
"7662","ficha","file","5.22","1.0554"
"7663","decia","was saying","5.22","0.91"
"7664","confederación","confederation","5.22","1.3893"
"7665","iwal","iwal","5.22","1.0746"
"7666","et","et","5.22","1.0746"
"7667","gosto","gosto","5.22","1.1301"
"7668","xx","xx","5.22","1.2824"
"7669","e_e","e_e","5.22","1.3138"
"7670","caso","case","5.22","1.016"
"7671","le","you","5.22","0.8401"
"7672","kg","kg","5.22","0.8873"
"7673","seis","six","5.22","0.79"
"7674","meu","meu","5.22","1.0934"
"7675","pata","leg","5.22","1.3138"
"7676","#fuerzajapon","# Fuerzajapon","5.22","1.4748"
"7677","parecían","seemed","5.22","0.9957"
"7678","s2","s2","5.22","1.016"
"7679","influencias","influences","5.22","1.6817"
"7680","vizcaya","Biscay","5.22","1.6325"
"7681","jb","jb","5.22","1.183"
"7682","lópez","lopez","5.22","1.1119"
"7683","mientras","while","5.22","0.9322"
"7684","ed","ed","5.22","0.8154"
"7685","otra","other","5.22","1.148"
"7686","felipe","felipe","5.22","1.3746"
"7687","minha","minha","5.22","1.1657"
"7688","eur","eur","5.22","1.2824"
"7689","ll","ll","5.22","1.1301"
"7690","chau","bye","5.22","1.6073"
"7691","excepción","exception","5.22","1.6325"
"7692","indo","Indo","5.22","1.0359"
"7693","min","min","5.22","0.8154"
"7694","tee","tee","5.22","1.5292"
"7695","suárez","suárez","5.22","0.9957"
"7696","colón","Columbus","5.22","1.2337"
"7697","¿alguien","Anyone","5.22","1.2824"
"7698","pasó","passed","5.22","1.2002"
"7699","eeuu","usa","5.22","1.4469"
"7700","señalar","mark","5.22","1.3138"
"7701","locas","crazy","5.22","1.7646"
"7702","típico","typical","5.22","1.183"
"7703","mandame","mandame","5.22","1.5425"
"7704","llevaba","had","5.22","1.2982"
"7705","demi","demi","5.22","1.0934"
"7706","votos","votes","5.22","1.7177"
"7707","vc","vc","5.22","1.183"
"7708","#ponelefutbolistaalabanda","# Ponelefutbolistaalabanda","5.22","1.8548"
"7709","recurrir","appeal","5.22","1.1301"
"7710","pd","pd","5.22","0.975"
"7711","debido","due","5.22","1.2501"
"7712","coruña","Coruña","5.22","1.2337"
"7713","qué","what","5.2","0.9258"
"7714","pile","pile","5.2","0.9035"
"7715","lentamente","slow","5.2","1.7143"
"7716","os","you","5.2","0.6999"
"7717","lo","it","5.2","0.6999"
"7718","estoi","estoi","5.2","1.2778"
"7719","metido","placed","5.2","1.088"
"7720","as","ace","5.2","0.9476"
"7721","if","if","5.2","0.9476"
"7722","¿me","Do you","5.2","1.2778"
"7723","report","report","5.2","1.2617"
"7724","aguirre","aguirre","5.2","1.088"
"7725","internos","internal","5.2","1.3851"
"7726","jerónimo","Jerome","5.2","1.0302"
"7727","cómo","how","5.2","1.0498"
"7728","soto","thicket","5.2","0.8081"
"7729","xiii","xiii","5.2","0.9897"
"7730","gil","gil","5.2","1.3702"
"7731","pana","corduroy","5.2","1.3702"
"7732","llano","flat","5.2","1.4846"
"7733","tigo","tigo","5.2","1.069"
"7734","gallina","hen","5.2","1.6537"
"7735","fábricas","factories","5.2","1.4708"
"7736","placa","plate","5.2","1.1606"
"7737","discursos","speeches","5.2","1.4569"
"7738","the","the","5.2","0.4518"
"7739","perón","perón","5.2","1.4569"
"7740","pessoas","pessoas","5.2","1.5386"
"7741","segue","segue","5.2","1.2617"
"7742","repente","Suddenly","5.2","1.088"
"7743","su","its","5.2","0.7559"
"7744","jan","jan","5.2","0.9035"
"7745","#apuestas2012","# Apuestas2012","5.2","1.6782"
"7746","cm","cm","5.2","1.1066"
"7747","jaden","jaden","5.2","1.3702"
"7748","acabó","ended","5.2","1.9588"
"7749","pernil","ham","5.2","0.8081"
"7750","modificaciones","modifications","5.2","1.5649"
"7751","m2","m2","5.2","1.2289"
"7752","horaria","Time","5.2","1.3702"
"7753","quinto","fifth","5.2","1.1249"
"7754","panas","friends","5.2","1.2454"
"7755","pitbull","pitbull","5.2","2.3561"
"7756","huesca","Huesca","5.2","1.0498"
"7757","com","com","5.2","0.7825"
"7758","posteriormente","later","5.2","1.3093"
"7759","comisario","commissar","5.2","1.2936"
"7760","ª","ª","5.2","0.9689"
"7761","¿donde","Where do","5.2","1.2122"
"7762","sectores","sectors","5.2","0.9689"
"7763","emperador","emperor","5.2","1.9483"
"7764","extremadura","Estremadura","5.2","1.6288"
"7765","saquen","take out","5.2","1.4286"
"7766","excmo","excmo","5.2","1.2936"
"7767","bolas","balls","5.2","1.2289"
"7768","daban","gave","5.2","1.4286"
"7769","ad","ad","5.2","1.2778"
"7770","mc","mc","5.2","1.3553"
"7771","#el2012prometo","# El2012prometo","5.2","1.5119"
"7772","administrativa","administrative","5.2","1.6782"
"7773","general","general","5.2","1.3997"
"7774","ee","ee","5.2","1.2122"
"7775","gabinete","cabinet","5.2","1.2289"
"7776","directioners","directioners","5.2","1.8406"
"7777","guardia","guard","5.18","1.4097"
"7778","tem","tem","5.18","1.1726"
"7779","tasas","rates","5.18","1.2567"
"7780","roo","roo","5.18","0.7475"
"7781","situacion","situation","5.18","1.1726"
"7782","-p","-P","5.18","1.1373"
"7783","did","did","5.18","1.1899"
"7784","marcado","marked","5.18","1.2567"
"7785","vendedor","seller","5.18","1.4097"
"7786","bla","bla","5.18","1.1192"
"7787","seus","seus","5.18","1.0631"
"7788","tomados","taken","5.18","1.3354"
"7789","despacho","office","5.18","1.4384"
"7790","mae","mae","5.18","1.1008"
"7791","quizas","maybe","5.18","1.3805"
"7792","intervenir","intervene","5.18","1.4241"
"7793","gestion","management","5.18","1.2728"
"7794","obama","obama","5.18","1.8371"
"7795","folio","folio","5.18","1.0437"
"7796","saca","takes","5.18","1.1726"
"7797","estatal","state","5.18","1.3354"
"7798","karma","karma","5.18","2.1255"
"7799","hallaca","hallaca","5.18","0.8254"
"7800","religiosa","nun","5.18","2.173"
"7801","minas","mines","5.18","1.9345"
"7802","¡qué","What","5.18","1.1192"
"7803","¿cómo","How","5.18","1.1008"
"7804","densidad","density","5.18","1.024"
"7805","ene","Jan","5.18","1.0437"
"7806","á","to","5.18","0.7475"
"7807","banca","banking","5.18","1.1551"
"7808","negros","black","5.18","1.6374"
"7809","coisas","coisas","5.18","1.1373"
"7810","sm","sm","5.18","0.8497"
"7811","manda","sends","5.18","1.3045"
"7812","its","its","5.18","1.0631"
"7813","dor","dor","5.18","1.2567"
"7814","technorati","technorati","5.18","1.2403"
"7815","ds","ds","5.18","1.32"
"7816","else","else","5.18","1.1899"
"7817","discurso","speech","5.18","1.6744"
"7818","terms","terms","5.18","1.1192"
"7819","casos","cases","5.18","1.0631"
"7820","israel","Israel","5.18","1.6499"
"7821","venía","came","5.18","1.1192"
"7822","bajar","lower","5.18","1.2403"
"7823","captura","capture","5.18","1.8811"
"7824","fondo","background","5.18","1.5211"
"7825","cabildo","chapter","5.18","1.3354"
"7826","chama","chama","5.18","1.3506"
"7827","pss","pss","5.18","1.2567"
"7828","sanitarios","health","5.18","1.5996"
"7829","ever","ever","5.18","1.4803"
"7830","comerciales","commercial","5.18","1.6374"
"7831","mai","mai","5.18","1.2237"
"7832","girona","girona","5.18","1.1373"
"7833","xii","xii","5.18","0.9833"
"7834","préstamo","loan","5.16","1.7538"
"7835","b","b","5.16","0.9116"
"7836","copias","copies","5.16","1.2675"
"7837","ho","ho","5.16","1.1843"
"7838","echando","casting","5.16","1.3903"
"7839","uribe","uribe","5.16","1.0759"
"7840","meus","meus","5.16","0.9971"
"7841","circunstancia","circumstance","5.16","0.9765"
"7842","sor","Sister","5.16","1.1669"
"7843","segun","according","5.16","0.8172"
"7844","jurisprudencia","jurisprudence","5.16","1.5826"
"7845","luchas","struggles","5.16","1.7304"
"7846","ej","eg","5.16","0.9553"
"7847","pardo","brown","5.16","1.0568"
"7848","subsistencia","subsistence","5.16","1.8775"
"7849","daqui","daqui","5.16","0.6503"
"7850","deu","debt","5.16","1.2349"
"7851","jelena","jelena","5.16","1.1493"
"7852","jonas","jonas","5.16","1.1669"
"7853","despues","after","5.16","1.2835"
"7854","masas","masses","5.16","1.1843"
"7855","lovato","lovato","5.16","1.5696"
"7856","menores","minor","5.16","1.2993"
"7857","por","by","5.16","0.6809"
"7858","aver","aver","5.16","1.3456"
"7859","desde","from","5.16","0.8172"
"7860","shes","shes","5.16","1.2513"
"7861","sai","sai","5.16","0.5481"
"7862","regulación","regulation","5.16","1.2835"
"7863","what","what","5.16","1.0947"
"7864","quedaron","were","5.16","1.0373"
"7865","instancias","instances","5.16","1.3149"
"7866","decreto","decree","5.16","1.2675"
"7867","kms","kms","5.16","1.4337"
"7868","vontade","vontade","5.16","1.1132"
"7869","dond","dond","5.16","0.7384"
"7870","como","as","5.16","0.7384"
"7871","haria","would do","5.16","0.8418"
"7872","huelva","Huelva","5.16","1.1314"
"7873","*w*","* W *","5.16","1.8446"
"7874","tenho","tenho","5.16","1.0174"
"7875","ai","ai","5.16","1.4194"
"7876","permalink","permalink","5.16","1.1314"
"7877","ainda","ainda","5.16","1.1669"
"7878","sacar","take","5.16","1.1669"
"7879","l","l","5.16","1.0568"
"7880","fenómenos","phenomena","5.16","1.5826"
"7881","apartado","paragraph","5.16","1.4896"
"7882","sp","sp","5.16","1.1843"
"7883","uniforme","uniform","5.16","1.5434"
"7884","tuvieron","had","5.16","1.2835"
"7885","judíos","Jews","5.16","1.5167"
"7886","am","am","5.16","1.5301"
"7887","quinta","fifth","5.16","1.3303"
"7888","melilla","Melilla","5.16","0.9337"
"7889","¡el","The","5.16","0.9971"
"7890","lml","lml","5.16","1.4194"
"7891","before","before","5.16","0.9971"
"7892","¿tu","Does your","5.14","1.3095"
"7893","volta","volta","5.14","1.3999"
"7894","decis","decis","5.14","0.9037"
"7895","cruz","cross","5.14","1.4848"
"7896","enfrentar","face","5.14","1.6538"
"7897","¿quién","Who","5.14","1.0304"
"7898","pico","peak","5.14","0.8809"
"7899","sombra","shadow","5.14","1.457"
"7900","qui","qui","5.14","1.1068"
"7901","señaló","noted","5.14","0.926"
"7902","cap","cap","5.14","0.926"
"7903","lleida","lleida","5.14","0.926"
"7904","empero","however","5.14","1.143"
"7905","pretensiones","claims","5.14","1.9274"
"7906","estuviera","were","5.14","1.143"
"7907","onde","onde","5.14","1.2938"
"7908","provisional","provisional","5.14","1.1782"
"7909","trataba","was","5.14","1.1068"
"7910","repetir","repeat","5.14","1.3704"
"7911","saudades","homesickness","5.14","0.9691"
"7912","vou","vou","5.14","0.9691"
"7913","amanhã","amanhã","5.14","1.4144"
"7914","al","to the","5.14","0.6392"
"7915","ax","ax","5.14","0.9691"
"7916","joomla","joomla","5.14","1.0882"
"7917","negras","Black","5.14","1.4984"
"7918","justificación","justification","5.14","1.3095"
"7919","ente","entity","5.14","1.0104"
"7920","espada","sword","5.14","1.578"
"7921","liam","liam","5.14","1.3999"
"7922","who","who","5.14","0.8332"
"7923","ponía","put","5.14","1.1608"
"7924","seu","seu","5.14","1.143"
"7925","praia","praia","5.14","1.05"
"7926","sacude","shakes","5.14","1.1954"
"7927","siquiera","at least","5.14","0.9899"
"7928","mu","mu","5.14","1.2456"
"7929","ara","ara","5.14","1.0304"
"7930","cualquiera","any","5.14","1.2779"
"7931","doña","Dona","5.14","1.512"
"7932","ñ","ñ","5.14","0.8574"
"7933","tarragona","Tarragona","5.14","1.1608"
"7934","ro","ro","5.14","0.5718"
"7935","#np","# Np","5.14","1.3852"
"7936","tas","tas","5.14","0.9899"
"7937","solos","alone","5.14","1.9274"
"7938","eclesiástico","ecclesiastical","5.14","1.8845"
"7939","nem","nem","5.14","1.143"
"7940","reserved","reserved","5.14","1.1782"
"7941","ibid","ibid","5.14","1.0104"
"7942","nesse","nesse","5.14","1.2124"
"7943","Ávila","Avila","5.14","1.2291"
"7944","deberá","should","5.14","1.3704"
"7945","pelos","hairs","5.12","1.4658"
"7946","copia","copy","5.12","1.3649"
"7947","pagos","payments","5.12","2.2735"
"7948","ta","ta","5.12","0.9179"
"7949","molt","molt","5.12","1.1183"
"7950","#hedicho","# Hedicho","5.12","1.7571"
"7951","cargar","load","5.12","1.5205"
"7952","cuestiones","issues","5.12","1.1891"
"7953","galego","Galician","5.12","1.0622"
"7954","normas","standards","5.12","1.507"
"7955","ceuta","Ceuta","5.12","0.8722"
"7956","del","the","5.12","0.5938"
"7957","bong","bong","5.12","1.1891"
"7958","mod","mod","5.12","0.9179"
"7959","assim","assim","5.12","0.7461"
"7960","ago","ago","5.12","1.2558"
"7961","ocurrido","occurred","5.12","1.2879"
"7962","gregorio","gregory","5.12","0.9179"
"7963","necesidades","needs","5.12","1.2558"
"7964","pues","for","5.12","0.9613"
"7965","chavez","chavez","5.12","1.4934"
"7966","vd","vd","5.12","1.3649"
"7967","institucional","institutional","5.12","1.4518"
"7968","cp","cp","5.12","0.9613"
"7969","dominante","ruling","5.12","1.9445"
"7970","frio","cold","5.12","2.1913"
"7971","x'd","x'd","5.12","1.7454"
"7972","fala","fala","5.12","1.1183"
"7973","rt","rt","5.12","1.2395"
"7974","mate","mate","5.12","2.0666"
"7975","pared","wall","5.12","1.3346"
"7976","dirigentes","leaders","5.12","1.698"
"7977","jue","Thu","5.12","1.698"
"7978","Â","Â","5.12","0.8953"
"7979","ufff","ufff","5.12","1.3944"
"7980","contable","accountant","5.12","1.0999"
"7981","btw","btw","5.12","1.4934"
"7982","quillón","Quillón","5.12","1.2395"
"7983","u","or","5.12","0.6893"
"7984","anteriores","previous","5.12","1.3037"
"7985","ahii","ahii","5.12","1.5602"
"7986","dizer","dizer","5.12","0.773"
"7987","administrativas","administrative","5.12","1.507"
"7988","hny","hny","5.12","1.1542"
"7989","según","by","5.12","1.0029"
"7990","debemos","we","5.12","1.4518"
"7991","adoptado","adopted","5.12","1.599"
"7992","i","i","5.12","0.5938"
"7993","tuvimos","had","5.12","1.5732"
"7994","cacho","chub","5.12","1.023"
"7995","parcialmente","partially","5.1","1.165"
"7996","elecciones","elections","5.1","1.8979"
"7997","radical","radical","5.1","1.9821"
"7998","patrones","patterns","5.1","1.7642"
"7999","palo","stick","5.1","1.4321"
"8000","cuzco","cuzco","5.1","1.7173"
"8001","salazar","salazar","5.1","1.1294"
"8002","eche","take","5.1","0.7626"
"8003","only","only","5.1","1.4743"
"8004","anuncios","ads","5.1","1.6568"
"8005","terminó","ended","5.1","1.9821"
"8006","int","int","5.1","1.0926"
"8007","piedra","stone","5.1","1.0351"
"8008","cu","cu","5.1","1.2817"
"8009","iban","iban","5.1","0.9313"
"8010","obrera","working","5.1","1.4743"
"8011","voi","voi","5.1","1.1294"
"8012","só","só","5.1","0.8144"
"8013","nome","nome","5.1","0.7626"
"8014","l'","l '","5.1","1.0738"
"8015","suelo","soil","5.1","1.2164"
"8016","mk","mk","5.1","0.9742"
"8017","que","that","5.1","0.4629"
"8018","amanha","amanha","5.1","1.0351"
"8019","viejos","aged","5.1","1.632"
"8020","re","re","5.1","1.0351"
"8021","demais","demais","5.1","1.165"
"8022","co","co","5.1","0.5803"
"8023","costes","costs","5.1","1.2817"
"8024","o/","o /","5.1","1.3286"
"8025","fr","fr","5.1","1.0926"
"8026","vem","vem","5.1","0.5803"
"8027","were","were","5.1","1.0351"
"8028","fronteras","borders","5.1","1.7985"
"8029","sino","but","5.1","1.1995"
"8030","dela","dela","5.1","0.7626"
"8031","utilizado","used","5.1","1.1112"
"8032","las","the","5.1","0.6776"
"8033","menéndez","menéndez","5.1","1.1112"
"8034","seguindo","seguindo","5.1","1.2164"
"8035","della","della","5.1","0.8864"
"8036","coronel","colonel","5.1","1.6933"
"8037","tenido","held","5.1","1.1995"
"8038","generales","general","5.1","1.2817"
"8039","¿que","What","5.1","0.9091"
"8040","deberia","should","5.1","1.3286"
"8041","estaban","were","5.1","1.0926"
"8042","der","der","5.1","0.9091"
"8043","candidato","candidate","5.1","1.6933"
"8044","quedando","being","5.1","1.1824"
"8045","rd","rd","5.1","1.1995"
"8046","seria","serious","5.1","1.233"
"8047","trate","question","5.1","1.2657"
"8048","dnd","dnd","5.1","0.953"
"8049","jum","jum","5.08","1.5097"
"8050","presidentes","presidents","5.08","1.7594"
"8051","css","css","5.08","1.1753"
"8052","alguém","alguém","5.08","0.6652"
"8053","xml","xml","5.08","1.1578"
"8054","an","an","5.08","0.5284"
"8055","reglamento","regulation","5.08","1.5232"
"8056","estrada","estrada","5.08","1.1753"
"8057","Álava","Álava","5.08","1.085"
"8058","az","az","5.08","1.2262"
"8059","plana","Flat","5.08","1.1036"
"8060","io","io","5.08","1.085"
"8061","xiv","xiv","5.08","0.8291"
"8062","colonos","settlers","5.08","1.027"
"8063","yn","n","5.08","0.9864"
"8064","federal","federal","5.08","1.7124"
"8065","sant","sant","5.08","0.8291"
"8066","financieros","financial","5.08","1.5497"
"8067","cabrera","cabrera","5.08","1.3223"
"8068","nomas","nomas","5.08","0.9655"
"8069","zombies","zombies","5.08","2.2483"
"8070","ddd","ddd","5.08","1.1925"
"8071","fuesen","were","5.08","1.1578"
"8072","du","du","5.08","0.6952"
"8073","sep","Sep","5.08","1.2095"
"8074","lib","lib","5.08","0.7783"
"8075","sua","sua","5.08","0.9864"
"8076","minhas","minhas","5.08","1.085"
"8077","htt","htt","5.08","1.1036"
"8078","contaba","had","5.08","0.9442"
"8079","viii","viii","5.08","1.1753"
"8080","fuere","whatever","5.08","0.9864"
"8081","g","g","5.08","0.6952"
"8082","sido","been","5.08","1.1036"
"8083","reportar","report","5.08","1.4119"
"8084","ocupan","occupy","5.08","1.1925"
"8085","o_o","o_o","5.08","1.4263"
"8086","nublado","cloudy","5.08","2.0883"
"8087","acabei","acabei","5.08","1.2262"
"8088","ia","ia","5.08","0.8999"
"8089","tuviera","have","5.08","1.3529"
"8090","bordo","board","5.08","0.8769"
"8091","otro","other","5.08","1.2591"
"8092","ht","ht","5.08","0.9864"
"8093","tarot","tarot","5.08","1.771"
"8094","dni","dni","5.08","0.9655"
"8095","também","também","5.08","1.2262"
"8096","teniente","lieutenant","5.08","1.6762"
"8097","ele","ele","5.08","1.0069"
"8098","parar","stop","5.08","1.3068"
"8099","leyes","laws","5.06","1.596"
"8100","tarde","afternoon","5.06","1.6587"
"8101","taba","tobacco","5.06","0.7931"
"8102","faq","faq","5.06","1.0184"
"8103","había","had","5.06","1.2683"
"8104","pda","pda","5.06","1.4486"
"8105","finanzas","finance","5.06","1.8003"
"8106","¿qué","What","5.06","1.1678"
"8107","soviética","Soviet","5.06","1.8996"
"8108","rutina","routine","5.06","2.0244"
"8109","¡que","That","5.06","1.1141"
"8110","bbm","bbm","5.06","1.2022"
"8111","tendria","would have","5.06","1.3614"
"8112","#dakar","# Dakar","5.06","1.3763"
"8113","quillon","quillon","5.06","1.2191"
"8114","pode","prune","5.06","0.8668"
"8115","influjo","influence","5.06","1.4626"
"8116","socialistas","Socialists","5.06","1.878"
"8117","soria","soria","5.06","1.1141"
"8118","ordenó","ordered","5.06","1.2521"
"8119","revolución","revolution","5.06","2.1984"
"8120","hong","hong","5.06","0.9564"
"8121","são","SAO","5.06","1.2022"
"8122","precio","price","5.06","1.0956"
"8123","terceros","third","5.06","1.2683"
"8124","viu","viu","5.06","1.2357"
"8125","formulario","form","5.06","1.2843"
"8126","prod","prod","5.06","1.3311"
"8127","quase","quase","5.06","1.0768"
"8128","molina","molina","5.06","1.1678"
"8129","vai","vai","5.06","1.2521"
"8130","ficar","fy","5.06","1.1141"
"8131","monster","monster","5.06","1.9837"
"8132","aí","aí","5.06","1.1851"
"8133","vbulletin","vbulletin","5.06","1.2022"
"8134","clínica","clinic","5.06","1.4902"
"8135","estou","estou","5.06","0.8184"
"8136","baleares","Balearics","5.06","1.5308"
"8137","porqué","why","5.06","1.1502"
"8138","esp","esp","5.06","0.9775"
"8139","convento","convent","5.06","1.6088"
"8140","ref","Inventory","5.06","0.6518"
"8141","nic","Lunches","5.06","1.1851"
"8142","demasiado","too","5.06","1.9316"
"8143","espaldas","back","5.06","1.4902"
"8144","sustancias","substances","5.06","1.2022"
"8145","mina","mine","5.06","2.0042"
"8146","crei","I thought","5.06","1.6214"
"8147","secretos","secrets","5.04","1.8948"
"8148","salga","out","5.04","1.1421"
"8149","guipúzcoa","Guipúzcoa","5.04","1.1058"
"8150","coyuntura","juncture","5.04","1.1773"
"8151","default","default","5.04","0.9467"
"8152","sei","sei","5.04","1.0294"
"8153","quer","quer","5.04","1.1945"
"8154","inventario","inventory","5.04","1.428"
"8155","multitud","crowd","5.04","1.6408"
"8156","baje","down","5.04","1.1599"
"8157","mui","mui","5.04","1.3395"
"8158","impacto","impact","5.04","1.6655"
"8159","asta","pole","5.04","1.0294"
"8160","agentes","agents","5.04","1.428"
"8161","chamo","dude","5.04","1.3547"
"8162","vicepresidente","vice-president","5.04","1.7257"
"8163","sho","sho","5.04","0.9467"
"8164","muita","muita","5.04","1.0872"
"8165","velasco","velasco","5.04","1.1421"
"8166","retiro","retirement","5.04","1.7257"
"8167","hab","hab","5.04","0.9467"
"8168","ourense","ourense","5.04","1.0093"
"8169","#teamfollowback","# Teamfollowback","5.04","1.5774"
"8170","ltd","ltd","5.04","1.0093"
"8171","mudanzas","removals","5.04","1.7492"
"8172","olha","olha","5.04","1.2282"
"8173","condiciones","terms","5.04","1.428"
"8174","plazos","deadlines","5.04","1.5248"
"8175","precios","Prices","5.04","1.5381"
"8176","anio","anions","5.04","1.1599"
"8177","tudo","tudo","5.04","0.9467"
"8178","gmt","gmt","5.04","0.9467"
"8179","posso","posso","5.04","1.1599"
"8180","coma","coma","5.04","1.5248"
"8181","dietas","subsistence","5.04","1.9268"
"8182","td","td","5.04","1.293"
"8183","ne","ne","5.04","0.533"
"8184","territorial","territorial","5.04","1.0093"
"8185","hostia","host","5.04","2.0698"
"8186","leandro","leandro","5.04","1.049"
"8187","reformas","reforms","5.02","1.6597"
"8188","deberían","should","5.02","1.4497"
"8189","ela","ela","5.02","1.1337"
"8190","emisión","emission","5.02","1.3323"
"8191","supuesto","supposed","5.02","1.4068"
"8192","echar","cast","5.02","1.1516"
"8193","exigir","demand","5.02","1.8789"
"8194","supuestos","assumptions","5.02","1.2036"
"8195","policía","police","5.02","1.7899"
"8196","cf","cf","5.02","0.9366"
"8197","reporte","report","5.02","1.3923"
"8198","ostia","ostia","5.02","1.7319"
"8199","rep","rep","5.02","1.1156"
"8200","gb","gb","5.02","1.2204"
"8201","acaba","just","5.02","1.5185"
"8202","lu","lu","5.02","1.4497"
"8203","existían","there","5.02","1.7437"
"8204","hoje","hoje","5.02","0.8449"
"8205","sou","sou","5.02","1.0971"
"8206","nas","nas","5.02","0.9792"
"8207","tw","tw","5.02","0.9792"
"8208","luego","then","5.02","1.3775"
"8209","deberian","should","5.02","1.4213"
"8210","tot","tot","5.02","0.8687"
"8211","deberes","homework","5.02","1.6224"
"8212","wn","wn","5.02","1.1337"
"8213","laa","laa","5.02","1.02"
"8214","s","s","5.02","0.5147"
"8215","falar","falar","5.02","1.2534"
"8216","sair","sair","5.02","1.1156"
"8217","breaking","breaking","5.02","1.8897"
"8218","mean","mean","5.02","1.3013"
"8219","provocar","provoke","5.02","1.6841"
"8220","furl","furl","5.02","0.8449"
"8221","¿de","Did","5.02","0.6224"
"8222","tenes","you got","5.02","1.1337"
"8223","vot","vot","5.02","0.9581"
"8224","locos","crazy","5.02","1.7899"
"8225","los","the","5","0.6999"
"8226","conquistadores","conquerors","5","1.7957"
"8227","pz","pz","5","1.178"
"8228","habian","had","5","0.9476"
"8229","vo","vo","5","0.7284"
"8230","importe","amount","5","1.2454"
"8231","términos","terms","5","1.0102"
"8232","uy","uy","5","1.3401"
"8233","lá","laser","5","0.9897"
"8234","est","est","5","0.9689"
"8235","mandas","demands","5","1.5779"
"8236","perez","perez","5","1.1066"
"8237","era","era","5","1.069"
"8238","causas","causes","5","1.5386"
"8239","per","per","5","0.5345"
"8240","estaba","was","5","1.2617"
"8241","gays","gays","5","1.9378"
"8242","esperes","expect","5","1.2122"
"8243","bue","good","5","1.069"
"8244","close","close","5","1.2289"
"8245","sta","sta","5","0.9035"
"8246","teruel","marx","5","0.9476"
"8247","hubiesen","had","5","1.3093"
"8248","—te","-You","5","0.8571"
"8249","plazo","term","5","1.4428"
"8250","lanza","lance","5","1.1429"
"8251","mccain","mccain","5","1.1429"
"8252","n9","n9","5","1.088"
"8253","mp","mp","5","1.3093"
"8254","h","h","5","0.9476"
"8255","pp","pp","5","0.9476"
"8256","oe","oe","5","0.833"
"8257","mesmo","mesmo","5","1.5386"
"8258","supone","supposed","5","1.1606"
"8259","diz","diz","5","1.0302"
"8260","delegado","delegate","5","1.5518"
"8261","diesel","diesel","5","1.4846"
"8262","pidiendo","asking","5","1.5386"
"8263","católica","Catholic","5","1.8406"
"8264","extremos","ends","5","1.6036"
"8265","ui","ui","5","1.5119"
"8266","isbn","isbn","5","1.1606"
"8267","valla","fence","5","1.088"
"8268","av","av","5","1.1249"
"8269","gr","gr","5","0.9476"
"8270","jarm","jarm","5","0.8806"
"8271","st","st","5","0.6999"
"8272","risto","rist","5","1.178"
"8273","quem","quem","5","0.6061"
"8274","jaén","Jaén","5","0.9476"
"8275","dosis","dose","5","1.4846"
"8276","napoleón","Napoleon","4.98","1.3923"
"8277","k","k","4.98","1.2036"
"8278","señalados","identified","4.98","1.3013"
"8279","[cont]","[Cont]","4.98","1.1156"
"8280","fol","fol","4.98","0.7951"
"8281","sarcasmo","sarcasm","4.98","2.2084"
"8282","pontevedra","Pontevedra","4.98","1.3169"
"8283","part","part","4.98","1.3775"
"8284","dm","dm","4.98","1.0593"
"8285","estabas","were","4.98","1.2036"
"8286","barrios","neighborhoods","4.98","1.3923"
"8287","ltda","ltda","4.98","0.8687"
"8288","requisito","requirement","4.98","1.4213"
"8289","amm","amm","4.98","1.0398"
"8290","comparación","comparison","4.98","1.2534"
"8291","cal","lime","4.98","1.2204"
"8292","niall","niall","4.98","1.0971"
"8293","ls","ls","4.98","0.7951"
"8294","señalan","note","4.98","1.1156"
"8295","chuva","chuva","4.98","1.2204"
"8296","cont","cont","4.98","0.8687"
"8297","lavar","wash","4.98","1.6597"
"8298","rentas","income","4.98","1.3323"
"8299","cami","cami","4.98","0.9792"
"8300","cual","which","4.98","0.8687"
"8301","uf","uf","4.98","1.5185"
"8302","alerta","alert","4.98","1.8125"
"8303","gh","gh","4.98","0.3774"
"8304","cit","cit","4.98","0.6848"
"8305","frontera","border","4.98","1.7437"
"8306","w/","w /","4.98","1.1337"
"8307","casi","almost","4.98","1.4497"
"8308","grita","shouts","4.98","1.7899"
"8309","comandante","commander","4.98","1.8238"
"8310","estrecho","close","4.98","1.2534"
"8311","adsl","adsl","4.98","1.0784"
"8312","izu","izu","4.98","0.8687"
"8313","pea","pea","4.98","0.9145"
"8314","gon","gon","4.98","0.9366"
"8315","oficiales","official","4.98","1.5842"
"8316","ministros","ministers","4.98","1.5318"
"8317","piden","ask","4.98","1.4068"
"8318","itata","itata","4.98","0.8687"
"8319","l'any","l'any","4.98","0.6543"
"8320","jurado","jury","4.98","1.6098"
"8321","xq","xq","4.98","1.1337"
"8322","ep","ep","4.98","0.769"
"8323","cfr","cf","4.98","0.714"
"8324","tropa","troop","4.98","1.8238"
"8325","dn","dn","4.98","0.742"
"8326","po","po","4.98","1.2204"
"8327","xix","xix","4.96","0.9681"
"8328","¿como","How","4.96","1.1058"
"8329","#instantfollowback","# Instantfollowback","4.96","1.6157"
"8330","#boom2012","# Boom2012","4.96","1.6157"
"8331","und","und","4.96","0.6987"
"8332","existía","there","4.96","1.428"
"8333","aparentemente","apparently","4.96","0.9889"
"8334","necesita","need","4.96","1.428"
"8335","copiar","copy","4.96","1.2115"
"8336","o","or","4.96","1.293"
"8337","gona","gona","4.96","1.293"
"8338","mandar","send","4.96","1.7257"
"8339","fica","fica","4.96","1.1599"
"8340","condición","condition","4.96","1.5644"
"8341","instancia","instance","4.96","1.261"
"8342","estatales","State","4.96","1.049"
"8343","cc","cc","4.96","1.049"
"8344","secreto","secret","4.96","1.5113"
"8345","pouco","pouco","4.96","0.9681"
"8346","debajo","below","4.96","1.3991"
"8347","borde","edge","4.96","1.1058"
"8348","hubo","there","4.96","1.0294"
"8349","pe","pe","4.96","1.1773"
"8350","ab","ab","4.96","0.8797"
"8351","¿por","Why","4.96","1.261"
"8352","sub","sub","4.96","0.9681"
"8353","aii","aii","4.96","1.1599"
"8354","afuera","out","4.96","1.3087"
"8355","isso","isso","4.96","1.1421"
"8356","aguantar","endure","4.96","1.7257"
"8357","legales","legal","4.96","1.4841"
"8358","dee","dee","4.96","0.9889"
"8359","suponer","suppose","4.96","1.1773"
"8360","circunstancias","circumstances","4.96","1.3242"
"8361","fc","fc","4.96","1.1945"
"8362","mo","mo","4.96","1.0294"
"8363","ce","EC","4.96","0.9889"
"8364","fosse","fosse","4.96","1.3087"
"8365","sustitución","replacement","4.96","1.4422"
"8366","bye","bye","4.96","1.7723"
"8367","xviii","xviii","4.96","1.3696"
"8368","deberán","should","4.96","1.3845"
"8369","ibuprofeno","ibuprofen","4.96","1.5903"
"8370","chupa","sucks","4.96","1.829"
"8371","ehh","ehh","4.96","1.2771"
"8372","reglamentos","regulations","4.96","1.4978"
"8373","º","º","4.96","1.0872"
"8374","rss","rss","4.96","0.533"
"8375","moros","Moors","4.96","1.0294"
"8376","saindo","saindo","4.96","0.9681"
"8377","c3","c3","4.94","1.0768"
"8378","jerarquía","hierarchy","4.94","1.6088"
"8379","mto","mto","4.94","1.3157"
"8380","noc","noc","4.94","1.0184"
"8381","exigencia","requirement","4.94","1.834"
"8382","socialista","socialist","4.94","1.834"
"8383","sc","sc","4.94","1.0184"
"8384","caray","wow","4.94","1.596"
"8385","necesidad","need","4.94","1.921"
"8386","tô","tô","4.94","0.7117"
"8387","frailes","friars","4.94","1.3463"
"8388","quito","off","4.94","1.3614"
"8389","aparente","apparent","4.94","1.2022"
"8390","cáceres","Cáceres","4.94","1.2357"
"8391","foi","foi","4.94","1.0956"
"8392","religiosos","Religious","4.94","2.0345"
"8393","constituciones","constitutions","4.94","1.3614"
"8394","ca","ca","4.94","0.9127"
"8395","sa","sa","4.94","0.9775"
"8396","#16millionbeliebers","# 16millionbeliebers","4.94","2.2534"
"8397","*se","* Is","4.94","1.3157"
"8398","ao","ao","4.94","0.5859"
"8399","tras","after","4.94","0.7398"
"8400","É","É","4.94","1.2357"
"8401","municipalidad","municipality","4.94","1.6214"
"8402","secretario","secretary","4.94","1.2521"
"8403","resto","rest","4.94","1.4344"
"8404","z","z","4.94","1.5308"
"8405","tomada","taken","4.94","0.9775"
"8406","sarmiento","branch","4.94","1.3311"
"8407","w","w","4.94","0.4699"
"8408","#dakar2012","# Dakar2012","4.94","1.7192"
"8409","estabamos","we were","4.94","1.3157"
"8410","petro","petro","4.94","1.1141"
"8411","habían","had","4.94","1.1323"
"8412","pos","post","4.94","0.9348"
"8413","quedas","stay","4.94","1.1323"
"8414","antecedentes","background","4.94","1.7072"
"8415","capitalista","capitalist","4.94","1.7192"
"8416","falando","falando","4.94","1.3463"
"8417","heavy","heavy","4.94","1.8996"
"8418","debe","should","4.94","1.2683"
"8419","aparte","apart","4.92","1.2095"
"8420","disse","disse","4.92","1.2591"
"8421","md","md","4.92","1.3068"
"8422","operaciones","operations","4.92","1.7361"
"8423","normativa","rules","4.92","1.2591"
"8424","llamas","flames","4.92","1.7124"
"8425","señalado","indicated","4.92","1.4824"
"8426","jelsoft","jelsoft","4.92","0.9864"
"8427","ps","ps","4.92","1.2262"
"8428","pasados","past","4.92","1.4263"
"8429","presidencia","presidency","4.92","1.8277"
"8430","kien","kien","4.92","1.3827"
"8431","ordinaria","ordinary","4.92","1.3377"
"8432","asique","so here","4.92","1.0069"
"8433","nit","nit","4.92","1.027"
"8434","v","v","4.92","0.7783"
"8435","sic","sic","4.92","0.9655"
"8436","quite","remove","4.92","1.2095"
"8437","hj","hj","4.92","0.8769"
"8438","temporal","temporary","4.92","1.3068"
"8439","tc","tc","4.92","0.9442"
"8440","afp","afp","4.92","0.8041"
"8441","eles","eles","4.92","0.8041"
"8442","estuvo","was","4.92","0.9655"
"8443","diagnóstico","diagnosis","4.92","1.4263"
"8444","término","term","4.92","1.4546"
"8445","srl","srl","4.92","0.9223"
"8446","acabara","winding","4.92","1.5628"
"8447","pagar","pay","4.92","1.9466"
"8448","essa","essa","4.92","1.0069"
"8449","#pp","# Pp","4.92","1.3679"
"8450","2o11","2o11","4.92","1.7361"
"8451","delegados","Delegates","4.92","1.6884"
"8452","pr","pr","4.92","0.6652"
"8453","presidencial","presidential","4.92","1.8609"
"8454","campusanuncios","Gumtree","4.92","1.5232"
"8455","deriva","drift","4.92","1.5628"
"8456","pare","stop","4.92","1.085"
"8457","nachi","nachi","4.92","1.3827"
"8458","bajo","low","4.92","1.6393"
"8459","dl","dl","4.92","0.8041"
"8460","pasao","pasao","4.92","1.1578"
"8461","pra","pra","4.92","0.8999"
"8462","sem","sem","4.92","0.7783"
"8463","ur","ur","4.92","0.8769"
"8464","ibas","going","4.92","1.3827"
"8465","#masturbarse","# Masturbate","4.92","2.3547"
"8466","acho","acho","4.92","1.3377"
"8467","aya","governess","4.92","1.122"
"8468","kn","kn","4.92","0.9442"
"8469","terminal","terminal","4.92","1.8935"
"8470","ordenanzas","ordinances","4.92","1.4824"
"8471","cmo","how","4.9","0.9949"
"8472","telo","telo","4.9","0.789"
"8473","confesión","confession","4.9","1.4604"
"8474","serio","serious","4.9","1.233"
"8475","¿en","In?","4.9","0.9742"
"8476","uff","uff","4.9","1.5811"
"8477","antes","before","4.9","0.953"
"8478","estubo","Was","4.9","1.165"
"8479","aora","aora","4.9","1.2976"
"8480","gris","gray","4.9","1.5811"
"8481","at","at","4.9","1.233"
"8482","povo","povo","4.9","0.8391"
"8483","operativos","operating","4.9","1.7757"
"8484","ste","ste","4.9","0.9742"
"8485","f","F","4.9","0.7354"
"8486","#mentionto","# Mentionto","4.9","1.1473"
"8487","#chauleandro","# Chauleandro","4.9","1.233"
"8488","t","t","4.9","1.1473"
"8489","procesal","procedural","4.9","1.594"
"8490","restantes","remaining","4.9","1.2976"
"8491","#oscarbuzz","# Oscarbuzz","4.9","1.233"
"8492","muro","wall","4.9","1.4178"
"8493","necesitaba","needed","4.9","1.5286"
"8494","debería","should","4.9","1.2976"
"8495","tuviste","had","4.9","1.3132"
"8496","ción","tion","4.9","1.1995"
"8497","mie","mie","4.9","1.0351"
"8498","escuadra","squad","4.9","1.0926"
"8499","candidatos","candidates","4.9","1.8763"
"8500","corriente","current","4.9","1.4178"
"8501","inspección","inspection","4.9","1.4604"
"8502","aw","aw","4.9","1.632"
"8503","a#o","a # o","4.9","1.1294"
"8504","lembro","Lembro","4.9","1.0351"
"8505","iba","would","4.9","1.165"
"8506","gnu","gnu","4.9","1.3286"
"8507","¿es","Is","4.9","0.8631"
"8508","abogado","lawyer","4.9","2.0228"
"8509","aa","aa","4.9","1.1473"
"8510","sacerdote","priest","4.9","1.9614"
"8511","yoiker","yoiker","4.9","0.8864"
"8512","ut","ut","4.9","1.1294"
"8513","é","é","4.9","0.9313"
"8514","pela","pela","4.9","1.1824"
"8515","llevaban","carried","4.9","1.1294"
"8516","cn","cn","4.9","1.0738"
"8517","p","p","4.88","0.7461"
"8518","tlf","tlf","4.88","0.9613"
"8519","loans","loans","4.88","1.5862"
"8520","necesitamos","need","4.88","1.2395"
"8521","ae","ae","4.88","0.5584"
"8522","ml","ml","4.88","1.0029"
"8523","rs","rs","4.88","0.9398"
"8524","mm","mm","4.88","1.2879"
"8525","flia","flia","4.88","1.2061"
"8526","aguanto","stand","4.88","1.4234"
"8527","lucha","fight","4.88","2.0863"
"8528","pozo","well","4.88","1.3797"
"8529","c","c","4.88","1.023"
"8530","vv","vv","4.88","1.0622"
"8531","kb","kb","4.88","0.773"
"8532","e","and","4.88","0.9613"
"8533","alertas","alerts","4.88","1.3346"
"8534","autoridad","authority","4.88","1.7916"
"8535","gba","gba","4.88","1.1542"
"8536","apenas","just","4.88","1.4377"
"8537","dura","hard","4.88","1.5862"
"8538","fueras","you were","4.88","1.1364"
"8539","¿ya","And?","4.88","1.3649"
"8540","municipales","municipal","4.88","1.1891"
"8541","compleja","complex","4.88","1.6243"
"8542","artificiales","artificial","4.88","1.6368"
"8543","loo","loo","4.88","1.2061"
"8544","fijado","fixed","4.88","1.0029"
"8545","ayuntamiento","town hall","4.88","1.2879"
"8546","nye","nye","4.88","1.2879"
"8547","-->","->","4.88","0.7183"
"8548","menor","less","4.88","1.4518"
"8549","grrr","grrr","4.88","2.0666"
"8550","ix","ix","4.88","0.9613"
"8551","¿para","What for","4.88","1.0622"
"8552","op","op","4.88","1.3192"
"8553","reglas","rules","4.86","1.7025"
"8554","fragmentos","fragments","4.86","1.2779"
"8555","republicano","republican","4.86","1.6904"
"8556","lanzaros","hurl you","4.86","1.143"
"8557","kkkkkk","kkkkkk","4.86","1.5388"
"8558","necesito","need","4.86","1.552"
"8559","mt","mt","4.86","0.9478"
"8560","should","Should","4.86","1.2779"
"8561","nro","nro","4.86","0.8084"
"8562","lun","Mon","4.86","1.1608"
"8563","#imita1tuitero","# Imita1tuitero","4.86","1.3704"
"8564","#nw","# Nw","4.86","1.0882"
"8565","aqi","aqi","4.86","1.3095"
"8566","mim","mim","4.86","1.0882"
"8567","cargas","loads","4.86","1.4848"
"8568","rincón","corner","4.86","1.1954"
"8569","depende","depends","4.86","1.0882"
"8570","virada","tack","4.86","1.2456"
"8571","um","um","4.86","0.7001"
"8572","ú","ú","4.86","0.9478"
"8573","¿porque","Why","4.86","0.9899"
"8574","fuese","was","4.86","1.0692"
"8575","habia","had","4.86","1.1608"
"8576","adolfo","adolfo","4.86","1.1782"
"8577","ay","ay","4.86","1.5651"
"8578","enfermería","nursing","4.86","1.7263"
"8579","deixa","deixa","4.86","1.4287"
"8580","vivían","living","4.86","1.578"
"8581","corto","short","4.86","1.4429"
"8582","quanto","quanto","4.86","1.2124"
"8583","contabilidad","accounting","4.86","1.8071"
"8584","gasolina","gasoline","4.86","1.5651"
"8585","tire","pull","4.86","1.0882"
"8586","#swag","# Swag","4.86","1.2291"
"8587","presupuestos","budgets","4.86","1.5651"
"8588","rm","rm","4.86","0.8084"
"8589","necesitan","need","4.86","1.3999"
"8590","vivía","lived","4.86","1.7144"
"8591","largas","long","4.86","1.6783"
"8592","wait","wait","4.84","1.4479"
"8593","mandaron","sent","4.84","1.1669"
"8594","n't","n't","4.84","0.9765"
"8595","back","back","4.84","1.1843"
"8596","coste","cost","4.84","1.4337"
"8597","dejamos","we","4.84","1.3303"
"8598","acreedor","creditor","4.84","1.9311"
"8599","congreso","congress","4.84","1.5434"
"8600","was","was","4.84","1.1669"
"8601","avda","ave","4.84","0.9765"
"8602","legislativo","legislative","4.84","1.8446"
"8603","pasado","last","4.84","1.5826"
"8604","mínima","minimum","4.84","1.6081"
"8605","d'","d '","4.84","1.0947"
"8606","terapia","therapy","4.84","1.9625"
"8607","ar","ar","4.84","1.0759"
"8608","j","j","4.84","0.9971"
"8609","ft","ft","4.84","0.8172"
"8610","então","então","4.84","1.4194"
"8611","desta","desta","4.84","1.2675"
"8612","il","il","4.84","0.9553"
"8613","tuve","I","4.84","1.6581"
"8614","phpbb","phpbb","4.84","1.1314"
"8615","-d","-D","4.84","1.2513"
"8616","chucha","fuck","4.84","1.5167"
"8617","noxe","noxe","4.84","1.3456"
"8618","cif","cif","4.84","0.9337"
"8619","alcalde","mayor","4.84","1.2993"
"8620","cule","cule","4.84","1.1314"
"8621","quÉ","that","4.84","1.1132"
"8622","to","to","4.84","0.9971"
"8623","esse","esse","4.84","1.0947"
"8624","queee","queee","4.84","1.2182"
"8625","iv","iv","4.84","0.7656"
"8626","seja","seja","4.82","1.1192"
"8627","hubiere","any","4.82","1.4803"
"8628","obispo","bishop","4.82","1.9133"
"8629","cnbc","cnbc","4.82","1.1192"
"8630","efe","efe","4.82","1.0821"
"8631","decretos","decrees","4.82","1.6499"
"8632","of","of","4.82","1.207"
"8633","dsd","dsd","4.82","1.2403"
"8634","loan","loan","4.82","1.3045"
"8635","corrientes","currents","4.82","1.5345"
"8636","esq","esq","4.82","1.0631"
"8637","deja","leaves","4.82","1.2887"
"8638","arm","arm","4.82","1.746"
"8639","vs","vs","4.82","1.5609"
"8640","quee","quee","4.82","1.1551"
"8641","quod","quod","4.82","1.024"
"8642","boe","boe","4.82","1.1551"
"8643","demaciado","demaciado","4.82","1.6374"
"8644","diócesis","diocese","4.82","1.8148"
"8645","belieber","belieber","4.82","2.1542"
"8646","acababa","just","4.82","1.3805"
"8647","detrás","behind","4.82","1.024"
"8648","frío","cold","4.82","1.8811"
"8649","amb","amb","4.82","0.919"
"8650","naaa","naaa","4.82","1.3805"
"8651","xa","xa","4.82","1.207"
"8652","¡¡j","J","4.82","1.1551"
"8653","wea","wea","4.82","1.3805"
"8654","corea","chorea","4.82","1.8148"
"8655","ue","EU","4.82","0.9833"
"8656","bs","bs","4.82","1.2567"
"8657","maje","maje","4.82","1.0039"
"8658","thread","thread","4.82","1.5868"
"8659","apuestas","betting","4.8","1.5386"
"8660","em","em","4.8","1.2778"
"8661","¿se","Do you","4.8","0.9897"
"8662","euskara","Basque","4.8","1.2778"
"8663","fidel","fidel","4.8","1.5119"
"8664","uu","uu","4.8","1.2936"
"8665","lpm","lpm","4.8","1.6537"
"8666","conservador","conservative","4.8","1.6288"
"8667","porq","porq","4.8","1.1066"
"8668","mãe","mãe","4.8","1.3248"
"8669","soporta","supports","4.8","1.3401"
"8670","raja","raja","4.8","1.178"
"8671","#1millionforniall","# 1millionforniall","4.8","1.6782"
"8672","ministerio","ministry","4.8","1.4428"
"8673","issn","issn","4.8","1.1249"
"8674","weon","Weon","4.8","1.4286"
"8675","pedazo","piece","4.8","1.2122"
"8676","obrero","worker","4.8","1.3702"
"8677","vm","vm","4.8","1.1606"
"8678","ii","ii","4.8","1.2778"
"8679","tl","tl","4.8","0.9035"
"8680","kilos","kilos","4.8","1.3702"
"8681","corte","court","4.8","1.3553"
"8682","estatutos","statutes","4.8","1.3851"
"8683","kidrauhl","kidrauhl","4.8","1.088"
"8684","industrialización","industrialization","4.8","1.5386"
"8685","presidente","president","4.8","1.8406"
"8686","ou","ou","4.8","1.2289"
"8687","deberias","you should","4.8","1.3248"
"8688","industriales","industrial","4.8","1.6537"
"8689","né","né","4.8","0.8806"
"8690","correa","belt","4.8","1.2617"
"8691","negro","black","4.8","2.0898"
"8692","quise","wanted","4.8","1.4569"
"8693","tirada","circulation","4.8","1.5386"
"8694","socialismo","socialism","4.78","1.9825"
"8695","colme","fill","4.78","1.4886"
"8696","mysql","mysql","4.78","1.1657"
"8697","acabado","finish","4.78","1.7058"
"8698","mandan","send","4.78","1.4609"
"8699","ter","ter","4.78","0.8873"
"8700","r","r","4.78","1.0554"
"8701","fuiste","were","4.78","1.3893"
"8702","porqe","porqe","4.78","1.9409"
"8703","aunque","although","4.78","0.864"
"8704","cierre","closure","4.78","1.4609"
"8705","hs","hs","4.78","1.1657"
"8706","costo","cost","4.78","1.5158"
"8707","sacerdotes","Priests","4.78","2.2704"
"8708","cadena","chain","4.78","1.7058"
"8709","virrey","viceroy","4.78","1.2171"
"8710","ontem","ontem","4.78","0.975"
"8711","mandó","sent","4.78","1.2824"
"8712","had","had","4.78","1.0934"
"8713","vcs","vcs","4.78","0.91"
"8714","'c","'C","4.78","1.0359"
"8715","dejaba","left","4.78","1.1119"
"8716","tava","tava","4.78","1.4469"
"8717","cia","cia","4.78","1.2982"
"8718","lope","lope","4.78","1.016"
"8719","'s","'S","4.78","1.0554"
"8720","carga","load","4.78","1.4609"
"8721","termino","term","4.78","1.3293"
"8722","fome","fome","4.78","1.4886"
"8723","depois","depois","4.78","1.0934"
"8724","doctrinas","doctrines","4.78","1.6073"
"8725","ahy","ahy","4.76","1.2216"
"8726","apéndice","appendix","4.76","1.3024"
"8727","tuvo","had","4.76","1.2545"
"8728","pq","pq","4.76","1.4507"
"8729","zayn","zayn","4.76","1.3786"
"8730","m","m","4.76","1.0797"
"8731","cl","cl","4.76","0.9161"
"8732","basta","enough","4.76","1.4365"
"8733","cláusula","clause","4.76","1.1168"
"8734","fuegos","fires","4.76","2.036"
"8735","raras","rare","4.76","1.709"
"8736","tomado","taken","4.76","1.7677"
"8737","anho","anho","4.76","1.2867"
"8738","chegar","chegar","4.76","1.3486"
"8739","¿te","Do you","4.76","1.4078"
"8740","operativo","operating","4.76","1.6483"
"8741","tareas","tasks","4.76","1.8688"
"8742","Últimas","Latest","4.76","1.802"
"8743","eclesiástica","ecclesiastical","4.76","1.6728"
"8744","jefes","Heads","4.76","1.8468"
"8745","esperando","hoping for","4.76","1.685"
"8746","diferencias","differences","4.76","1.3486"
"8747","reduce","reduces","4.76","1.5194"
"8748","controlar","control","4.76","1.6358"
"8749","religiosas","religious","4.76","1.7907"
"8750","exige","requires","4.76","1.7792"
"8751","quedaban","were","4.76","1.3637"
"8752","kk","kk","4.76","1.5194"
"8753","evitar","avoid","4.76","1.7328"
"8754","loca","crazy","4.76","2.1243"
"8755","cola","tail","4.74","1.6759"
"8756","¿y","What about","4.74","1.3372"
"8757","partida","game","4.74","1.8932"
"8758","kidrauhl's","kidrauhl's","4.74","1.2747"
"8759","boa","boa","4.74","1.5493"
"8760","peo","ment","4.74","1.1031"
"8761","xk","xk","4.74","1.3822"
"8762","oa","or","4.74","1.0844"
"8763","primitiva","primitive","4.74","1.6513"
"8764","división","division","4.74","1.6759"
"8765","ss","ss","4.74","1.1031"
"8766","solas","alone","4.74","1.7474"
"8767","tt","tt","4.74","1.3822"
"8768","espera","waiting","4.74","1.5361"
"8769","#twoff","# Twoff","4.74","1.0654"
"8770","intervención","intervention","4.74","1.5493"
"8771","muros","walls","4.74","1.1214"
"8772","stop","stop","4.74","1.2906"
"8773","atrás","back","4.74","1.0461"
"8774","anónimo","anonymous","4.74","1.6637"
"8775","au","au","4.74","1.0264"
"8776","conformidad","accordance","4.74","2.0082"
"8777","terminan","end","4.74","1.7001"
"8778","xxx","xxx","4.74","2.1647"
"8779","anterior","previous","4.74","0.8762"
"8780","radicales","radicals","4.74","1.3969"
"8781","licitación","tender","4.74","1.688"
"8782","prestado","taken","4.74","1.6011"
"8783","dejes","let","4.74","1.6011"
"8784","ke","ke","4.72","1.1436"
"8785","à","à","4.72","1.1073"
"8786","pum","pum","4.72","1.5391"
"8787","#okno","# Okno","4.72","1.0698"
"8788","castro","castro","4.72","1.7266"
"8789","qq","qq","4.72","1.1256"
"8790","tá","ta","4.72","1.1073"
"8791","agr","agr","4.72","1.5124"
"8792","calor","heat","4.72","1.9696"
"8793","uns","uns","4.72","1.0309"
"8794","policy","policy","4.72","1.4714"
"8795","pero","but","4.72","1.2129"
"8796","regresiva","regressive","4.72","1.2623"
"8797","fría","cold","4.72","1.8631"
"8798","e'","e '","4.72","1.1436"
"8799","grito","cry","4.72","1.8848"
"8800","corta","cutting","4.72","1.1073"
"8801","pretensión","claim","4.72","1.7028"
"8802","#wtf","# Wtf","4.72","1.9277"
"8803","debían","should","4.72","1.4574"
"8804","non","odd","4.72","1.1073"
"8805","ni","or","4.72","1.0506"
"8806","esperas","expect","4.72","1.4434"
"8807","combatir","fight","4.72","1.9171"
"8808","reducir","reduce","4.72","1.5524"
"8809","termina","ends","4.72","1.8075"
"8810","viejo","old","4.72","1.7847"
"8811","chabon","chabon","4.72","1.2623"
"8812","apr","apr","4.72","1.0887"
"8813","fueron","were","4.7","1.233"
"8814","pucha","Heck","4.7","2.0727"
"8815","#twitteroff","# Twitteroff","4.7","1.5152"
"8816","advierte","warns","4.7","1.4604"
"8817","aduanas","Customs","4.7","1.6444"
"8818","lata","can","4.7","1.2164"
"8819","tira","strip","4.7","1.1473"
"8820","bajos","low","4.7","1.0152"
"8821","advertir","warn","4.7","1.7053"
"8822","fue","was","4.7","1.0546"
"8823","=s","= S","4.7","1.6444"
"8824","alcaldía","mayoralty","4.7","1.4463"
"8825","dejen","leave","4.7","1.4604"
"8826","q","q","4.7","1.165"
"8827","na","na","4.7","0.9949"
"8828","hpta","hpta","4.7","1.594"
"8829","migración","migration","4.7","1.8098"
"8830","ocio","leisure","4.7","2.0825"
"8831","er","er","4.7","1.0738"
"8832","lunes","Monday","4.7","1.7409"
"8833","militar","military","4.7","1.9717"
"8834","banho","banho","4.7","1.2976"
"8835","cierra","closes","4.68","1.3161"
"8836","locura","madness","4.68","2.1327"
"8837","revoluciones","revolutions","4.68","2.0647"
"8838","jurídicas","legal","4.68","1.6343"
"8839","help","help","4.68","1.7779"
"8840","debía","should","4.68","1.5576"
"8841","qien","qien","4.68","0.957"
"8842","tenían","had","4.68","1.4061"
"8843","dejé","left","4.68","1.3915"
"8844","tarifa","rate","4.68","1.9107"
"8845","críticos","critical","4.68","1.6714"
"8846","aunq","aunq","4.68","1.2848"
"8847","saw","saw","4.68","1.9213"
"8848","alquiler","rental","4.68","1.463"
"8849","vv'","vv '","4.68","1.3316"
"8850","rayos","ray","4.68","1.6218"
"8851","#prayforgemma","# Prayforgemma","4.68","1.3768"
"8852","x","x","4.68","1.5312"
"8853","legislativa","legislative","4.68","1.4769"
"8854","huele","smells","4.68","1.4769"
"8855","beliebers","beliebers","4.68","2.2264"
"8856","pese","despite","4.68","1.3161"
"8857","dejan","leave","4.68","1.4061"
"8858","boero","boero","4.68","1.4769"
"8859","¿a","To?","4.68","1.3005"
"8860","factura","bill","4.68","1.5576"
"8861","complejo","complex","4.68","1.9319"
"8862","qu","qu","4.66","1.2224"
"8863","gobernación","governance","4.66","1.6239"
"8864","raro","rare","4.66","1.7333"
"8865","'d","'D","4.66","1.2554"
"8866","chingo","fuck","4.66","2.37"
"8867","ajeno","alien","4.66","1.0422"
"8868","quedaba","was","4.66","1.4514"
"8869","poquito","little","4.66","1.5858"
"8870","duro","hard","4.66","1.9231"
"8871","badajoz","Badajoz","4.66","1.1886"
"8872","ahre","AHRE","4.66","1.0422"
"8873","->","->","4.66","1.1537"
"8874","but","but","4.66","1.0224"
"8875","ordinario","ordinary","4.66","1.0616"
"8876","atras","ago","4.66","1.3342"
"8877","digg","digg","4.66","1.3188"
"8878","#gh2012","# Gh2012","4.66","1.3188"
"8879","sacan","take","4.66","1.0022"
"8880","marcha","march","4.66","1.8473"
"8881","psoe","psoe","4.66","1.3032"
"8882","#lacrudaverdad","# Lacrudaverdad","4.64","1.849"
"8883","policia","police","4.64","1.5221"
"8884","esqe","esqe","4.64","1.2249"
"8885","comando","command","4.64","1.6995"
"8886","waiting","waiting","4.64","1.5354"
"8887","cardenal","cardinal","4.64","1.9034"
"8888","pff","pff","4.64","1.4813"
"8889","hard","hard","4.64","1.663"
"8890","arjona","arjona","4.64","2.1737"
"8891","uu'","uu '","4.64","1.3516"
"8892","medicamentos","drugs","4.64","1.9034"
"8893","nao","nao","4.64","0.9638"
"8894","granos","grain","4.64","1.9563"
"8895","eras","were","4.64","1.3667"
"8896","qk","qk","4.64","1.1739"
"8897","menos","less","4.62","1.2271"
"8898","rebeldes","rebels","4.62","2.3464"
"8899","quando","quando","4.62","1.5894"
"8900","#jarm","# Jarm","4.62","1.1761"
"8901","operación","operation","4.62","1.7484"
"8902","madrugar","rise early","4.62","2.1843"
"8903","autoridades","authorities","4.62","1.6274"
"8904","kon","kon","4.62","1.2436"
"8905","t_t","t_t","4.62","1.689"
"8906","recortes","trimmings","4.62","1.6022"
"8907","jurídica","legal","4.62","1.894"
"8908","fila","row","4.62","1.3536"
"8909","q'","q '","4.62","1.3536"
"8910","tenian","had","4.62","1.3384"
"8911","nel","nel","4.62","1.5504"
"8912","deje","leave","4.62","1.2919"
"8913","deba","should","4.62","1.3231"
"8914","polla","cock","4.62","1.8614"
"8915","panza","belly","4.62","1.6646"
"8916","dependiendo","depending","4.62","1.3384"
"8917","incidencia","incidence","4.62","1.2599"
"8918","nah","nah","4.62","1.4968"
"8919","gritar","shout","4.62","2.0091"
"8920","pija","prick","4.62","1.7484"
"8921","fué","was","4.62","1.2103"
"8922","hubieran","have","4.6","1.1249"
"8923","delegación","delegation","4.6","1.6162"
"8924","legislación","legislation","4.6","1.6782"
"8925","under","under","4.6","1.2617"
"8926","conservadores","Conservatives","4.6","1.4142"
"8927","tipa","chick","4.6","1.5386"
"8928","enano","dwarf","4.6","1.7613"
"8929","pasada","pass","4.6","1.1952"
"8930","espere","wait","4.6","1.1249"
"8931","regimiento","regiment","4.6","1.2778"
"8932","límite","limit","4.6","1.8183"
"8933","dejo","leave","4.6","1.3997"
"8934","ups","ups","4.6","1.5518"
"8935","excepto","except","4.6","1.3248"
"8936","dependiente","dependent","4.6","1.5908"
"8937","comunista","communist","4.6","1.7261"
"8938","echan","cast","4.6","1.3401"
"8939","ninguém","ninguém","4.6","1.2936"
"8940","n","n","4.6","1.088"
"8941","dictamen","opinion","4.6","1.4569"
"8942","pendientes","pending","4.58","1.808"
"8943","wtf","wtf","4.58","1.9804"
"8944","mara","mara","4.58","1.4581"
"8945","qee","qee","4.58","1.1622"
"8946","csm","csm","4.58","1.0897"
"8947","eta","eta","4.58","1.6299"
"8948","obligaciones","liabilities","4.58","1.6299"
"8949","¡pero","But","4.58","1.4441"
"8950","suegra","mother","4.58","2.1198"
"8951","bom","bom","4.58","1.3107"
"8952","não","não","4.58","1.012"
"8953","obligación","obligation","4.58","1.6424"
"8954","tão","tão","4.58","1.2137"
"8955","crítico","critical","4.58","1.8962"
"8956","loco","crazy","4.56","2.0118"
"8957","aug","aug","4.56","1.6801"
"8958","orto","ortho","4.56","1.9183"
"8959","faltaba","missing","4.56","1.5407"
"8960","#justinlovesarm","# Justinlovesarm","4.56","2.0016"
"8961","okno","okno","4.56","1.2643"
"8962","rebelión","rebellion","4.56","2.0718"
"8963","fall","fall","4.56","1.6557"
"8964","peda","peda","4.56","2.6276"
"8965","qe","qe","4.56","1.2316"
"8966","cojo","lame","4.56","1.7515"
"8967","separa","separates","4.56","1.2803"
"8968","límites","bounds","4.56","1.6679"
"8969","soldado","soldier","4.56","1.7162"
"8970","sindicato","union","4.56","1.7043"
"8971","#tsqv","# Tsqv","4.56","1.2803"
"8972","crítica","review","4.56","1.8088"
"8973","procurador","attorney","4.56","1.7631"
"8974","capitalismo","capitalism","4.56","1.6308"
"8975","abajo","below","4.56","1.2643"
"8976","chávez","chávez","4.56","1.7747"
"8977","dieta","diet","4.56","2.1108"
"8978","ruinas","ruins","4.56","2.032"
"8979","cometer","commit","4.56","1.2803"
"8980","minimo","minimum","4.54","1.2969"
"8981","humedad","moisture","4.54","1.6439"
"8982","políticas","policies","4.54","1.4875"
"8983","naa","naa","4.54","1.5281"
"8984","eran","were","4.54","1.2488"
"8985","juez","judge","4.54","1.5414"
"8986","hubieras","had","4.54","1.3126"
"8987","renta","income","4.54","1.4737"
"8988","gubernamental","governmental","4.54","1.5935"
"8989","#noesdedios","# Noesdedios","4.54","2.0021"
"8990","medo","Mede","4.54","1.4028"
"8991","batallón","battalion","4.54","1.7521"
"8992","last","last","4.54","1.6686"
"8993","imperio","empire","4.54","1.9082"
"8994","esque","esque","4.54","1.1466"
"8995","ash","ash","4.54","1.4875"
"8996","expuesto","exposed","4.54","1.3881"
"8997","quedado","left","4.54","1.4598"
"8998","oscuro","dark","4.54","1.5935"
"8999","rajoy","rajoy","4.54","1.5147"
"9000","bah","bah","4.54","1.4458"
"9001","justin","justin","4.54","1.9295"
"9002","devoluciones","Returns","4.54","1.8649"
"9003","aduana","customs","4.52","1.6066"
"9004","debió","due","4.52","1.313"
"9005","requerimientos","requirements","4.52","1.4879"
"9006","tirando","pulling","4.52","1.2162"
"9007","ajena","others","4.52","1.1471"
"9008","desprende","clear","4.52","1.4177"
"9009","sos","sos","4.52","1.8653"
"9010","#horoscopobizarro","# Horoscopobizarro","4.52","1.9085"
"9011","dependencias","dependencies","4.52","1.581"
"9012","paine","paine","4.52","1.5151"
"9013","#chauleonardo","# Chauleonardo","4.52","1.5418"
"9014","partir","from","4.52","1.5939"
"9015","callo","callus","4.52","1.4032"
"9016","denunciar","denounce","4.52","1.8978"
"9017","nunk","nunk","4.52","1.6567"
"9018","rigor","rigor","4.52","1.5285"
"9019","jurisdicción","jurisdiction","4.52","1.432"
"9020","mñn","mñn","4.5","1.3132"
"9021","#off","# Off","4.5","1.3887"
"9022","opuesto","opposite","4.5","1.3887"
"9023","kkkk","kkkk","4.5","1.669"
"9024","nou","nou","4.5","1.2817"
"9025","peaje","toll","4.5","1.3439"
"9026","gravedad","gravity","4.5","2.0228"
"9027","ejecutar","run","4.5","2.2154"
"9028","nose","Nose","4.5","1.3132"
"9029","extrañas","strange","4.5","1.5286"
"9030","uh","uh","4.5","1.2976"
"9031","puff","pouffe","4.5","1.6933"
"9032","burguesía","bourgeoisie","4.5","1.6812"
"9033","#nsn","# Nsn","4.5","1.233"
"9034","obispos","Bishops","4.5","1.9086"
"9035","borrar","delete","4.48","1.5016"
"9036","kkkkk","kkkkk","4.48","1.5016"
"9037","extrañaba","missed","4.48","1.8432"
"9038","duela","stave","4.48","1.7524"
"9039","disolución","dissolution","4.48","1.6318"
"9040","wey","wey","4.48","2.0627"
"9041","cuota","share","4.48","1.6811"
"9042","eclesiásticos","ecclesiastical","4.48","1.7407"
"9043","regímenes","regimes","4.48","1.4032"
"9044","dark","dark","4.48","1.9192"
"9045","propaganda","propaganda","4.48","1.432"
"9046","why","why","4.48","1.1822"
"9047","old","old","4.48","1.4032"
"9048","inmigrantes","immigrants","4.48","1.555"
"9049","jeito","jeito","4.46","1.2488"
"9050","fire","fire","4.46","1.5677"
"9051","away","away","4.46","1.5546"
"9052","sombras","shades","4.46","1.4458"
"9053","últimas","latest","4.46","1.5677"
"9054","ocupado","occupied","4.46","1.328"
"9055","urgente","urgent","4.46","1.5281"
"9056","patrón","pattern","4.46","1.9189"
"9057","tiro","shot","4.46","1.4172"
"9058","ultimas","last","4.46","1.5546"
"9059","viejas","old","4.46","1.7521"
"9060","alcaldes","Mayors","4.46","1.4316"
"9061","tirado","discarded","4.46","1.2651"
"9062","electoral","electoral","4.46","1.7286"
"9063","zombie","zombie","4.46","2.1113"
"9064","politica","policy","4.46","1.9919"
"9065","divisiones","divisions","4.46","1.1104"
"9066","tope","top","4.46","1.2488"
"9067","ido","gone","4.46","1.3126"
"9068","meo","meo","4.46","1.5546"
"9069","calderón","calderón","4.44","2.1868"
"9070","presa","dam","4.44","1.6679"
"9071","apaga","off","4.44","1.473"
"9072","chin","chin","4.44","1.6433"
"9073","complejidad","complexity","4.44","1.6557"
"9074","extraña","strange","4.44","1.7861"
"9075","borrachera","binge","4.44","2.4341"
"9076","estava","estava","4.44","1.1278"
"9077","juicio","trial","4.44","1.7398"
"9078","a*o","a * or","4.44","1.248"
"9079","costos","costs","4.44","1.2643"
"9080","ctm","ctm","4.44","1.4165"
"9081","boluda","boluda","4.44","1.5274"
"9082","cuesta","slope","4.44","1.4591"
"9083","trámite","process","4.44","1.9183"
"9084","jueces","judges","4.44","1.3118"
"9085","olvidare","forget","4.44","1.7515"
"9086","exámenes","exams","4.44","1.8534"
"9087","dominación","domination","4.42","2.1004"
"9088","hubiese","had","4.42","1.0708"
"9089","tributaria","tax","4.42","1.4441"
"9090","x_x","x_x","4.42","2.0413"
"9091","sólo","only","4.42","1.8416"
"9092","legislatura","legislature","4.42","1.6548"
"9093","mames","Mam","4.42","2.2596"
"9094","funcionario","official","4.42","1.5131"
"9095","peña","rock","4.42","1.9176"
"9096","ano","anus","4.42","1.6914"
"9097","anales","annals","4.4","1.7957"
"9098","funcionarios","officials","4.4","1.7957"
"9099","tenía","had","4.4","1.1952"
"9100","desconocido","unknown","4.4","1.4569"
"9101","leave","leave","4.4","1.6782"
"9102","gobernador","governor","4.4","1.8183"
"9103","proletariado","proletariat","4.4","1.906"
"9104","filas","rows","4.4","1.5119"
"9105","dejare","fails","4.38","1.3384"
"9106","dependientes","dependent","4.38","1.6769"
"9107","anos","years","4.38","1.689"
"9108","polémica","controversy","4.38","1.3536"
"9109","pfff","pfff","4.38","1.7366"
"9110","electorales","election","4.38","1.6022"
"9111","#preguntasquenoquieroel2012","# Preguntasquenoquieroel2012","4.38","1.6149"
"9112","jefe","chief","4.38","1.8394"
"9113","senado","senate","4.38","1.8614"
"9114","capitalistas","capitalists","4.36","1.7585"
"9115","obligatorio","mandatory","4.36","1.7815"
"9116","fiscal","fiscal","4.36","1.6258"
"9117","pica","pica","4.36","1.3962"
"9118","cuotas","fees","4.36","1.6874"
"9119","reducción","reduction","4.36","1.7585"
"9120","jyjcometoargentina","jyjcometoargentina","4.36","1.8043"
"9121","pito","whistle","4.36","2.1737"
"9122","usados","used","4.36","1.4394"
"9123","cant","cant","4.36","1.3962"
"9124","u_u","u_u","4.36","1.8818"
"9125","acreedores","creditors","4.36","1.5487"
"9126","mota","speck","4.34","2.2643"
"9127","soporto","stand","4.34","1.4086"
"9128","esperar","wait","4.34","1.6612"
"9129","deben","should","4.34","1.4086"
"9130","fuga","leak","4.34","1.7333"
"9131","usado","used","4.34","1.493"
"9132","peroo","peroo","4.34","1.1359"
"9133","pega","sticking","4.34","1.8473"
"9134","inquietud","restlessness","4.34","1.7683"
"9135","mandato","mandate","4.34","1.5729"
"9136","--->","--->","4.34","1.2875"
"9137","gasto","spending","4.34","1.3494"
"9138","examen","examination","4.34","1.5201"
"9139","cargos","charges","4.34","1.5334"
"9140","porno","Porn","4.34","2.5921"
"9141","federales","federal","4.32","1.8999"
"9142","seco","dry","4.32","1.6468"
"9143","manches","manches","4.32","1.4348"
"9144","caes","fall","4.32","1.2526"
"9145","cansa","tired","4.32","1.463"
"9146","ningún","no","4.32","1.3468"
"9147","tenia","tapeworm","4.32","1.5576"
"9148","disminuir","decrease","4.32","1.3005"
"9149","jurídico","legal","4.32","1.6468"
"9150","lejos","away","4.32","1.6468"
"9151","tirar","throw","4.3","1.359"
"9152","canse","tired","4.3","1.2495"
"9153","dependencia","dependence","4.3","2.0429"
"9154","fuero","charter","4.3","1.3286"
"9155","pocos","few","4.3","1.233"
"9156","ayy","ayy","4.3","1.5286"
"9157","dejas","leave","4.3","1.6194"
"9158","dejaron","left","4.3","1.4178"
"9159","urge","urges","4.3","1.488"
"9160","gubernamentales","government","4.3","1.7871"
"9161","reducido","reduced","4.3","1.374"
"9162","macho","male","4.3","1.6194"
"9163","ptm","ptm","4.28","1.7961"
"9164","colonización","colonization","4.28","1.6542"
"9165","drunk","drunk","4.28","2.1"
"9166","monarquía","monarchy","4.28","1.7733"
"9167","fuera","out","4.28","1.4852"
"9168","juicios","judgments","4.28","1.874"
"9169","olvida","forget","4.28","1.2623"
"9170","manifestaciones","manifestations","4.28","1.7266"
"9171","bajas","low","4.26","1.2423"
"9172","clero","clergy","4.26","1.7706"
"9173","cuartel","barracks","4.26","1.5093"
"9174","tenias","Tapeworms","4.26","1.0844"
"9175","liquidación","liquidation","4.26","2.1928"
"9176","denuncia","complaint","4.26","1.8273"
"9177","dejando","leaving","4.26","1.4957"
"9178","nada","nothing","4.26","1.7357"
"9179","rara","rare","4.26","1.4542"
"9180","Última","Last","4.24","1.546"
"9181","dejado","left","4.24","1.4223"
"9182","pelotuda","asshole","4.24","2.0057"
"9183","seca","dry","4.24","1.1877"
"9184","mínimo","minimum","4.24","1.598"
"9185","exigencias","requirements","4.24","1.6107"
"9186","órdenes","orders","4.24","1.3486"
"9187","forget","forget","4.24","1.7792"
"9188","extraño","strange","4.24","1.8578"
"9189","colmo","height","4.24","1.546"
"9190","#agarratechavezqueesteañotevas","# Agarratechavezqueesteañotevas","4.24","2.0057"
"9191","judicial","judicial","4.24","1.7445"
"9192","tránsito","transit","4.22","1.8215"
"9193","nono","ninth","4.22","1.3138"
"9194","richter","richter","4.22","1.6573"
"9195","caiga","fall","4.22","1.4327"
"9196","nadaa","nadaa","4.22","1.7296"
"9197","fin","end","4.22","1.7761"
"9198","oposiciones","oppositions","4.22","1.3746"
"9199","comunistas","Communists","4.22","1.9197"
"9200","hdp","hdp","4.22","1.7296"
"9201","cayo","cay","4.22","1.4327"
"9202","hospitales","hospitals","4.22","2.0232"
"9203","bruja","witch","4.22","2.0533"
"9204","militares","military","4.22","1.9197"
"9205","ayyy","ayyy","4.22","1.4886"
"9206","poca","little","4.22","1.2171"
"9207","sed","thirst","4.22","1.5945"
"9208","awkward","awkward","4.2","1.7023"
"9209","contrario","contrary","4.2","1.5908"
"9210","perras","bitches","4.2","2.0504"
"9211","tropas","troops","4.2","1.8295"
"9212","soportar","bear","4.2","1.7023"
"9213","soldados","soldiers","4.2","1.9691"
"9214","blood","blood","4.2","1.6036"
"9215","juzgado","court","4.2","1.5649"
"9216","cerrar","close","4.2","1.5386"
"9217","ultima","last","4.2","1.5779"
"9218","dejar","leave","4.2","1.2778"
"9219","oposición","opposition","4.2","1.807"
"9220","kkk","kkk","4.2","1.8626"
"9221","over","over","4.2","1.5649"
"9222","ejército","army","4.2","2.0404"
"9223","cerdo","pork","4.2","1.8626"
"9224","debes","you","4.2","1.4286"
"9225","inmigración","immigration","4.2","1.5518"
"9226","marico","marico","4.2","1.4846"
"9227","sola","single","4.2","2.1285"
"9228","tabaco","snuff","4.2","2.1381"
"9229","tarifas","rates","4.18","1.4803"
"9230","infantería","infantry","4.18","1.6622"
"9231","canso","tired","4.18","1.024"
"9232","gritando","screaming","4.18","1.7807"
"9233","desierto","desert","4.18","1.7807"
"9234","calla","calla","4.18","1.3045"
"9235","caza","hunting","4.18","1.924"
"9236","ningun","product","4.18","1.3045"
"9237","absurdo","absurd","4.18","1.8035"
"9238","vano","vain","4.16","1.4049"
"9239","terminamos","end","4.16","1.7884"
"9240","poco","little","4.16","1.4896"
"9241","bobo","fool","4.16","1.7066"
"9242","fiscales","tax","4.16","1.5301"
"9243","nothing","nothing","4.16","1.4758"
"9244","perra","bitch","4.16","2.0239"
"9245","salinas","saltworks","4.16","2.044"
"9246","inevitable","inevitable","4.16","1.5167"
"9247","don't","do","4.14","1.0692"
"9248","minoría","minority","4.14","1.325"
"9249","dudo","doubt","4.14","1.3999"
"9250","tribunales","courts","4.14","1.4144"
"9251","última","last","4.14","1.9274"
"9252","gobiernos","governments","4.14","1.8845"
"9253","faltan","missing","4.14","1.3095"
"9254","consecuencia","consequence","4.12","1.9234"
"9255","pocas","few","4.12","1.272"
"9256","pesar","weigh","4.12","1.686"
"9257","mortal","mortal","4.12","2.3616"
"9258","indirectas","indirect","4.12","1.5732"
"9259","debo","I","4.12","1.8029"
"9260","cayó","fell","4.12","1.5471"
"9261","nop","nop","4.12","1.5862"
"9262","olvides","forget","4.12","1.3346"
"9263","juzgar","judge","4.12","1.5338"
"9264","dejaste","left","4.12","1.599"
"9265","caigo","fall","4.12","1.3649"
"9266","cadenas","chains","4.12","1.6616"
"9267","régimen","regime","4.12","1.686"
"9268","debiendo","must","4.12","1.5205"
"9269","vezes","vezes","4.12","1.6616"
"9270","out","out","4.12","1.409"
"9271","afecta","affects","4.1","1.5286"
"9272","tampoco","neither","4.1","1.2976"
"9273","polvo","dust","4.1","1.6568"
"9274","olvide","forget","4.1","1.4743"
"9275","primitivo","primitive","4.1","1.359"
"9276","doesn't","does","4.1","1.1294"
"9277","restos","remains","4.1","1.4033"
"9278","unfollow","unfollow","4.1","1.2495"
"9279","dejarlo","leave","4.1","1.5017"
"9280","ultimo","last","4.1","1.8544"
"9281","humo","smoke","4.1","1.5682"
"9282","alejarse","move away","4.1","1.4463"
"9283","nulidad","nullity","4.1","1.5286"
"9284","#fail","# Fail","4.1","1.9821"
"9285","hubiera","would","4.1","1.3132"
"9286","residuos","waste","4.08","1.3068"
"9287","end","end","4.08","1.5628"
"9288","senador","senator","4.08","1.8827"
"9289","extraÑo","strange","4.08","1.6517"
"9290","ninguna","no","4.08","1.3529"
"9291","cartel","poster","4.08","1.771"
"9292","cojones","balls","4.08","2.23"
"9293","combate","combat","4.08","2.3285"
"9294","cago","cago","4.08","2.2843"
"9295","dudas","doubts","4.08","1.4961"
"9296","bush","bush","4.08","1.7939"
"9297","comunismo","communism","4.08","1.6517"
"9298","falte","missing","4.08","1.2262"
"9299","hangover","hangover","4.08","2.1461"
"9300","pendiente","slope","4.06","1.2683"
"9301","lose","lose","4.06","1.596"
"9302","falto","short","4.06","1.0956"
"9303","solita","alone","4.06","1.6464"
"9304","granada","pomegranate","4.06","1.8451"
"9305","pegar","paste","4.06","1.596"
"9306","¿no","Is not","4.06","1.5308"
"9307","sancho","sancho","4.06","1.834"
"9308","mancha","spot","4.06","1.4057"
"9309","exceso","excess","4.06","1.634"
"9310","sin","without","4.06","1.1851"
"9311","baja","drop","4.06","0.9982"
"9312","consecuencias","impact","4.04","1.5644"
"9313","auditoría","audit","4.04","1.6777"
"9314","Últimos","Last","4.04","1.8066"
"9315","síntomas","symptoms","4.04","1.5774"
"9316","disminución","decrease","4.04","1.0294"
"9317","duda","doubt","4.04","1.261"
"9318","extrañe","miss","4.04","1.7838"
"9319","vieja","old woman","4.02","1.6098"
"9320","damn","damn","4.02","1.6098"
"9321","sorry","sorry","4.02","2.0252"
"9322","quita","removes","4.02","1.2856"
"9323","limitación","limitation","4.02","1.9534"
"9324","distancia","distance","4.02","1.6962"
"9325","callejero","street","4.02","1.943"
"9326","preocupes","worry","4.02","1.7082"
"9327","retirada","withdrawal","4.02","1.6962"
"9328","olvidaste","Forgot","4.02","1.1692"
"9329","nadie","nobody","4.02","1.6224"
"9330","sindicatos","unions","4.02","1.8897"
"9331","abogados","lawyers","4.02","1.6597"
"9332","pego","hit","4","1.6537"
"9333","caen","fall","4","1.4286"
"9334","off","off","4","1.4142"
"9335","dejó","left","4","1.4569"
"9336","sobras","leftovers","4","1.4708"
"9337","limitaciones","limitations","4","1.8516"
"9338","dejame","let me","4","1.4428"
"9339","ultimos","last","4","1.5253"
"9340","rendición","surrender","3.98","1.4497"
"9341","pelotudo","asshole","3.98","1.672"
"9342","armada","armada","3.98","1.7437"
"9343","desactivado","Off","3.98","1.3323"
"9344","suspensión","suspension","3.98","1.7201"
"9345","solo","single","3.98","1.505"
"9346","cagar","shit","3.98","1.9324"
"9347","drama","drama","3.98","2.0453"
"9348","oscuridad","darkness","3.98","1.8897"
"9349","reducida","reduced","3.98","1.1865"
"9350","queme","burn","3.98","1.3923"
"9351","últimos","last","3.96","1.8512"
"9352","protesta","protest","3.96","1.8731"
"9353","cagado","shit","3.96","2.1281"
"9354","críticas","Reviews","3.96","1.5513"
"9355","pretexto","pretext","3.96","1.1773"
"9356","limita","limited","3.94","1.2521"
"9357","#justinto16millionbeliebers","# Justinto16millionbeliebers","3.94","2.0244"
"9358","nojoda","nojoda","3.94","1.7072"
"9359","vete","go","3.94","1.766"
"9360","limitada","limited","3.94","1.4626"
"9361","separado","separate","3.94","1.3157"
"9362","impedir","prevent","3.94","1.5308"
"9363","descenso","decline","3.92","1.3223"
"9364","obliga","forces","3.92","1.6762"
"9365","limitado","limited","3.92","1.7594"
"9366","dejarme","me","3.92","1.8499"
"9367","inferiores","lower","3.92","1.4263"
"9368","didn't","did","3.92","1.4263"
"9369","dont","dont","3.92","1.3827"
"9370","ex","ex","3.92","1.4961"
"9371","contra","against","3.92","1.5232"
"9372","fucking","fucking","3.92","2.4977"
"9373","ninguno","none","3.92","1.3974"
"9374","vietnam","Vietnam","3.9","1.7642"
"9375","riesgos","risks","3.9","1.9404"
"9376","Último","Last","3.9","1.7757"
"9377","faltar","lack","3.9","1.2976"
"9378","embargo","embargo","3.9","1.7173"
"9379","afectan","affect","3.9","1.6933"
"9380","''no","No''","3.9","1.5017"
"9381","política","policy","3.9","1.8211"
"9382","cae","falls","3.9","0.9091"
"9383","paro","arrest","3.9","1.4178"
"9384","alarma","alarm","3.88","1.4658"
"9385","exclusión","exclusion","3.88","1.5602"
"9386","gobernadores","governors","3.88","1.6243"
"9387","cero","zero","3.88","1.686"
"9388","goodbye","goodbye","3.88","2.0765"
"9389","borrados","deleted","3.88","1.4377"
"9390","nunca","never","3.88","1.7454"
"9391","arde","burns","3.88","1.6616"
"9392","rompe","breaks","3.88","1.6738"
"9393","weba","weba","3.88","1.599"
"9394","irte","go","3.88","1.7571"
"9395","cai","cai","3.88","1.6368"
"9396","olvidar","forget","3.88","1.4797"
"9397","bieber","bieber","3.88","1.8029"
"9398","legislador","legislator","3.88","1.4377"
"9399","mamada","suck","3.88","2.4548"
"9400","not","not","3.88","1.5471"
"9401","borracha","drunk","3.86","2.2132"
"9402","pesado","heavy","3.86","1.3403"
"9403","falta","lack","3.86","1.4848"
"9404","desaparecer","disappear","3.86","1.552"
"9405","#foreveralone","# Foreveralone","3.86","2.4496"
"9406","ácido","acid","3.86","1.4144"
"9407","estrictamente","strictly","3.86","1.2456"
"9408","gobernantes","rulers","3.86","1.5651"
"9409","without","without","3.84","1.4337"
"9410","boludo","idiot","3.84","1.6826"
"9411","celo","zeal","3.84","1.4337"
"9412","riesgo","risk","3.84","1.6458"
"9413","resacon","Hangover","3.84","1.2993"
"9414","lento","slow","3.84","1.2014"
"9415","arzobispo","archbishop","3.84","1.7422"
"9416","borrada","deleted","3.82","1.5477"
"9417","confusión","confusion","3.82","1.5345"
"9418","sindical","union","3.82","1.2887"
"9419","mantenido","kept","3.82","1.7106"
"9420","—no","-No","3.82","1.3045"
"9421","emo","emo","3.82","1.5077"
"9422","irme","go","3.82","1.5609"
"9423","borrachos","drunk","3.82","2.201"
"9424","sentencias","sentences","3.82","1.6249"
"9425","impone","imposes","3.8","1.8295"
"9426","inconveniente","drawback","3.8","1.7261"
"9427","ruido","noise","3.8","1.6537"
"9428","hueva","roe","3.8","1.9272"
"9429","adiós","adieu","3.8","1.8626"
"9430","caducada","Expired","3.8","1.8516"
"9431","-no","-No","3.8","1.4428"
"9432","síndrome","syndrome","3.78","1.4748"
"9433","judiciales","judicial","3.78","1.7058"
"9434","worry","worry","3.78","1.753"
"9435","mamen","mamen","3.78","2.0232"
"9436","denuncias","complaints","3.78","1.7413"
"9437","presiones","pressures","3.78","1.5292"
"9438","imponer","impose","3.78","1.6449"
"9439","escasos","scarce","3.78","1.6817"
"9440","fumando","smoking","3.78","2.1121"
"9441","jurídicos","legal","3.78","1.2824"
"9442","contraria","contrary","3.78","1.3746"
"9443","obstáculos","obstacles","3.78","1.7058"
"9444","presión","pressure","3.78","1.7058"
"9445","cigarro","cigar","3.76","1.9437"
"9446","ocultar","hide","3.76","1.135"
"9447","impuesto","tax","3.76","1.4078"
"9448","complicado","complicated","3.76","1.7445"
"9449","flojera","weakness","3.76","1.7792"
"9450","never","never","3.76","1.598"
"9451","jamas","never","3.76","1.685"
"9452","irse","go","3.76","1.4786"
"9453","bipolar","bipolar","3.76","1.8578"
"9454","armadas","armed","3.76","1.7328"
"9455","bieberconda","bieberconda","3.74","1.7935"
"9456","político","political","3.74","1.6759"
"9457","pedo","fart","3.74","2.1458"
"9458","crack","crack","3.74","1.8715"
"9459","#mecagosienel2012","# Mecagosienel2012","3.74","2.088"
"9460","lenta","slow","3.74","1.4259"
"9461","extrañar","surprise","3.72","1.7961"
"9462","pierdas","miss","3.72","1.4434"
"9463","hospital","hospital","3.72","2.1575"
"9464","fingir","pretend","3.72","1.5654"
"9465","carece","lacks","3.72","1.2461"
"9466","ejércitos","armies","3.72","2.0607"
"9467","jamás","never","3.72","1.6908"
"9468","vil","vile","3.72","1.8299"
"9469","won't","will not","3.72","1.3254"
"9470","impide","prevents","3.72","1.4291"
"9471","vacíos","empty","3.72","1.7384"
"9472","quitar","remove","3.7","1.5419"
"9473","artillería","artillery","3.7","1.8211"
"9474","tribunal","court","3.7","1.5419"
"9475","ausente","absent","3.7","1.233"
"9476","contradicción","contradiction","3.7","1.3439"
"9477","down","down","3.7","1.3286"
"9478","nostalgia","nostalgia","3.7","2.1689"
"9479","caer","fall","3.7","1.4743"
"9480","último","last","3.7","1.8098"
"9481","reggaeton","reggaeton","3.7","2.3755"
"9482","socorro","relief","3.7","1.9614"
"9483","romper","break","3.7","1.4743"
"9484","incómodo","uncomfortable","3.68","1.6835"
"9485","#muriopolino","# Muriopolino","3.66","1.3793"
"9486","boba","boba","3.66","1.891"
"9487","faltas","faults","3.64","1.2249"
"9488","feos","ugly","3.64","1.8156"
"9489","lost","lost","3.64","1.8818"
"9490","preocupa","concerned","3.64","1.3962"
"9491","perdio","lost","3.64","1.5221"
"9492","cirugía","surgery","3.64","1.8156"
"9493","monopolio","monopoly","3.62","1.7248"
"9494","gorda","fat woman","3.62","1.7944"
"9495","discusión","discussion","3.62","2.0393"
"9496","olvidarte","forget","3.62","1.3834"
"9497","obligado","bound","3.62","1.5765"
"9498","indiferencia","indifference","3.62","1.6769"
"9499","lastima","hurts","3.62","1.427"
"9500","gilipollas","asshole","3.62","1.783"
"9501","excusa","excuse","3.6","1.5779"
"9502","dificultad","difficulty","3.6","1.3851"
"9503","bitches","bitches","3.6","2.1946"
"9504","nervios","jitters","3.6","1.3401"
"9505","bitch","bitch","3.6","1.906"
"9506","olvidado","lost","3.6","1.4428"
"9507","despedir","dismiss","3.6","1.9378"
"9508","tiros","shooting","3.6","1.5119"
"9509","nooo","nooo","3.6","1.7023"
"9510","ciego","blind","3.58","1.4155"
"9511","negar","deny","3.58","1.4441"
"9512","manipulación","handling","3.58","1.295"
"9513","auxilio","help","3.58","1.7272"
"9514","borracho","drunk","3.58","1.8962"
"9515","persecución","persecution","3.58","1.5661"
"9516","manifestación","manifestation","3.56","1.4868"
"9517","cansado","tired","3.56","1.3426"
"9518","escasa","low","3.56","1.4591"
"9519","sangre","blood","3.56","1.8644"
"9520","desconectado","offline","3.56","1.7043"
"9521","trámites","formalities","3.56","1.445"
"9522","afraid","afraid","3.56","1.5005"
"9523","escaso","scarce","3.56","1.402"
"9524","cacique","cacique","3.54","1.5546"
"9525","gritos","shouting","3.54","1.5935"
"9526","dificil","difficult","3.54","1.3734"
"9527","penal","penal","3.54","1.6563"
"9528","niega","denies","3.54","1.2969"
"9529","merda","merda","3.54","1.5806"
"9530","armado","armed","3.52","1.729"
"9531","restricciones","restrictions","3.52","1.6689"
"9532","olvidarme","forget","3.52","1.4177"
"9533","culo","ass","3.52","2.2428"
"9534","pierda","miss","3.52","1.4032"
"9535","desorden","disorder","3.52","1.581"
"9536","cagando","shitting","3.52","2.1019"
"9537","trafico","traffic","3.52","1.9298"
"9538","graves","serious","3.52","1.982"
"9539","impossible","impossible","3.52","1.8097"
"9540","bruto","gross","3.5","1.8434"
"9541","gastos","expenses","3.5","1.2657"
"9542","can't","can not","3.5","1.4463"
"9543","mamadas","blowjobs","3.5","2.3321"
"9544","¡no","No","3.5","1.5286"
"9545","iva","iva","3.5","1.9086"
"9546","coño","pussy","3.5","1.7757"
"9547","joder","fuck","3.5","1.9299"
"9548","cansada","tired","3.5","1.5017"
"9549","pedos","farts","3.5","1.6933"
"9550","sacrificios","sacrifices","3.5","1.9614"
"9551","eliminación","elimination","3.5","1.7173"
"9552","tensión","tension","3.5","1.374"
"9553","pinches","pinches","3.5","1.5419"
"9554","preocupación","concern","3.48","1.764"
"9555","temo","fear","3.48","1.5016"
"9556","ebria","drunk","3.48","2.0726"
"9557","tembló","trembled","3.48","1.6811"
"9558","políticos","political","3.48","1.9192"
"9559","alone","alone","3.48","2.0428"
"9560","susto","scare","3.48","1.568"
"9561","senadores","Senators","3.48","1.4741"
"9562","perdidos","Lost","3.48","1.7984"
"9563","aburro","bored","3.48","1.3886"
"9564","difícil","difficult","3.48","1.581"
"9565","feas","ugly","3.48","1.4462"
"9566","noo","noo","3.46","1.4028"
"9567","quemar","burn","3.46","1.4598"
"9568","vih","hiv","3.46","1.9082"
"9569","tos","cough","3.46","1.2324"
"9570","ebrio","drunk","3.44","1.9914"
"9571","putas","whores","3.44","2.5806"
"9572","batalla","battle","3.44","1.728"
"9573","inconvenientes","drawbacks","3.44","1.402"
"9574","obligados","required","3.44","1.2316"
"9575","spam","spam","3.44","1.3577"
"9576","eliminar","remove","3.44","1.3426"
"9577","crudo","crude","3.42","1.295"
"9578","perjuicios","damages","3.42","1.7034"
"9579","cabrones","bastards","3.42","1.8745"
"9580","armas","arms","3.42","2.0212"
"9581","deterioro","deterioration","3.42","1.4155"
"9582","defectos","defects","3.42","1.5661"
"9583","olvido","oblivion","3.42","1.4721"
"9584","perjuicio","damage","3.42","1.3262"
"9585","trastornos","disorders","3.4","1.8183"
"9586","imperialismo","imperialism","3.4","1.3851"
"9587","arrepiento","sorry","3.4","1.7613"
"9588","gobierno","government","3.4","1.4846"
"9589","roto","broken","3.4","1.4286"
"9590","pierden","lose","3.38","1.3536"
"9591","problemática","problematic","3.38","1.7248"
"9592","sacrificio","sacrifice","3.38","1.968"
"9593","demandas","demands","3.38","1.76"
"9594","sentencia","sentence","3.38","1.6399"
"9595","obstáculo","obstacle","3.38","1.6274"
"9596","urgencia","urgency","3.38","1.5104"
"9597","fuck","fuck","3.38","2.1275"
"9598","cerrado","closed","3.38","1.276"
"9599","caído","fallen","3.38","1.5635"
"9600","mortalidad","mortality","3.36","2.0179"
"9601","renuncia","resignation","3.36","1.3516"
"9602","renuncias","waivers","3.36","1.0451"
"9603","pinche","scullion","3.36","1.9458"
"9604","lie","lie","3.36","1.6995"
"9605","vacío","empty","3.36","1.7114"
"9606","joda","Fuck","3.36","1.9873"
"9607","sanción","sanction","3.36","1.6507"
"9608","molesta","upset","3.36","1.5877"
"9609","temblo","tremor","3.36","1.5086"
"9610","terror","terror","3.36","2.4139"
"9611","no","not","3.34","1.4086"
"9612","inferior","lower","3.34","1.1359"
"9613","ejecución","execution","3.34","2.1534"
"9614","imposibilidad","impossibility","3.34","1.6977"
"9615","ladilla","crabs","3.34","1.7798"
"9616","aburrido","boring","3.34","1.3793"
"9617","noooooo","noooooo","3.34","1.8584"
"9618","zorra","bitch","3.34","1.8473"
"9619","quemando","burning","3.34","1.7096"
"9620","contradicciones","contradictions","3.34","1.394"
"9621","tonta","silly","3.34","1.8026"
"9622","imposible","impossible","3.32","1.7313"
"9623","celosa","jealous","3.32","1.5576"
"9624","cabrón","bastard","3.32","2.0247"
"9625","quema","burning","3.32","1.5444"
"9626","equivocada","wrong","3.32","0.9781"
"9627","adios","bye","3.32","1.7893"
"9628","stupid","stupid","3.32","1.7431"
"9629","envidio","envy","3.3","1.6568"
"9630","debilidad","weakness","3.3","1.374"
"9631","débiles","weak","3.3","1.4178"
"9632","fallo","failure","3.28","1.3856"
"9633","preocuparse","worry","3.28","1.6665"
"9634","cancelar","cancel","3.28","1.4988"
"9635","sucio","dirty","3.28","1.4003"
"9636","bloquear","block","3.28","1.3099"
"9637","armados","armed","3.28","1.7501"
"9638","exilio","exile","3.28","1.4574"
"9639","déficit","deficit","3.28","1.7733"
"9640","carajo","fuck","3.28","1.7847"
"9641","huelga","strike","3.28","1.5391"
"9642","soledad","loneliness","3.28","2.1669"
"9643","pereza","laziness","3.28","1.7617"
"9644","caída","fall","3.28","1.2461"
"9645","harta","sick","3.28","1.6908"
"9646","problem","problem","3.28","1.4148"
"9647","discusiones","discussions","3.26","1.8049"
"9648","gordo","fat","3.26","1.4542"
"9649","despedida","farewell","3.26","1.7935"
"9650","difíciles","difficult","3.26","1.5493"
"9651","emergencia","emergency","3.26","1.7001"
"9652","cruda","hangover","3.26","1.8161"
"9653","ausencia","absence","3.26","1.5884"
"9654","perdi","lost","3.26","1.2257"
"9655","arma","weapon","3.26","2.0683"
"9656","error","error","3.26","1.4401"
"9657","caro","expensive","3.26","1.7239"
"9658","verga","cock","3.24","2.0953"
"9659","wars","wars","3.24","2.2996"
"9660","pecado","sin","3.24","2.026"
"9661","cagan","shit","3.24","2.1147"
"9662","tráfico","traffic","3.22","1.6573"
"9663","pierdo","lose","3.22","1.753"
"9664","aburrimiento","boredom","3.22","1.4327"
"9665","tontos","Fools","3.22","1.2337"
"9666","incomodo","uncomfortable","3.22","1.5292"
"9667","ataques","attacks","3.22","1.5292"
"9668","chinga","fuck","3.22","1.6938"
"9669","dificultades","difficulties","3.2","1.2617"
"9670","celoso","jealous","3.2","1.4708"
"9671","jode","fuck","3.2","1.5779"
"9672","feo","ugly","3.2","1.3553"
"9673","detenido","arrested","3.2","1.5518"
"9674","falsa","false","3.2","1.3248"
"9675","ruina","ruin","3.2","1.8295"
"9676","defecto","default","3.2","1.1429"
"9677","aburrida","boring","3.2","1.4428"
"9678","jodas","fuck","3.2","1.7143"
"9679","discapacidad","disability","3.2","1.666"
"9680","earthquake","earthquake","3.2","1.8406"
"9681","demanda","demand","3.2","1.5386"
"9682","nooooo","nooooo","3.18","1.8592"
"9683","haters","haters","3.18","1.6866"
"9684","fumar","smoke","3.18","2.2195"
"9685","vicios","vices","3.18","1.5996"
"9686","aburre","bored","3.18","1.3354"
"9687","caga","shit","3.18","1.5077"
"9688","carencia","lack","3.18","1.6123"
"9689","discutir","discuss","3.18","1.6744"
"9690","daños","damage","3.18","1.7106"
"9691","malas","bad","3.16","1.6081"
"9692","perdí","I lost","3.16","1.4758"
"9693","pierdes","lose","3.16","1.2182"
"9694","asco","disgust","3.16","1.8111"
"9695","censura","censorship","3.16","1.4337"
"9696","wrong","wrong","3.16","1.6581"
"9697","sanciones","sanctions","3.16","1.5167"
"9698","perdiendo","losing","3.16","1.6826"
"9699","sometidos","submitted","3.16","1.5301"
"9700","diputado","deputy","3.14","1.6661"
"9701","insomnio","insomnia","3.14","2.0103"
"9702","bronca","anger","3.14","1.512"
"9703","noooo","noooo","3.14","1.6037"
"9704","peores","worst","3.14","1.578"
"9705","resaca","hangover","3.14","1.5254"
"9706","estupidez","stupidity","3.12","1.6243"
"9707","prohibido","prohibited","3.12","1.5862"
"9708","desaparición","disappearance","3.1","1.6067"
"9709","fiebre","fever","3.1","1.6812"
"9710","cry","cry","3.1","1.6812"
"9711","falla","failure","3.1","1.6067"
"9712","perdió","lost","3.1","1.669"
"9713","pérdidas","losses","3.1","1.6568"
"9714","perdiste","lost","3.1","1.8323"
"9715","perdida","Lost","3.1","1.5551"
"9716","pierde","loses","3.1","1.3887"
"9717","tonto","fool","3.1","1.594"
"9718","falsos","false","3.08","1.122"
"9719","multa","fine","3.08","1.3679"
"9720","problema","problem","3.08","1.9149"
"9721","diablo","devil","3.08","1.8827"
"9722","quejas","complaints","3.08","1.0069"
"9723","decadencia","decay","3.08","1.4546"
"9724","incapacidad","inability","3.08","1.1036"
"9725","mori","mori","3.08","1.5628"
"9726","pobre","poor","3.08","1.3068"
"9727","imposición","imposition","3.08","1.8609"
"9728","golpe","blow","3.06","1.5039"
"9729","inútil","useless","3.06","1.4486"
"9730","shit","shit","3.06","1.596"
"9731","chingada","fuck","3.06","2.1515"
"9732","peligros","dangers","3.06","1.8003"
"9733","rata","rat","3.06","1.5308"
"9734","aislamiento","isolation","3.06","1.3311"
"9735","llore","cry","3.06","1.5174"
"9736","hell","hell","3.06","1.671"
"9737","mala","bad","3.06","1.3763"
"9738","fea","ugly","3.06","1.3001"
"9739","venganza","revenge","3.04","2.1089"
"9740","prisioneros","prisoners","3.04","1.4978"
"9741","abandono","abandonment","3.04","1.6031"
"9742","sufrido","taken","3.04","1.4702"
"9743","llora","cries","3.04","1.5248"
"9744","pena","penalty","3.04","1.1773"
"9745","pérdida","loss","3.04","1.7723"
"9746","callate","Shut","3.02","1.5318"
"9747","harto","sick","3.02","1.5318"
"9748","mal","wrong","3.02","1.6349"
"9749","débil","weak","3.02","1.2856"
"9750","idiotas","idiots","3.02","1.8349"
"9751","golpes","knocking","3.02","2.1043"
"9752","ira","anger","3.02","1.672"
"9753","prohibida","prohibited","3.02","1.3626"
"9754","cague","shit","3.02","1.5971"
"9755","impuestos","taxation","3","1.5518"
"9756","lloré","cried","3","1.8626"
"9757","falsas","false","3","1.4983"
"9758","cabron","asshole","3","1.7843"
"9759","inflación","inflation","3","1.4708"
"9760","penas","penalties","3","1.3553"
"9761","lagrima","tear","2.98","1.3626"
"9762","llorando","in tears","2.98","1.6841"
"9763","lástima","shame","2.98","1.1516"
"9764","errores","errors","2.98","1.0971"
"9765","vergüenza","shame","2.98","1.3323"
"9766","temblor","tremor","2.98","1.8012"
"9767","cansancio","fatigue","2.98","1.3923"
"9768","deudor","debtor","2.96","1.2447"
"9769","ignorancia","ignorance","2.96","1.4136"
"9770","condena","conviction","2.96","1.8066"
"9771","mentira","lie","2.96","1.3696"
"9772","afectados","affected","2.96","1.5774"
"9773","problemas","problems","2.94","1.731"
"9774","prohibición","ban","2.94","1.3463"
"9775","dolores","pains","2.94","1.544"
"9776","incorrecta","incorrect","2.92","1.1578"
"9777","detesto","hate","2.92","1.5628"
"9778","bala","bullet","2.92","1.4546"
"9779","sometido","submitted","2.92","1.4546"
"9780","daño","damage","2.92","1.7478"
"9781","lágrima","tear","2.92","1.7004"
"9782","abandonar","leave","2.92","1.3827"
"9783","pelea","fight","2.92","1.6142"
"9784","peor","worse","2.9","1.6194"
"9785","peleas","fights","2.9","1.488"
"9786","bad","bad","2.88","1.2879"
"9787","malos","bad","2.88","1.5205"
"9788","puta","bitch","2.88","2.1537"
"9789","sismo","seism","2.88","1.4934"
"9790","males","ills","2.88","1.507"
"9791","hambre","hunger","2.88","1.6492"
"9792","hate","hate","2.88","1.7219"
"9793","perder","lose","2.88","1.6117"
"9794","llores","Weep","2.88","1.7337"
"9795","mosquitos","mosquitoes","2.88","1.2879"
"9796","ilegal","illegal","2.88","1.5205"
"9797","pelear","quarrel","2.88","1.5338"
"9798","marica","sissy","2.88","1.5471"
"9799","celos","jealousy","2.88","1.6117"
"9800","perdidas","lost","2.88","1.3797"
"9801","invasión","invasion","2.86","1.5651"
"9802","estupida","stupid","2.86","1.3704"
"9803","ruptura","rupture","2.86","1.325"
"9804","deuda","debt","2.84","1.2014"
"9805","vicio","vice","2.84","1.5826"
"9806","rabia","rage","2.84","1.4619"
"9807","estúpido","stupid","2.84","1.6458"
"9808","verguenza","shame","2.84","1.5032"
"9809","vencido","defeated","2.84","1.5954"
"9810","lamento","lament","2.84","1.4619"
"9811","engañar","cheat","2.84","1.6208"
"9812","lesiones","injuries","2.84","1.6704"
"9813","herida","wound","2.84","1.2349"
"9814","lloras","cry","2.84","1.4479"
"9815","culpa","fault","2.82","1.3805"
"9816","duelen","hurt","2.82","1.3506"
"9817","guerras","wars","2.82","2.2469"
"9818","separación","separation","2.82","1.4941"
"9819","jodiendo","fucking","2.82","1.4525"
"9820","molestar","disturb","2.82","1.2403"
"9821","tumba","tomb","2.8","1.8626"
"9822","diputados","MPs","2.8","1.5253"
"9823","ataque","attack","2.8","1.4569"
"9824","desaparecido","missing","2.8","1.7843"
"9825","idiota","idiot","2.8","1.5649"
"9826","pri","first","2.8","1.8952"
"9827","dictadura","dictatorship","2.8","1.5908"
"9828","gripe","flu","2.8","1.2289"
"9829","inquisición","inquisition","2.8","1.7023"
"9830","abandonado","abandoned","2.78","1.6573"
"9831","falso","false","2.78","1.3746"
"9832","perdido","lost","2.78","0.9957"
"9833","pendeja","asshole","2.78","2.0131"
"9834","rechazo","rejection","2.78","1.5556"
"9835","heridas","wounds","2.78","1.5945"
"9836","enojo","anger","2.78","1.4748"
"9837","negativa","negative","2.78","1.2337"
"9838","muero","die","2.78","2.0131"
"9839","violenta","violent","2.78","1.8327"
"9840","estupido","stupid","2.76","1.5722"
"9841","pendejos","assholes","2.76","2.036"
"9842","caca","poop","2.76","1.5722"
"9843","pendejadas","bullshit","2.76","1.9012"
"9844","molesto","annoying","2.76","1.3334"
"9845","apocalipsis","apocalypse","2.74","2.1074"
"9846","pleito","lawsuit","2.74","1.192"
"9847","enemigos","enemies","2.74","1.6011"
"9848","temor","fear","2.74","1.3822"
"9849","viuda","widow","2.72","1.4003"
"9850","maldita","damn","2.72","1.6787"
"9851","cagada","shit","2.7","1.9821"
"9852","mentir","lie","2.7","1.2976"
"9853","lloro","cry","2.7","1.4743"
"9854","castigo","punishment","2.7","1.6812"
"9855","mentiras","lie","2.7","1.5682"
"9856","diabetes","diabetes","2.7","1.4463"
"9857","derrota","defeat","2.7","1.7173"
"9858","puto","fucking","2.68","2.0745"
"9859","virus","virus","2.68","1.2027"
"9860","brutal","brutal","2.68","1.5312"
"9861","enfermos","sick","2.68","1.812"
"9862","peligroso","dangerous","2.68","1.9107"
"9863","basura","trash","2.68","1.2027"
"9864","destruir","destroy","2.66","1.7215"
"9865","sad","sad","2.66","1.5729"
"9866","mata","bush","2.66","1.8473"
"9867","quiebra","bankruptcy","2.66","1.394"
"9868","condenado","condemned","2.66","1.493"
"9869","tiranía","tyranny","2.66","1.5598"
"9870","trauma","trauma","2.64","1.5354"
"9871","horror","horror","2.64","1.495"
"9872","preso","prisoner","2.64","1.6005"
"9873","incendio","fire","2.62","1.3686"
"9874","horrible","horrible","2.62","1.4412"
"9875","malo","bad","2.62","1.0859"
"9876","envidia","envy","2.62","1.689"
"9877","bomba","pump","2.6","1.4983"
"9878","duele","hurts","2.6","1.1429"
"9879","llorar","mourn","2.6","1.9272"
"9880","mierdas","shit","2.6","1.5779"
"9881","enemigo","enemy","2.58","1.2631"
"9882","terremotos","earthquakes","2.58","1.7853"
"9883","pobres","poor","2.58","1.4581"
"9884","grave","serious","2.58","1.6174"
"9885","escasez","shortage","2.56","1.473"
"9886","delitos","crimes","2.56","1.473"
"9887","accidentes","accidents","2.56","1.728"
"9888","conflictos","conflicts","2.56","1.6679"
"9889","accidente","accident","2.56","1.6922"
"9890","tristes","sad","2.56","1.3273"
"9891","balas","bullets","2.56","1.8088"
"9892","represión","repression","2.56","1.567"
"9893","mierda","shit","2.56","1.6308"
"9894","estúpida","stupid","2.54","1.5012"
"9895","deudas","liabilities","2.54","1.5546"
"9896","odia","hates","2.54","1.6315"
"9897","conflicto","conflict","2.52","1.0736"
"9898","presos","prisoners","2.52","1.2162"
"9899","peligro","danger","2.52","1.2816"
"9900","desprecio","contempt","2.52","1.6932"
"9901","negativo","negative","2.52","1.4741"
"9902","drogas","drugs","2.52","1.9716"
"9903","sufriendo","suffering","2.5","1.6812"
"9904","droga","drug","2.5","1.7173"
"9905","putos","fucking","2.5","1.8323"
"9906","desastre","disaster","2.5","1.0738"
"9907","crisis","crisis","2.5","1.7053"
"9908","tsunami","tsunami","2.5","1.5152"
"9909","sufrí","suffered","2.48","1.313"
"9910","preocupaciones","concerns","2.46","1.3433"
"9911","fatal","fatal","2.46","1.7049"
"9912","#accidentedomestico","# Accidentedomestico","2.46","1.4737"
"9913","abusos","abuse","2.44","1.5005"
"9914","culpable","guilty","2.44","1.0333"
"9915","pendejo","stupid","2.44","1.7398"
"9916","die","die","2.44","1.6433"
"9917","destrucción","destruction","2.44","1.4309"
"9918","quemado","burned","2.42","1.1968"
"9919","terremoto","earthquake","2.42","1.7034"
"9920","sufre","suffers","2.4","1.5908"
"9921","enfermedad","disease","2.4","1.2936"
"9922","enfermo","sick","2.38","1.3536"
"9923","incendios","Fire","2.36","1.3962"
"9924","lagrimas","tears","2.36","1.4394"
"9925","víctimas","victims","2.36","1.3516"
"9926","delito","crime","2.36","1.5221"
"9927","herido","wounded","2.36","1.3056"
"9928","sufrir","suffer","2.36","1.4394"
"9929","enferma","sick","2.36","1.1563"
"9930","criminal","criminal","2.34","1.3793"
"9931","insoportable","insupportable","2.34","1.0806"
"9932","sufrimiento","suffering","2.34","1.493"
"9933","corrupción","corruption","2.34","1.8363"
"9934","lágrimas","tears","2.34","1.423"
"9935","cruel","cruel","2.34","1.2056"
"9936","miedo","fear","2.32","1.1683"
"9937","angustia","anguish","2.32","1.2196"
"9938","infierno","hell","2.3","1.7757"
"9939","malditos","damn","2.3","1.3439"
"9940","dead","dead","2.3","1.8098"
"9941","terrible","terrible","2.28","1.2461"
"9942","jodido","fucking","2.28","1.1787"
"9943","robo","theft","2.26","1.0654"
"9944","contaminación","contamination","2.26","1.4401"
"9945","prisión","prison","2.26","1.3219"
"9946","explotación","exploitation","2.24","1.2216"
"9947","heridos","wounded","2.24","1.0412"
"9948","maldito","damn","2.24","1.2048"
"9949","abuso","abuse","2.22","1.2824"
"9950","amenaza","threat","2.22","1.2824"
"9951","vomitar","vomit","2.22","1.1119"
"9952","muerto","dead","2.22","1.7761"
"9953","tristeza","sadness","2.18","1.2237"
"9954","mato","mato","2.16","1.4619"
"9955","muriendo","dying","2.16","1.6333"
"9956","pobreza","poverty","2.14","1.2938"
"9957","fracaso","failure","2.14","1.2938"
"9958","triste","sad","2.14","1.3852"
"9959","doloroso","painful","2.1","1.2164"
"9960","crimen","crime","2.1","1.2976"
"9961","mueren","die","2.1","1.7642"
"9962","desempleo","unemployment","2.1","1.3132"
"9963","cárcel","jail","2.08","1.5758"
"9964","odiar","hate","2.08","1.5365"
"9965","discriminación","discrimination","2.06","1.0956"
"9966","desgracia","misfortune","2.04","1.4136"
"9967","enfermedades","diseases","2.04","1.3991"
"9968","víctima","victim","2.04","1.0294"
"9969","balazos","gunshots","2.04","1.1773"
"9970","war","war","2.04","1.6777"
"9971","violencia","violence","2.04","1.4702"
"9972","robar","steal","2.02","1.1865"
"9973","esclavos","slaves","2.02","1.4497"
"9974","falleció","died","2","1.7728"
"9975","injusticia","injustice","1.98","1.0398"
"9976","dolor","pain","1.98","1.1156"
"9977","muera","die","1.94","1.4486"
"9978","muertos","dead","1.92","1.5097"
"9979","odio","hatred","1.92","1.3068"
"9980","cadáver","corpse","1.9","0.9949"
"9981","miseria","misery","1.9","1.2976"
"9982","matan","kill","1.9","1.4033"
"9983","asesinato","murder","1.88","1.6738"
"9984","muerta","dead","1.86","1.7025"
"9985","death","death","1.82","1.3506"
"9986","sida","AIDS","1.82","1.3952"
"9987","fallecido","deceased","1.8","1.5518"
"9988","morir","die","1.8","1.3093"
"9989","guerra","war","1.78","1.2337"
"9990","muere","dies","1.76","1.2867"
"9991","fallece","dies","1.76","1.4923"
"9992","tragedia","tragedy","1.74","1.0264"
"9993","murio","died","1.74","1.4542"
"9994","esclavitud","slavery","1.72","1.2784"
"9995","violación","violation","1.66","1.3188"
"9996","cáncer","cancer","1.66","1.3494"
"9997","matar","kill","1.66","1.5467"
"9998","matando","killing","1.64","0.9848"
"9999","murió","died","1.62","1.2103"
"10000","muerte","death","1.54","1.1104"